date,competition,home_team,away_team,home_yellow_cards,away_yellow_cards,home_red_cards,away_red_cards,home_corners,away_corners,had_penalty_shootout
1958-06-24,FIFA World Cup,Brazil,France,,,,,8.0,5.0,False
1958-06-29,FIFA World Cup,Brazil,Sweden,,,,,13.0,8.0,False
1962-05-30,FIFA World Cup,Brazil,Mexico,,,,,7.0,2.0,False
1970-06-04,FIFA World Cup,Brazil,Czechoslovakia,,,,,3.0,6.0,False
1970-06-07,FIFA World Cup,Brazil,England,,,,,6.0,4.0,False
1970-06-10,FIFA World Cup,Brazil,Romania,,,,,8.0,4.0,False
1970-06-14,FIFA World Cup,Brazil,Peru,,,,,8.0,6.0,False
1970-06-18,FIFA World Cup,Brazil,Uruguay,,,,,5.0,2.0,False
1970-06-21,FIFA World Cup,Brazil,Italy,,,,,4.0,6.0,False
1974-06-19,FIFA World Cup,Netherlands,Sweden,,,,,5.0,2.0,False
1974-06-22,FIFA World Cup,German DR,Germany,,,,,3.0,10.0,False
1974-06-26,FIFA World Cup,Netherlands,Argentina,,,,,5.0,1.0,False
1974-06-30,FIFA World Cup,German DR,Netherlands,,,,,4.0,6.0,False
1974-07-03,FIFA World Cup,Netherlands,Brazil,,,,,3.0,1.0,False
1974-07-07,FIFA World Cup,Netherlands,Germany,,,,,10.0,10.0,False
1979-09-07,FIFA U20 World Cup,Argentina U20,Soviet Union U20,,,,,8.0,2.0,False
1986-06-22,FIFA World Cup,Argentina,England,,,,,4.0,6.0,False
1986-06-26,FIFA World Cup,Argentina,Belgium,,,,,6.0,5.0,False
1986-06-29,FIFA World Cup,Argentina,Germany,,,,,8.0,6.0,False
1990-06-24,FIFA World Cup,Brazil,Argentina,,,,,11.0,4.0,False
2006-06-09,national_team_competition,Germany,Costa Rica,0.0,1.0,0.0,0.0,,,False
2006-06-09,national_team_competition,Poland,Ecuador,1.0,2.0,0.0,0.0,,,False
2006-06-10,national_team_competition,Argentina,Côte d'Ivoire,3.0,2.0,0.0,0.0,,,False
2006-06-10,national_team_competition,England,Paraguay,2.0,1.0,0.0,0.0,,,False
2006-06-10,national_team_competition,Trinidad and Tobago,Sweden,2.0,1.0,1.0,0.0,,,False
2006-06-11,national_team_competition,Angola,Portugal,3.0,2.0,0.0,0.0,,,False
2006-06-11,national_team_competition,Mexico,Iran,2.0,1.0,0.0,0.0,,,False
2006-06-11,national_team_competition,Serbia and Montenegro,Netherlands,4.0,2.0,0.0,0.0,,,False
2006-06-12,national_team_competition,Australia,Japan,4.0,3.0,0.0,0.0,,,False
2006-06-12,national_team_competition,Italy,Ghana,3.0,2.0,0.0,0.0,,,False
2006-06-12,national_team_competition,USA,Czech Republic,2.0,4.0,0.0,0.0,,,False
2006-06-13,national_team_competition,Brazil,Croatia,1.0,3.0,0.0,0.0,,,False
2006-06-13,national_team_competition,France,Switzerland,3.0,5.0,0.0,0.0,,,False
2006-06-13,national_team_competition,South Korea,Togo,2.0,3.0,0.0,1.0,,,False
2006-06-14,national_team_competition,Germany,Poland,3.0,3.0,0.0,1.0,,,False
2006-06-14,national_team_competition,Spain,Ukraine,0.0,2.0,0.0,1.0,,,False
2006-06-14,national_team_competition,Tunisia,Saudi Arabia,4.0,0.0,0.0,0.0,,,False
2006-06-15,national_team_competition,Ecuador,Costa Rica,3.0,2.0,0.0,0.0,,,False
2006-06-15,national_team_competition,England,Trinidad and Tobago,1.0,5.0,0.0,0.0,,,False
2006-06-15,national_team_competition,Sweden,Paraguay,3.0,4.0,0.0,0.0,,,False
2006-06-16,national_team_competition,Argentina,Serbia and Montenegro,1.0,3.0,0.0,1.0,,,False
2006-06-16,national_team_competition,Mexico,Angola,1.0,4.0,0.0,1.0,,,False
2006-06-16,national_team_competition,Netherlands,Côte d'Ivoire,4.0,3.0,0.0,0.0,,,False
2006-06-17,national_team_competition,Czech Republic,Ghana,1.0,6.0,1.0,0.0,,,False
2006-06-17,national_team_competition,Italy,USA,2.0,1.0,1.0,2.0,,,False
2006-06-17,national_team_competition,Portugal,Iran,3.0,4.0,0.0,0.0,,,False
2006-06-18,national_team_competition,Brazil,Australia,3.0,2.0,0.0,0.0,,,False
2006-06-18,national_team_competition,France,South Korea,2.0,2.0,0.0,0.0,,,False
2006-06-18,national_team_competition,Japan,Croatia,3.0,2.0,0.0,0.0,,,False
2006-06-19,national_team_competition,Saudi Arabia,Ukraine,3.0,3.0,0.0,0.0,,,False
2006-06-19,national_team_competition,Spain,Tunisia,2.0,6.0,0.0,0.0,,,False
2006-06-19,national_team_competition,Togo,Switzerland,3.0,1.0,0.0,0.0,,,False
2006-06-20,national_team_competition,Costa Rica,Poland,5.0,5.0,0.0,0.0,,,False
2006-06-20,national_team_competition,Ecuador,Germany,1.0,1.0,0.0,0.0,,,False
2006-06-20,national_team_competition,Paraguay,Trinidad and Tobago,2.0,2.0,0.0,0.0,,,False
2006-06-20,national_team_competition,Sweden,England,2.0,1.0,0.0,0.0,,,False
2006-06-21,national_team_competition,Côte d'Ivoire,Serbia and Montenegro,3.0,4.0,1.0,1.0,,,False
2006-06-21,national_team_competition,Iran,Angola,3.0,3.0,0.0,0.0,,,False
2006-06-21,national_team_competition,Netherlands,Argentina,3.0,2.0,0.0,0.0,,,False
2006-06-21,national_team_competition,Portugal,Mexico,4.0,4.0,0.0,1.0,,,False
2006-06-22,national_team_competition,Croatia,Australia,5.0,1.0,2.0,1.0,,,False
2006-06-22,national_team_competition,Czech Republic,Italy,1.0,1.0,1.0,0.0,,,False
2006-06-22,national_team_competition,Ghana,USA,4.0,2.0,0.0,0.0,,,False
2006-06-22,national_team_competition,Japan,Brazil,1.0,1.0,0.0,0.0,,,False
2006-06-23,national_team_competition,Saudi Arabia,Spain,2.0,3.0,0.0,0.0,,,False
2006-06-23,national_team_competition,Switzerland,South Korea,5.0,5.0,0.0,0.0,,,False
2006-06-23,national_team_competition,Togo,France,3.0,1.0,0.0,0.0,,,False
2006-06-23,national_team_competition,Ukraine,Tunisia,4.0,3.0,0.0,1.0,,,False
2006-06-24,national_team_competition,Argentina,Mexico,2.0,4.0,0.0,0.0,,,False
2006-06-24,national_team_competition,Germany,Sweden,1.0,3.0,0.0,1.0,,,False
2006-06-25,national_team_competition,England,Ecuador,3.0,3.0,0.0,0.0,,,False
2006-06-25,national_team_competition,Portugal,Netherlands,7.0,5.0,2.0,2.0,,,False
2006-06-26,national_team_competition,Italy,Australia,3.0,3.0,1.0,0.0,,,False
2006-06-26,national_team_competition,Switzerland,Ukraine,0.0,0.0,0.0,0.0,,,True
2006-06-27,national_team_competition,Brazil,Ghana,2.0,5.0,0.0,1.0,,,False
2006-06-27,national_team_competition,Spain,France,1.0,3.0,0.0,0.0,,,False
2006-06-30,national_team_competition,Germany,Argentina,3.0,4.0,0.0,1.0,,,True
2006-06-30,national_team_competition,Italy,Ukraine,0.0,3.0,0.0,0.0,,,False
2006-07-01,national_team_competition,England,Portugal,2.0,2.0,1.0,0.0,,,True
2006-07-01,national_team_competition,France,Brazil,3.0,4.0,0.0,0.0,,,False
2006-07-04,national_team_competition,Germany,Italy,2.0,1.0,0.0,0.0,,,False
2006-07-05,national_team_competition,Portugal,France,1.0,1.0,0.0,0.0,,,False
2006-07-08,national_team_competition,Germany,Portugal,2.0,3.0,0.0,0.0,,,False
2006-07-09,national_team_competition,Italy,France,1.0,3.0,0.0,1.0,,,True
2008-06-07,national_team_competition,Portugal,Turkiye,0.0,3.0,0.0,0.0,,,False
2008-06-07,national_team_competition,Switzerland,Czech Republic,3.0,0.0,0.0,0.0,,,False
2008-06-08,national_team_competition,Austria,Croatia,3.0,1.0,0.0,0.0,,,False
2008-06-08,national_team_competition,Germany,Poland,1.0,2.0,0.0,0.0,,,False
2008-06-09,national_team_competition,Netherlands,Italy,1.0,3.0,0.0,0.0,,,False
2008-06-09,national_team_competition,Romania,France,3.0,1.0,0.0,0.0,,,False
2008-06-10,national_team_competition,Greece,Sweden,3.0,0.0,0.0,0.0,,,False
2008-06-10,national_team_competition,Spain,Russia,0.0,0.0,0.0,0.0,,,False
2008-06-11,national_team_competition,Czech Republic,Portugal,1.0,1.0,0.0,0.0,,,False
2008-06-11,national_team_competition,Switzerland,Turkiye,1.0,3.0,0.0,0.0,,,False
2008-06-12,national_team_competition,Austria,Poland,2.0,3.0,0.0,0.0,,,False
2008-06-12,national_team_competition,Croatia,Germany,4.0,2.0,0.0,1.0,,,False
2008-06-13,national_team_competition,Italy,Romania,2.0,3.0,0.0,0.0,,,False
2008-06-13,national_team_competition,Netherlands,France,1.0,2.0,0.0,0.0,,,False
2008-06-14,national_team_competition,Greece,Russia,2.0,2.0,0.0,0.0,,,False
2008-06-14,national_team_competition,Sweden,Spain,1.0,1.0,0.0,0.0,,,False
2008-06-15,national_team_competition,Switzerland,Portugal,4.0,4.0,0.0,0.0,,,False
2008-06-15,national_team_competition,Turkiye,Czech Republic,4.0,3.0,1.0,0.0,,,False
2008-06-16,national_team_competition,Austria,Germany,3.0,0.0,0.0,0.0,,,False
2008-06-16,national_team_competition,Poland,Croatia,2.0,2.0,0.0,0.0,,,False
2008-06-17,national_team_competition,France,Italy,4.0,3.0,1.0,0.0,,,False
2008-06-17,national_team_competition,Netherlands,Romania,0.0,1.0,0.0,0.0,,,False
2008-06-18,national_team_competition,Greece,Spain,3.0,2.0,0.0,0.0,,,False
2008-06-18,national_team_competition,Russia,Sweden,3.0,2.0,0.0,0.0,,,False
2008-06-19,national_team_competition,Portugal,Germany,3.0,2.0,0.0,0.0,,,False
2008-06-20,national_team_competition,Croatia,Turkiye,0.0,4.0,0.0,0.0,,,False
2008-06-21,national_team_competition,Netherlands,Russia,3.0,3.0,0.0,0.0,,,False
2008-06-22,national_team_competition,Spain,Italy,3.0,1.0,0.0,0.0,,,True
2008-06-25,national_team_competition,Germany,Turkiye,0.0,2.0,0.0,0.0,,,False
2008-06-26,national_team_competition,Russia,Spain,2.0,0.0,0.0,0.0,,,False
2008-06-29,national_team_competition,Germany,Spain,2.0,2.0,0.0,0.0,,,False
2010-06-11,national_team_competition,South Africa,Mexico,2.0,2.0,0.0,0.0,,,False
2010-06-11,national_team_competition,Uruguay,France,3.0,3.0,1.0,0.0,,,False
2010-06-12,national_team_competition,Argentina,Nigeria,1.0,1.0,0.0,0.0,,,False
2010-06-12,national_team_competition,England,USA,3.0,3.0,0.0,0.0,,,False
2010-06-12,national_team_competition,South Korea,Greece,0.0,1.0,0.0,0.0,,,False
2010-06-13,national_team_competition,Algeria,Slovenia,2.0,2.0,1.0,0.0,,,False
2010-06-13,national_team_competition,Germany,Australia,2.0,3.0,0.0,1.0,,,False
2010-06-13,national_team_competition,Serbia,Ghana,3.0,2.0,1.0,0.0,,,False
2010-06-14,national_team_competition,Italy,Paraguay,1.0,1.0,0.0,0.0,,,False
2010-06-14,national_team_competition,Japan,Cameroon,1.0,1.0,0.0,0.0,,,False
2010-06-14,national_team_competition,Netherlands,Denmark,2.0,1.0,0.0,0.0,,,False
2010-06-15,national_team_competition,Brazil,North Korea,1.0,0.0,0.0,0.0,,,False
2010-06-15,national_team_competition,Côte d'Ivoire,Portugal,2.0,1.0,0.0,0.0,,,False
2010-06-15,national_team_competition,New Zealand,Slovakia,2.0,1.0,0.0,0.0,,,False
2010-06-16,national_team_competition,Honduras,Chile,1.0,2.0,0.0,0.0,,,False
2010-06-16,national_team_competition,South Africa,Uruguay,2.0,0.0,1.0,0.0,,,False
2010-06-16,national_team_competition,Spain,Switzerland,0.0,4.0,0.0,0.0,,,False
2010-06-17,national_team_competition,Argentina,South Korea,3.0,2.0,0.0,0.0,,,False
2010-06-17,national_team_competition,France,Mexico,2.0,4.0,0.0,0.0,,,False
2010-06-17,national_team_competition,Greece,Nigeria,3.0,1.0,0.0,1.0,,,False
2010-06-18,national_team_competition,England,Algeria,1.0,1.0,0.0,0.0,,,False
2010-06-18,national_team_competition,Germany,Serbia,4.0,4.0,1.0,0.0,,,False
2010-06-18,national_team_competition,Slovenia,USA,4.0,1.0,0.0,0.0,,,False
2010-06-19,national_team_competition,Cameroon,Denmark,2.0,2.0,0.0,0.0,,,False
2010-06-19,national_team_competition,Ghana,Australia,3.0,1.0,0.0,1.0,,,False
2010-06-19,national_team_competition,Netherlands,Japan,1.0,0.0,0.0,0.0,,,False
2010-06-20,national_team_competition,Brazil,Côte d'Ivoire,1.0,3.0,1.0,0.0,,,False
2010-06-20,national_team_competition,Italy,New Zealand,0.0,3.0,0.0,0.0,,,False
2010-06-20,national_team_competition,Slovakia,Paraguay,3.0,1.0,0.0,0.0,,,False
2010-06-21,national_team_competition,Chile,Switzerland,6.0,3.0,0.0,1.0,,,False
2010-06-21,national_team_competition,Portugal,North Korea,2.0,2.0,0.0,0.0,,,False
2010-06-21,national_team_competition,Spain,Honduras,0.0,2.0,0.0,0.0,,,False
2010-06-22,national_team_competition,France,South Africa,0.0,0.0,1.0,0.0,,,False
2010-06-22,national_team_competition,Greece,Argentina,1.0,1.0,0.0,0.0,,,False
2010-06-22,national_team_competition,Mexico,Uruguay,2.0,1.0,0.0,0.0,,,False
2010-06-22,national_team_competition,Nigeria,South Korea,3.0,1.0,0.0,0.0,,,False
2010-06-23,national_team_competition,Australia,Serbia,3.0,2.0,0.0,0.0,,,False
2010-06-23,national_team_competition,Ghana,Germany,1.0,1.0,0.0,0.0,,,False
2010-06-23,national_team_competition,Slovenia,England,3.0,1.0,0.0,0.0,,,False
2010-06-23,national_team_competition,USA,Algeria,2.0,3.0,0.0,1.0,,,False
2010-06-24,national_team_competition,Cameroon,Netherlands,2.0,3.0,0.0,0.0,,,False
2010-06-24,national_team_competition,Denmark,Japan,3.0,2.0,0.0,0.0,,,False
2010-06-24,national_team_competition,Paraguay,New Zealand,2.0,1.0,0.0,0.0,,,False
2010-06-24,national_team_competition,Slovakia,Italy,4.0,4.0,0.0,0.0,,,False
2010-06-25,national_team_competition,Chile,Spain,3.0,0.0,1.0,0.0,,,False
2010-06-25,national_team_competition,North Korea,Côte d'Ivoire,0.0,0.0,0.0,0.0,,,False
2010-06-25,national_team_competition,Portugal,Brazil,4.0,3.0,0.0,0.0,,,False
2010-06-25,national_team_competition,Switzerland,Honduras,1.0,4.0,0.0,0.0,,,False
2010-06-26,national_team_competition,USA,Ghana,3.0,2.0,0.0,0.0,,,False
2010-06-26,national_team_competition,Uruguay,South Korea,0.0,3.0,0.0,0.0,,,False
2010-06-27,national_team_competition,Argentina,Mexico,0.0,1.0,0.0,0.0,,,False
2010-06-27,national_team_competition,Germany,England,1.0,1.0,0.0,0.0,,,False
2010-06-28,national_team_competition,Brazil,Chile,2.0,3.0,0.0,0.0,,,False
2010-06-28,national_team_competition,Netherlands,Slovakia,2.0,3.0,0.0,0.0,,,False
2010-06-29,national_team_competition,Paraguay,Japan,1.0,4.0,0.0,0.0,,,True
2010-06-29,national_team_competition,Spain,Portugal,1.0,1.0,0.0,1.0,,,False
2010-07-02,national_team_competition,Netherlands,Brazil,4.0,1.0,0.0,1.0,,,False
2010-07-02,national_team_competition,Uruguay,Ghana,3.0,3.0,1.0,0.0,,,True
2010-07-03,national_team_competition,Argentina,Germany,2.0,1.0,0.0,0.0,,,False
2010-07-03,national_team_competition,Paraguay,Spain,4.0,2.0,0.0,0.0,,,False
2010-07-06,national_team_competition,Uruguay,Netherlands,2.0,3.0,0.0,0.0,,,False
2010-07-07,national_team_competition,Germany,Spain,0.0,0.0,0.0,0.0,,,False
2010-07-10,national_team_competition,Uruguay,Germany,1.0,3.0,0.0,0.0,,,False
2010-07-11,national_team_competition,Netherlands,Spain,8.0,5.0,1.0,0.0,,,False
2012-06-08,national_team_competition,Poland,Greece,0.0,3.0,1.0,1.0,,,False
2012-06-08,national_team_competition,Russia,Czech Republic,0.0,0.0,0.0,0.0,,,False
2012-06-09,national_team_competition,Germany,Portugal,2.0,2.0,0.0,0.0,,,False
2012-06-09,national_team_competition,Netherlands,Denmark,1.0,2.0,0.0,0.0,,,False
2012-06-10,national_team_competition,Republic of Ireland,Croatia,1.0,2.0,0.0,0.0,,,False
2012-06-10,national_team_competition,Spain,Italy,3.0,4.0,0.0,0.0,,,False
2012-06-11,national_team_competition,France,England,0.0,2.0,0.0,0.0,,,False
2012-06-11,national_team_competition,Ukraine,Sweden,0.0,2.0,0.0,0.0,,,False
2012-06-12,national_team_competition,Greece,Czech Republic,3.0,3.0,0.0,0.0,,,False
2012-06-12,national_team_competition,Poland,Russia,2.0,2.0,0.0,0.0,,,False
2012-06-13,national_team_competition,Denmark,Portugal,2.0,2.0,0.0,0.0,,,False
2012-06-13,national_team_competition,Netherlands,Germany,2.0,1.0,0.0,0.0,,,False
2012-06-14,national_team_competition,Italy,Croatia,2.0,1.0,0.0,0.0,,,False
2012-06-14,national_team_competition,Spain,Republic of Ireland,2.0,3.0,0.0,0.0,,,False
2012-06-15,national_team_competition,Sweden,England,3.0,1.0,0.0,0.0,,,False
2012-06-15,national_team_competition,Ukraine,France,2.0,3.0,0.0,0.0,,,False
2012-06-16,national_team_competition,Czech Republic,Poland,3.0,5.0,0.0,0.0,,,False
2012-06-16,national_team_competition,Greece,Russia,2.0,3.0,0.0,0.0,,,False
2012-06-17,national_team_competition,Denmark,Germany,0.0,0.0,0.0,0.0,,,False
2012-06-17,national_team_competition,Portugal,Netherlands,1.0,2.0,0.0,0.0,,,False
2012-06-18,national_team_competition,Croatia,Spain,6.0,0.0,0.0,0.0,,,False
2012-06-18,national_team_competition,Italy,Republic of Ireland,3.0,3.0,0.0,1.0,,,False
2012-06-19,national_team_competition,England,Ukraine,2.0,3.0,0.0,0.0,,,False
2012-06-19,national_team_competition,Sweden,France,2.0,1.0,0.0,0.0,,,False
2012-06-21,national_team_competition,Czech Republic,Portugal,1.0,2.0,0.0,0.0,,,False
2012-06-22,national_team_competition,Germany,Greece,0.0,2.0,0.0,0.0,,,False
2012-06-23,national_team_competition,Spain,France,1.0,2.0,0.0,0.0,,,False
2012-06-24,national_team_competition,England,Italy,0.0,2.0,0.0,0.0,,,True
2012-06-27,national_team_competition,Portugal,Spain,5.0,4.0,0.0,0.0,,,True
2012-06-28,national_team_competition,Germany,Italy,1.0,4.0,0.0,0.0,,,False
2012-07-01,national_team_competition,Spain,Italy,1.0,1.0,0.0,0.0,,,False
2012-07-03,international_cup,F91 Dudelange,SP Tre Penne,1.0,3.0,0.0,0.0,,,False
2012-07-03,international_cup,Linfield FC,B36 Tórshavn,2.0,2.0,0.0,0.0,,,False
2012-07-03,international_cup,Valletta FC,FC Lusitanos,0.0,2.0,0.0,0.0,,,False
2012-07-10,international_cup,B36 Tórshavn,Linfield FC,3.0,2.0,0.0,0.0,,,False
2012-07-10,international_cup,FC Lusitanos,Valletta FC,5.0,0.0,1.0,0.0,,,False
2012-07-10,international_cup,SP Tre Penne,F91 Dudelange,2.0,2.0,0.0,0.0,,,False
2012-07-17,international_cup,F91 Dudelange,Fußballclub Red Bull Salzburg,2.0,3.0,0.0,1.0,,,False
2012-07-17,international_cup,FC Flora Tallinn,FC Basel 1893 AG,2.0,3.0,0.0,0.0,,,False
2012-07-17,international_cup,FC Slovan Liberec,Shakhter Karaganda,2.0,3.0,0.0,0.0,,,False
2012-07-17,international_cup,FC Ulisses Yerevan,FC Sheriff Tiraspol,1.0,1.0,0.0,0.0,,,False
2012-07-17,international_cup,HJK Helsinki,KR Reykjavík,0.0,1.0,0.0,0.0,,,False
2012-07-17,international_cup,KF Skënderbeu,Debreceni VSC,6.0,3.0,0.0,0.0,,,False
2012-07-17,international_cup,MSK Zilina,Ironi Kiryat Shmona,2.0,2.0,0.0,0.0,,,False
2012-07-17,international_cup,Neftchi Baku,FC Zestafoni,3.0,3.0,0.0,0.0,,,False
2012-07-17,international_cup,Shamrock Rovers,FK Ekranas Panevezys (- 2014),1.0,3.0,0.0,0.0,,,False
2012-07-17,international_cup,The New Saints,Helsingborgs IF,1.0,0.0,0.0,0.0,,,False
2012-07-17,international_cup,Valletta FC,Fudbalski Klub Partizan Beograd,3.0,1.0,0.0,0.0,,,False
2012-07-18,international_cup,AEL Limassol,Linfield FC,0.0,0.0,0.0,0.0,,,False
2012-07-18,international_cup,BATE Borisov,Vardar Skopje,2.0,3.0,0.0,0.0,,,False
2012-07-18,international_cup,Buducnost Podgorica,Slask Wroclaw,2.0,1.0,1.0,0.0,,,False
2012-07-18,international_cup,Ludogorets Razgrad,GNK Dinamo Zagreb,4.0,2.0,0.0,0.0,,,False
2012-07-18,international_cup,Molde Fotballklubb,JFK Ventspils,1.0,5.0,0.0,0.0,,,False
2012-07-18,international_cup,NK Maribor,FK Zeljeznicar Sarajevo,1.0,5.0,0.0,0.0,,,False
2012-07-24,international_cup,Debreceni VSC,KF Skënderbeu,3.0,3.0,0.0,0.0,,,False
2012-07-24,international_cup,FC Basel 1893 AG,FC Flora Tallinn,0.0,1.0,0.0,0.0,,,False
2012-07-24,international_cup,FC Sheriff Tiraspol,FC Ulisses Yerevan,2.0,2.0,0.0,0.0,,,False
2012-07-24,international_cup,FC Zestafoni,Neftchi Baku,2.0,0.0,0.0,0.0,,,False
2012-07-24,international_cup,FK Ekranas Panevezys (- 2014),Shamrock Rovers,1.0,3.0,0.0,0.0,,,False
2012-07-24,international_cup,FK Zeljeznicar Sarajevo,NK Maribor,7.0,1.0,3.0,0.0,,,False
2012-07-24,international_cup,Fudbalski Klub Partizan Beograd,Valletta FC,1.0,1.0,0.0,0.0,,,False
2012-07-24,international_cup,Fußballclub Red Bull Salzburg,F91 Dudelange,3.0,1.0,0.0,1.0,,,False
2012-07-24,international_cup,Ironi Kiryat Shmona,MSK Zilina,2.0,3.0,0.0,0.0,,,False
2012-07-24,international_cup,JFK Ventspils,Molde Fotballklubb,2.0,1.0,0.0,0.0,,,False
2012-07-24,international_cup,KR Reykjavík,HJK Helsinki,4.0,1.0,0.0,0.0,,,False
2012-07-24,international_cup,Shakhter Karaganda,FC Slovan Liberec,2.0,2.0,0.0,0.0,,,False
2012-07-25,international_cup,GNK Dinamo Zagreb,Ludogorets Razgrad,4.0,6.0,0.0,2.0,,,False
2012-07-25,international_cup,Helsingborgs IF,The New Saints,1.0,2.0,0.0,0.0,,,False
2012-07-25,international_cup,Linfield FC,AEL Limassol,0.0,3.0,0.0,0.0,,,False
2012-07-25,international_cup,Slask Wroclaw,Buducnost Podgorica,0.0,2.0,0.0,0.0,,,False
2012-07-25,international_cup,Vardar Skopje,BATE Borisov,4.0,1.0,0.0,0.0,,,False
2012-07-31,international_cup,Futbolniy Klub Dynamo Kyiv,Feyenoord Rotterdam,0.0,1.0,0.0,0.0,,,False
2012-07-31,international_cup,Motherwell Football Club,Panathinaikos Athlitikos Omilos,0.0,1.0,0.0,0.0,,,False
2012-08-01,international_cup,AEL Limassol,Fudbalski Klub Partizan Beograd,0.0,2.0,0.0,0.0,,,False
2012-08-01,international_cup,BATE Borisov,Debreceni VSC,1.0,4.0,0.0,0.0,,,False
2012-08-01,international_cup,FC Sheriff Tiraspol,GNK Dinamo Zagreb,1.0,3.0,0.0,0.0,,,False
2012-08-01,international_cup,Fenerbahçe Spor Kulübü,FC Vaslui,4.0,1.0,0.0,0.0,,,False
2012-08-01,international_cup,Football Club København,Club Brugge Koninklijke Voetbalvereniging,2.0,3.0,0.0,0.0,,,False
2012-08-01,international_cup,Fotbal Club CFR 1907 Cluj SA,FC Slovan Liberec,3.0,3.0,0.0,0.0,,,False
2012-08-01,international_cup,Ironi Kiryat Shmona,Neftchi Baku,3.0,1.0,0.0,0.0,,,False
2012-08-01,international_cup,Molde Fotballklubb,FC Basel 1893 AG,1.0,3.0,1.0,0.0,,,False
2012-08-01,international_cup,NK Maribor,F91 Dudelange,1.0,4.0,0.0,0.0,,,False
2012-08-01,international_cup,Royal Sporting Club Anderlecht,FK Ekranas Panevezys (- 2014),0.0,1.0,0.0,0.0,,,False
2012-08-01,international_cup,Slask Wroclaw,Helsingborgs IF,1.0,0.0,1.0,0.0,,,False
2012-08-01,international_cup,The Celtic Football Club,HJK Helsinki,1.0,2.0,0.0,0.0,,,False
2012-08-07,international_cup,Debreceni VSC,BATE Borisov,4.0,2.0,1.0,0.0,,,False
2012-08-07,international_cup,Feyenoord Rotterdam,Futbolniy Klub Dynamo Kyiv,4.0,3.0,0.0,0.0,,,False
2012-08-08,international_cup,Club Brugge Koninklijke Voetbalvereniging,Football Club København,2.0,3.0,0.0,0.0,,,False
2012-08-08,international_cup,F91 Dudelange,NK Maribor,2.0,2.0,0.0,0.0,,,False
2012-08-08,international_cup,FC Basel 1893 AG,Molde Fotballklubb,3.0,0.0,0.0,0.0,,,False
2012-08-08,international_cup,FC Slovan Liberec,Fotbal Club CFR 1907 Cluj SA,3.0,1.0,0.0,0.0,,,False
2012-08-08,international_cup,FC Vaslui,Fenerbahçe Spor Kulübü,2.0,3.0,0.0,0.0,,,False
2012-08-08,international_cup,FK Ekranas Panevezys (- 2014),Royal Sporting Club Anderlecht,0.0,0.0,1.0,0.0,,,False
2012-08-08,international_cup,Fudbalski Klub Partizan Beograd,AEL Limassol,3.0,3.0,0.0,1.0,,,False
2012-08-08,international_cup,GNK Dinamo Zagreb,FC Sheriff Tiraspol,1.0,1.0,0.0,0.0,,,False
2012-08-08,international_cup,HJK Helsinki,The Celtic Football Club,1.0,5.0,0.0,1.0,,,False
2012-08-08,international_cup,Helsingborgs IF,Slask Wroclaw,1.0,1.0,0.0,0.0,,,False
2012-08-08,international_cup,Neftchi Baku,Ironi Kiryat Shmona,2.0,1.0,0.0,0.0,,,False
2012-08-08,international_cup,Panathinaikos Athlitikos Omilos,Motherwell Football Club,0.0,2.0,0.0,0.0,,,False
2012-08-21,international_cup,Borussia Verein für Leibesübungen 1900 Mönchengladbach,Futbolniy Klub Dynamo Kyiv,1.0,1.0,0.0,0.0,,,False
2012-08-21,international_cup,FC Basel 1893 AG,Fotbal Club CFR 1907 Cluj SA,5.0,4.0,0.0,0.0,,,False
2012-08-21,international_cup,FK Spartak Moskva,Fenerbahçe Spor Kulübü,2.0,2.0,0.0,0.0,,,False
2012-08-21,international_cup,Football Club København,Lille Olympique Sporting Club,0.0,2.0,0.0,0.0,,,False
2012-08-21,international_cup,Helsingborgs IF,The Celtic Football Club,2.0,3.0,0.0,0.0,,,False
2012-08-22,international_cup,AEL Limassol,Royal Sporting Club Anderlecht,4.0,3.0,0.0,1.0,,,False
2012-08-22,international_cup,BATE Borisov,Ironi Kiryat Shmona,2.0,4.0,0.0,1.0,,,False
2012-08-22,international_cup,GNK Dinamo Zagreb,NK Maribor,5.0,1.0,0.0,0.0,,,False
2012-08-22,international_cup,Málaga CF,Panathinaikos Athlitikos Omilos,3.0,2.0,0.0,0.0,,,False
2012-08-22,international_cup,Sporting Clube de Braga,Udinese Calcio,1.0,5.0,0.0,0.0,,,False
2012-08-28,international_cup,Ironi Kiryat Shmona,BATE Borisov,6.0,2.0,0.0,0.0,,,False
2012-08-28,international_cup,NK Maribor,GNK Dinamo Zagreb,2.0,3.0,1.0,0.0,,,False
2012-08-28,international_cup,Panathinaikos Athlitikos Omilos,Málaga CF,3.0,2.0,0.0,0.0,,,False
2012-08-28,international_cup,Royal Sporting Club Anderlecht,AEL Limassol,4.0,4.0,0.0,0.0,,,False
2012-08-28,international_cup,Udinese Calcio,Sporting Clube de Braga,2.0,1.0,0.0,0.0,,,False
2012-08-29,international_cup,Fenerbahçe Spor Kulübü,FK Spartak Moskva,3.0,3.0,0.0,1.0,,,False
2012-08-29,international_cup,Fotbal Club CFR 1907 Cluj SA,FC Basel 1893 AG,3.0,4.0,0.0,0.0,,,False
2012-08-29,international_cup,Futbolniy Klub Dynamo Kyiv,Borussia Verein für Leibesübungen 1900 Mönchengladbach,1.0,1.0,0.0,0.0,,,False
2012-08-29,international_cup,Lille Olympique Sporting Club,Football Club København,2.0,5.0,0.0,0.0,,,False
2012-08-29,international_cup,The Celtic Football Club,Helsingborgs IF,2.0,2.0,0.0,0.0,,,False
2012-08-31,international_cup,Chelsea Football Club,Club Atlético de Madrid S.A.D.,1.0,0.0,0.0,0.0,,,False
2012-09-18,international_cup,Associazione Calcio Milan,Royal Sporting Club Anderlecht,2.0,2.0,0.0,0.0,,,False
2012-09-18,international_cup,Borussia Dortmund,AFC Ajax Amsterdam,0.0,2.0,0.0,0.0,,,False
2012-09-18,international_cup,GNK Dinamo Zagreb,Futebol Clube do Porto,0.0,0.0,0.0,0.0,,,False
2012-09-18,international_cup,Montpellier HSC,Arsenal Football Club,2.0,1.0,0.0,0.0,,,False
2012-09-18,international_cup,Málaga CF,AO FK Zenit Sankt-Peterburg,2.0,1.0,0.0,0.0,,,False
2012-09-18,international_cup,Olympiakos Syndesmos Filathlon Peiraios,FC Schalke 04,2.0,4.0,0.0,0.0,,,False
2012-09-18,international_cup,Paris Saint-Germain Football Club,Futbolniy Klub Dynamo Kyiv,1.0,0.0,0.0,0.0,,,False
2012-09-18,international_cup,Real Madrid Club de Fútbol,Manchester City Football Club,0.0,3.0,0.0,0.0,,,False
2012-09-19,international_cup,Chelsea Football Club,Juventus Football Club,1.0,1.0,0.0,0.0,,,False
2012-09-19,international_cup,FC Bayern München,Valencia Club de Fútbol S. A. D.,0.0,3.0,0.0,1.0,,,False
2012-09-19,international_cup,FC Shakhtar Donetsk,Fodbold Club Nordsjælland,2.0,5.0,0.0,0.0,,,False
2012-09-19,international_cup,Futbol Club Barcelona,FK Spartak Moskva,1.0,5.0,0.0,0.0,,,False
2012-09-19,international_cup,Lille Olympique Sporting Club,BATE Borisov,4.0,4.0,0.0,0.0,,,False
2012-09-19,international_cup,Manchester United Football Club,Galatasaray Spor Kulübü,3.0,1.0,0.0,0.0,,,False
2012-09-19,international_cup,Sporting Clube de Braga,Fotbal Club CFR 1907 Cluj SA,1.0,2.0,0.0,0.0,,,False
2012-09-19,international_cup,The Celtic Football Club,Sport Lisboa e Benfica,3.0,3.0,0.0,0.0,,,False
2012-10-02,international_cup,BATE Borisov,FC Bayern München,3.0,4.0,0.0,0.0,,,False
2012-10-02,international_cup,FK Spartak Moskva,The Celtic Football Club,0.0,2.0,1.0,0.0,,,False
2012-10-02,international_cup,Fodbold Club Nordsjælland,Chelsea Football Club,1.0,0.0,0.0,0.0,,,False
2012-10-02,international_cup,Fotbal Club CFR 1907 Cluj SA,Manchester United Football Club,0.0,1.0,0.0,0.0,,,False
2012-10-02,international_cup,Galatasaray Spor Kulübü,Sporting Clube de Braga,2.0,3.0,0.0,0.0,,,False
2012-10-02,international_cup,Juventus Football Club,FC Shakhtar Donetsk,2.0,2.0,0.0,0.0,,,False
2012-10-02,international_cup,Sport Lisboa e Benfica,Futbol Club Barcelona,4.0,2.0,0.0,1.0,,,False
2012-10-02,international_cup,Valencia Club de Fútbol S. A. D.,Lille Olympique Sporting Club,3.0,2.0,0.0,1.0,,,False
2012-10-03,international_cup,AFC Ajax Amsterdam,Real Madrid Club de Fútbol,0.0,1.0,0.0,0.0,,,False
2012-10-03,international_cup,AO FK Zenit Sankt-Peterburg,Associazione Calcio Milan,4.0,3.0,0.0,0.0,,,False
2012-10-03,international_cup,Arsenal Football Club,Olympiakos Syndesmos Filathlon Peiraios,1.0,1.0,0.0,0.0,,,False
2012-10-03,international_cup,FC Schalke 04,Montpellier HSC,2.0,5.0,0.0,1.0,,,False
2012-10-03,international_cup,Futbolniy Klub Dynamo Kyiv,GNK Dinamo Zagreb,2.0,1.0,0.0,0.0,,,False
2012-10-03,international_cup,Futebol Clube do Porto,Paris Saint-Germain Football Club,1.0,2.0,0.0,0.0,,,False
2012-10-03,international_cup,Manchester City Football Club,Borussia Dortmund,2.0,2.0,0.0,0.0,,,False
2012-10-03,international_cup,Royal Sporting Club Anderlecht,Málaga CF,4.0,3.0,0.0,0.0,,,False
2012-10-23,international_cup,BATE Borisov,Valencia Club de Fútbol S. A. D.,2.0,2.0,0.0,0.0,,,False
2012-10-23,international_cup,FC Shakhtar Donetsk,Chelsea Football Club,2.0,2.0,0.0,0.0,,,False
2012-10-23,international_cup,FK Spartak Moskva,Sport Lisboa e Benfica,3.0,2.0,0.0,0.0,,,False
2012-10-23,international_cup,Fodbold Club Nordsjælland,Juventus Football Club,2.0,2.0,0.0,0.0,,,False
2012-10-23,international_cup,Futbol Club Barcelona,The Celtic Football Club,2.0,1.0,0.0,0.0,,,False
2012-10-23,international_cup,Galatasaray Spor Kulübü,Fotbal Club CFR 1907 Cluj SA,4.0,2.0,0.0,1.0,,,False
2012-10-23,international_cup,Lille Olympique Sporting Club,FC Bayern München,3.0,5.0,0.0,0.0,,,False
2012-10-23,international_cup,Manchester United Football Club,Sporting Clube de Braga,0.0,2.0,0.0,0.0,,,False
2012-10-24,international_cup,AFC Ajax Amsterdam,Manchester City Football Club,1.0,2.0,0.0,0.0,,,False
2012-10-24,international_cup,AO FK Zenit Sankt-Peterburg,Royal Sporting Club Anderlecht,1.0,4.0,0.0,0.0,,,False
2012-10-24,international_cup,Arsenal Football Club,FC Schalke 04,4.0,2.0,0.0,0.0,,,False
2012-10-24,international_cup,Borussia Dortmund,Real Madrid Club de Fútbol,1.0,2.0,0.0,0.0,,,False
2012-10-24,international_cup,Futebol Clube do Porto,Futbolniy Klub Dynamo Kyiv,1.0,3.0,0.0,0.0,,,False
2012-10-24,international_cup,GNK Dinamo Zagreb,Paris Saint-Germain Football Club,0.0,2.0,0.0,0.0,,,False
2012-10-24,international_cup,Montpellier HSC,Olympiakos Syndesmos Filathlon Peiraios,2.0,3.0,0.0,0.0,,,False
2012-10-24,international_cup,Málaga CF,Associazione Calcio Milan,1.0,4.0,0.0,0.0,,,False
2012-11-06,international_cup,Associazione Calcio Milan,Málaga CF,3.0,3.0,0.0,0.0,,,False
2012-11-06,international_cup,FC Schalke 04,Arsenal Football Club,3.0,2.0,0.0,0.0,,,False
2012-11-06,international_cup,Futbolniy Klub Dynamo Kyiv,Futebol Clube do Porto,2.0,1.0,0.0,0.0,,,False
2012-11-06,international_cup,Manchester City Football Club,AFC Ajax Amsterdam,0.0,2.0,0.0,0.0,,,False
2012-11-06,international_cup,Olympiakos Syndesmos Filathlon Peiraios,Montpellier HSC,5.0,3.0,0.0,0.0,,,False
2012-11-06,international_cup,Paris Saint-Germain Football Club,GNK Dinamo Zagreb,1.0,2.0,0.0,0.0,,,False
2012-11-06,international_cup,Real Madrid Club de Fútbol,Borussia Dortmund,0.0,2.0,0.0,0.0,,,False
2012-11-06,international_cup,Royal Sporting Club Anderlecht,AO FK Zenit Sankt-Peterburg,2.0,3.0,0.0,0.0,,,False
2012-11-07,international_cup,Chelsea Football Club,FC Shakhtar Donetsk,1.0,1.0,0.0,0.0,,,False
2012-11-07,international_cup,FC Bayern München,Lille Olympique Sporting Club,3.0,3.0,0.0,0.0,,,False
2012-11-07,international_cup,Fotbal Club CFR 1907 Cluj SA,Galatasaray Spor Kulübü,0.0,2.0,0.0,0.0,,,False
2012-11-07,international_cup,Juventus Football Club,Fodbold Club Nordsjælland,2.0,0.0,0.0,0.0,,,False
2012-11-07,international_cup,Sport Lisboa e Benfica,FK Spartak Moskva,1.0,4.0,0.0,1.0,,,False
2012-11-07,international_cup,Sporting Clube de Braga,Manchester United Football Club,2.0,1.0,0.0,0.0,,,False
2012-11-07,international_cup,The Celtic Football Club,Futbol Club Barcelona,1.0,2.0,0.0,0.0,,,False
2012-11-07,international_cup,Valencia Club de Fútbol S. A. D.,BATE Borisov,1.0,4.0,0.0,0.0,,,False
2012-11-20,international_cup,BATE Borisov,Lille Olympique Sporting Club,2.0,3.0,0.0,1.0,,,False
2012-11-20,international_cup,FK Spartak Moskva,Futbol Club Barcelona,2.0,2.0,0.0,0.0,,,False
2012-11-20,international_cup,Fodbold Club Nordsjælland,FC Shakhtar Donetsk,3.0,2.0,0.0,0.0,,,False
2012-11-20,international_cup,Fotbal Club CFR 1907 Cluj SA,Sporting Clube de Braga,3.0,1.0,0.0,1.0,,,False
2012-11-20,international_cup,Galatasaray Spor Kulübü,Manchester United Football Club,2.0,1.0,0.0,0.0,,,False
2012-11-20,international_cup,Juventus Football Club,Chelsea Football Club,3.0,1.0,0.0,0.0,,,False
2012-11-20,international_cup,Sport Lisboa e Benfica,The Celtic Football Club,2.0,3.0,0.0,0.0,,,False
2012-11-20,international_cup,Valencia Club de Fútbol S. A. D.,FC Bayern München,3.0,2.0,1.0,0.0,,,False
2012-11-21,international_cup,AFC Ajax Amsterdam,Borussia Dortmund,2.0,1.0,0.0,0.0,,,False
2012-11-21,international_cup,AO FK Zenit Sankt-Peterburg,Málaga CF,3.0,4.0,1.0,0.0,,,False
2012-11-21,international_cup,Arsenal Football Club,Montpellier HSC,3.0,2.0,0.0,0.0,,,False
2012-11-21,international_cup,FC Schalke 04,Olympiakos Syndesmos Filathlon Peiraios,1.0,1.0,0.0,0.0,,,False
2012-11-21,international_cup,Futbolniy Klub Dynamo Kyiv,Paris Saint-Germain Football Club,4.0,4.0,0.0,0.0,,,False
2012-11-21,international_cup,Futebol Clube do Porto,GNK Dinamo Zagreb,3.0,2.0,0.0,0.0,,,False
2012-11-21,international_cup,Manchester City Football Club,Real Madrid Club de Fútbol,5.0,3.0,0.0,1.0,,,False
2012-11-21,international_cup,Royal Sporting Club Anderlecht,Associazione Calcio Milan,2.0,3.0,1.0,0.0,,,False
2012-12-04,international_cup,Associazione Calcio Milan,AO FK Zenit Sankt-Peterburg,2.0,3.0,0.0,0.0,,,False
2012-12-04,international_cup,Borussia Dortmund,Manchester City Football Club,0.0,3.0,0.0,0.0,,,False
2012-12-04,international_cup,GNK Dinamo Zagreb,Futbolniy Klub Dynamo Kyiv,3.0,2.0,0.0,0.0,,,False
2012-12-04,international_cup,Montpellier HSC,FC Schalke 04,1.0,0.0,0.0,0.0,,,False
2012-12-04,international_cup,Málaga CF,Royal Sporting Club Anderlecht,1.0,3.0,0.0,0.0,,,False
2012-12-04,international_cup,Olympiakos Syndesmos Filathlon Peiraios,Arsenal Football Club,1.0,4.0,0.0,0.0,,,False
2012-12-04,international_cup,Paris Saint-Germain Football Club,Futebol Clube do Porto,3.0,4.0,0.0,0.0,,,False
2012-12-04,international_cup,Real Madrid Club de Fútbol,AFC Ajax Amsterdam,2.0,0.0,0.0,0.0,,,False
2012-12-05,international_cup,Chelsea Football Club,Fodbold Club Nordsjælland,1.0,3.0,0.0,0.0,,,False
2012-12-05,international_cup,FC Bayern München,BATE Borisov,1.0,2.0,1.0,1.0,,,False
2012-12-05,international_cup,FC Shakhtar Donetsk,Juventus Football Club,4.0,2.0,0.0,0.0,,,False
2012-12-05,international_cup,Futbol Club Barcelona,Sport Lisboa e Benfica,2.0,4.0,0.0,0.0,,,False
2012-12-05,international_cup,Lille Olympique Sporting Club,Valencia Club de Fútbol S. A. D.,3.0,2.0,0.0,0.0,,,False
2012-12-05,international_cup,Manchester United Football Club,Fotbal Club CFR 1907 Cluj SA,1.0,2.0,0.0,0.0,,,False
2012-12-05,international_cup,Sporting Clube de Braga,Galatasaray Spor Kulübü,3.0,3.0,0.0,0.0,,,False
2012-12-05,international_cup,The Celtic Football Club,FK Spartak Moskva,2.0,4.0,0.0,1.0,,,False
2013-02-12,international_cup,The Celtic Football Club,Juventus Football Club,3.0,3.0,0.0,0.0,,,False
2013-02-12,international_cup,Valencia Club de Fútbol S. A. D.,Paris Saint-Germain Football Club,1.0,1.0,0.0,1.0,,,False
2013-02-13,international_cup,FC Shakhtar Donetsk,Borussia Dortmund,1.0,0.0,0.0,0.0,,,False
2013-02-13,international_cup,Real Madrid Club de Fútbol,Manchester United Football Club,0.0,3.0,0.0,0.0,,,False
2013-02-19,international_cup,Arsenal Football Club,FC Bayern München,5.0,3.0,0.0,0.0,,,False
2013-02-19,international_cup,Futebol Clube do Porto,Málaga CF,0.0,1.0,0.0,0.0,,,False
2013-02-20,international_cup,Associazione Calcio Milan,Futbol Club Barcelona,2.0,2.0,0.0,0.0,,,False
2013-02-20,international_cup,Galatasaray Spor Kulübü,FC Schalke 04,4.0,3.0,0.0,0.0,,,False
2013-03-05,international_cup,Borussia Dortmund,FC Shakhtar Donetsk,0.0,1.0,0.0,0.0,,,False
2013-03-05,international_cup,Manchester United Football Club,Real Madrid Club de Fútbol,2.0,3.0,1.0,0.0,,,False
2013-03-06,international_cup,Juventus Football Club,The Celtic Football Club,1.0,1.0,0.0,0.0,,,False
2013-03-06,international_cup,Paris Saint-Germain Football Club,Valencia Club de Fútbol S. A. D.,1.0,5.0,0.0,0.0,,,False
2013-03-12,international_cup,FC Schalke 04,Galatasaray Spor Kulübü,2.0,1.0,0.0,0.0,,,False
2013-03-12,international_cup,Futbol Club Barcelona,Associazione Calcio Milan,1.0,3.0,0.0,0.0,,,False
2013-03-13,international_cup,FC Bayern München,Arsenal Football Club,3.0,6.0,0.0,0.0,,,False
2013-03-13,international_cup,Málaga CF,Futebol Clube do Porto,3.0,4.0,0.0,1.0,,,False
2013-04-02,international_cup,FC Bayern München,Juventus Football Club,2.0,3.0,0.0,0.0,,,False
2013-04-02,international_cup,Paris Saint-Germain Football Club,Futbol Club Barcelona,4.0,4.0,0.0,0.0,,,False
2013-04-03,international_cup,Málaga CF,Borussia Dortmund,3.0,1.0,0.0,0.0,,,False
2013-04-03,international_cup,Real Madrid Club de Fútbol,Galatasaray Spor Kulübü,4.0,4.0,0.0,0.0,,,False
2013-04-09,international_cup,Borussia Dortmund,Málaga CF,2.0,3.0,0.0,0.0,,,False
2013-04-09,international_cup,Galatasaray Spor Kulübü,Real Madrid Club de Fútbol,3.0,1.0,0.0,1.0,,,False
2013-04-10,international_cup,Futbol Club Barcelona,Paris Saint-Germain Football Club,1.0,3.0,0.0,0.0,,,False
2013-04-10,international_cup,Juventus Football Club,FC Bayern München,1.0,1.0,0.0,0.0,,,False
2013-04-23,international_cup,FC Bayern München,Futbol Club Barcelona,3.0,4.0,0.0,0.0,,,False
2013-04-24,international_cup,Borussia Dortmund,Real Madrid Club de Fútbol,1.0,3.0,0.0,0.0,,,False
2013-04-30,international_cup,Real Madrid Club de Fútbol,Borussia Dortmund,4.0,3.0,0.0,0.0,,,False
2013-05-01,international_cup,Futbol Club Barcelona,FC Bayern München,2.0,1.0,0.0,0.0,,,False
2013-05-25,international_cup,Borussia Dortmund,FC Bayern München,1.0,2.0,0.0,0.0,,,False
2013-07-02,international_cup,FC Lusitanos,EB/Streymur,3.0,4.0,0.0,1.0,,,False
2013-07-02,international_cup,FC Shirak Gyumri,SP Tre Penne,1.0,1.0,0.0,0.0,,,False
2013-07-09,international_cup,EB/Streymur,FC Lusitanos,3.0,4.0,0.0,1.0,,,False
2013-07-09,international_cup,SP Tre Penne,FC Shirak Gyumri,7.0,4.0,0.0,1.0,,,False
2013-07-16,international_cup,BATE Borisov,Shakhter Karaganda,2.0,3.0,0.0,0.0,,,False
2013-07-16,international_cup,Birkirkara FC,NK Maribor,3.0,1.0,0.0,0.0,,,False
2013-07-16,international_cup,CS Fola Esch,GNK Dinamo Zagreb,1.0,0.0,0.0,0.0,,,False
2013-07-16,international_cup,Dinamo Tbilisi,EB/Streymur,2.0,2.0,0.0,0.0,,,False
2013-07-16,international_cup,FC Sheriff Tiraspol,FK Sutjeska Niksic,1.0,4.0,0.0,0.0,,,False
2013-07-16,international_cup,"FC Viktoria Plzeň, a.s.",FK Zeljeznicar Sarajevo,1.0,5.0,0.0,0.0,,,False
2013-07-16,international_cup,FK Ekranas Panevezys (- 2014),FH Hafnarfjördur,1.0,4.0,0.0,0.0,,,False
2013-07-16,international_cup,SC Fotbal Club FCSB SA,Vardar Skopje,2.0,0.0,0.0,0.0,,,False
2013-07-17,international_cup,Cliftonville FC,The Celtic Football Club,2.0,1.0,0.0,0.0,,,False
2013-07-17,international_cup,ETO FC,Maccabi Tel Aviv,5.0,2.0,0.0,0.0,,,False
2013-07-17,international_cup,FC Shirak Gyumri,Fudbalski Klub Partizan Beograd,1.0,2.0,0.0,0.0,,,False
2013-07-17,international_cup,HJK Helsinki,Kalju FC,2.0,1.0,0.0,0.0,,,False
2013-07-17,international_cup,Idrottsföreningen Elfsborg,Daugava Daugavpils,0.0,1.0,0.0,0.0,,,False
2013-07-17,international_cup,Neftchi Baku,KF Skënderbeu,4.0,4.0,0.0,0.0,,,False
2013-07-17,international_cup,Sligo Rovers,Molde Fotballklubb,1.0,2.0,0.0,0.0,,,False
2013-07-17,international_cup,Slovan Bratislava,Ludogorets Razgrad,4.0,4.0,1.0,0.0,,,False
2013-07-17,international_cup,The New Saints,Legia Warszawa Spółka Akcyjna,2.0,2.0,0.0,0.0,,,False
2013-07-23,international_cup,Daugava Daugavpils,Idrottsföreningen Elfsborg,4.0,0.0,0.0,0.0,,,False
2013-07-23,international_cup,EB/Streymur,Dinamo Tbilisi,2.0,2.0,0.0,0.0,,,False
2013-07-23,international_cup,FH Hafnarfjördur,FK Ekranas Panevezys (- 2014),6.0,2.0,0.0,1.0,,,False
2013-07-23,international_cup,FK Sutjeska Niksic,FC Sheriff Tiraspol,0.0,1.0,1.0,0.0,,,False
2013-07-23,international_cup,FK Zeljeznicar Sarajevo,"FC Viktoria Plzeň, a.s.",3.0,3.0,0.0,1.0,,,False
2013-07-23,international_cup,GNK Dinamo Zagreb,CS Fola Esch,1.0,3.0,0.0,0.0,,,False
2013-07-23,international_cup,KF Skënderbeu,Neftchi Baku,3.0,5.0,0.0,1.0,,,False
2013-07-23,international_cup,Kalju FC,HJK Helsinki,2.0,1.0,0.0,0.0,,,False
2013-07-23,international_cup,Maccabi Tel Aviv,ETO FC,1.0,3.0,0.0,0.0,,,False
2013-07-23,international_cup,Molde Fotballklubb,Sligo Rovers,1.0,2.0,0.0,0.0,,,False
2013-07-23,international_cup,Shakhter Karaganda,BATE Borisov,5.0,2.0,0.0,0.0,,,False
2013-07-23,international_cup,The Celtic Football Club,Cliftonville FC,0.0,0.0,0.0,0.0,,,False
2013-07-23,international_cup,Vardar Skopje,SC Fotbal Club FCSB SA,0.0,3.0,0.0,0.0,,,False
2013-07-24,international_cup,Fudbalski Klub Partizan Beograd,FC Shirak Gyumri,1.0,2.0,1.0,0.0,,,False
2013-07-24,international_cup,Legia Warszawa Spółka Akcyjna,The New Saints,1.0,2.0,0.0,0.0,,,False
2013-07-24,international_cup,Ludogorets Razgrad,Slovan Bratislava,4.0,4.0,0.0,0.0,,,False
2013-07-24,international_cup,NK Maribor,Birkirkara FC,1.0,2.0,0.0,0.0,,,False
2013-07-30,international_cup,Dinamo Tbilisi,SC Fotbal Club FCSB SA,2.0,5.0,0.0,0.0,,,False
2013-07-30,international_cup,Eindhovense Voetbalvereniging Philips Sport Vereniging,Sportvereniging Zulte Waregem,0.0,2.0,0.0,0.0,,,False
2013-07-30,international_cup,FC Basel 1893 AG,Maccabi Tel Aviv,3.0,5.0,0.0,0.0,,,False
2013-07-30,international_cup,Fodbold Club Nordsjælland,AO FK Zenit Sankt-Peterburg,1.0,1.0,0.0,0.0,,,False
2013-07-30,international_cup,Fußballklub Austria Wien,FH Hafnarfjördur,1.0,2.0,0.0,0.0,,,False
2013-07-30,international_cup,GNK Dinamo Zagreb,FC Sheriff Tiraspol,2.0,2.0,0.0,0.0,,,False
2013-07-30,international_cup,Kalju FC,"FC Viktoria Plzeň, a.s.",1.0,3.0,0.0,0.0,,,False
2013-07-30,international_cup,Olympique Lyonnais,Grasshopper Club Zürich,1.0,2.0,0.0,0.0,,,False
2013-07-30,international_cup,Panthessalonikios Athlitikos Omilos Konstantinoupoliton,Metalist Kharkiv (- 2016),3.0,2.0,0.0,0.0,,,False
2013-07-30,international_cup,Shakhter Karaganda,KF Skënderbeu,1.0,0.0,0.0,0.0,,,False
2013-07-31,international_cup,APOEL Nicosia,NK Maribor,4.0,2.0,0.0,0.0,,,False
2013-07-31,international_cup,Fußballclub Red Bull Salzburg,Fenerbahçe Spor Kulübü,3.0,1.0,0.0,0.0,,,False
2013-07-31,international_cup,Ludogorets Razgrad,Fudbalski Klub Partizan Beograd,4.0,6.0,0.0,1.0,,,False
2013-07-31,international_cup,Molde Fotballklubb,Legia Warszawa Spółka Akcyjna,3.0,2.0,1.0,0.0,,,False
2013-07-31,international_cup,The Celtic Football Club,Idrottsföreningen Elfsborg,3.0,5.0,0.0,0.0,,,False
2013-08-06,international_cup,Fenerbahçe Spor Kulübü,Fußballclub Red Bull Salzburg,1.0,3.0,0.0,0.0,,,False
2013-08-06,international_cup,Fudbalski Klub Partizan Beograd,Ludogorets Razgrad,3.0,3.0,1.0,0.0,,,False
2013-08-06,international_cup,Grasshopper Club Zürich,Olympique Lyonnais,4.0,2.0,0.0,0.0,,,False
2013-08-06,international_cup,KF Skënderbeu,Shakhter Karaganda,1.0,3.0,1.0,0.0,,,False
2013-08-06,international_cup,Maccabi Tel Aviv,FC Basel 1893 AG,4.0,3.0,0.0,0.0,,,False
2013-08-06,international_cup,NK Maribor,APOEL Nicosia,2.0,3.0,0.0,1.0,,,False
2013-08-06,international_cup,SC Fotbal Club FCSB SA,Dinamo Tbilisi,2.0,4.0,0.0,0.0,,,False
2013-08-07,international_cup,AO FK Zenit Sankt-Peterburg,Fodbold Club Nordsjælland,1.0,2.0,1.0,0.0,,,False
2013-08-07,international_cup,FC Sheriff Tiraspol,GNK Dinamo Zagreb,4.0,0.0,0.0,0.0,,,False
2013-08-07,international_cup,"FC Viktoria Plzeň, a.s.",Kalju FC,1.0,2.0,0.0,0.0,,,False
2013-08-07,international_cup,FH Hafnarfjördur,Fußballklub Austria Wien,5.0,5.0,0.0,1.0,,,False
2013-08-07,international_cup,Idrottsföreningen Elfsborg,The Celtic Football Club,1.0,2.0,0.0,0.0,,,False
2013-08-07,international_cup,Legia Warszawa Spółka Akcyjna,Molde Fotballklubb,2.0,2.0,0.0,1.0,,,False
2013-08-07,international_cup,Metalist Kharkiv (- 2016),Panthessalonikios Athlitikos Omilos Konstantinoupoliton,1.0,3.0,0.0,0.0,,,False
2013-08-07,international_cup,Sportvereniging Zulte Waregem,Eindhovense Voetbalvereniging Philips Sport Vereniging,2.0,1.0,1.0,0.0,,,False
2013-08-20,international_cup,Eindhovense Voetbalvereniging Philips Sport Vereniging,Associazione Calcio Milan,1.0,3.0,0.0,0.0,,,False
2013-08-20,international_cup,FC Paços de Ferreira,AO FK Zenit Sankt-Peterburg,2.0,2.0,0.0,0.0,,,False
2013-08-20,international_cup,"FC Viktoria Plzeň, a.s.",NK Maribor,2.0,1.0,0.0,0.0,,,False
2013-08-20,international_cup,Olympique Lyonnais,Real Sociedad de Fútbol S.A.D.,2.0,4.0,1.0,0.0,,,False
2013-08-20,international_cup,Shakhter Karaganda,The Celtic Football Club,0.0,1.0,0.0,0.0,,,False
2013-08-21,international_cup,FC Schalke 04,Panthessalonikios Athlitikos Omilos Konstantinoupoliton,1.0,4.0,0.0,0.0,,,False
2013-08-21,international_cup,Fenerbahçe Spor Kulübü,Arsenal Football Club,3.0,1.0,0.0,0.0,,,False
2013-08-21,international_cup,GNK Dinamo Zagreb,Fußballklub Austria Wien,3.0,2.0,1.0,0.0,,,False
2013-08-21,international_cup,Ludogorets Razgrad,FC Basel 1893 AG,1.0,3.0,1.0,0.0,,,False
2013-08-21,international_cup,SC Fotbal Club FCSB SA,Legia Warszawa Spółka Akcyjna,2.0,4.0,0.0,0.0,,,False
2013-08-27,international_cup,Arsenal Football Club,Fenerbahçe Spor Kulübü,2.0,4.0,0.0,0.0,,,False
2013-08-27,international_cup,FC Basel 1893 AG,Ludogorets Razgrad,3.0,1.0,0.0,0.0,,,False
2013-08-27,international_cup,Fußballklub Austria Wien,GNK Dinamo Zagreb,2.0,4.0,0.0,1.0,,,False
2013-08-27,international_cup,Legia Warszawa Spółka Akcyjna,SC Fotbal Club FCSB SA,2.0,5.0,0.0,0.0,,,False
2013-08-27,international_cup,Panthessalonikios Athlitikos Omilos Konstantinoupoliton,FC Schalke 04,1.0,2.0,0.0,1.0,,,False
2013-08-28,international_cup,AO FK Zenit Sankt-Peterburg,FC Paços de Ferreira,2.0,2.0,0.0,0.0,,,False
2013-08-28,international_cup,Associazione Calcio Milan,Eindhovense Voetbalvereniging Philips Sport Vereniging,3.0,3.0,0.0,0.0,,,False
2013-08-28,international_cup,NK Maribor,"FC Viktoria Plzeň, a.s.",3.0,1.0,0.0,0.0,,,False
2013-08-28,international_cup,Real Sociedad de Fútbol S.A.D.,Olympique Lyonnais,1.0,1.0,0.0,0.0,,,False
2013-08-28,international_cup,The Celtic Football Club,Shakhter Karaganda,2.0,4.0,0.0,0.0,,,False
2013-08-30,international_cup,FC Bayern München,Chelsea Football Club,2.0,7.0,0.0,1.0,,,False
2013-09-17,international_cup,FC Bayern München,PFK CSKA Moskva,0.0,0.0,0.0,0.0,,,False
2013-09-17,international_cup,"FC Viktoria Plzeň, a.s.",Manchester City Football Club,1.0,2.0,0.0,0.0,,,False
2013-09-17,international_cup,Football Club København,Juventus Football Club,2.0,3.0,0.0,0.0,,,False
2013-09-17,international_cup,Galatasaray Spor Kulübü,Real Madrid Club de Fútbol,3.0,1.0,0.0,0.0,,,False
2013-09-17,international_cup,Manchester United Football Club,Bayer 04 Leverkusen Fußball,1.0,2.0,0.0,0.0,,,False
2013-09-17,international_cup,Olympiakos Syndesmos Filathlon Peiraios,Paris Saint-Germain Football Club,1.0,1.0,0.0,0.0,,,False
2013-09-17,international_cup,Real Sociedad de Fútbol S.A.D.,FC Shakhtar Donetsk,2.0,5.0,0.0,0.0,,,False
2013-09-17,international_cup,Sport Lisboa e Benfica,Royal Sporting Club Anderlecht,1.0,5.0,0.0,0.0,,,False
2013-09-18,international_cup,Associazione Calcio Milan,The Celtic Football Club,0.0,3.0,0.0,0.0,,,False
2013-09-18,international_cup,Chelsea Football Club,FC Basel 1893 AG,1.0,1.0,0.0,0.0,,,False
2013-09-18,international_cup,Club Atlético de Madrid S.A.D.,AO FK Zenit Sankt-Peterburg,1.0,4.0,0.0,0.0,,,False
2013-09-18,international_cup,FC Schalke 04,SC Fotbal Club FCSB SA,1.0,3.0,0.0,0.0,,,False
2013-09-18,international_cup,Futbol Club Barcelona,AFC Ajax Amsterdam,0.0,2.0,0.0,0.0,,,False
2013-09-18,international_cup,Fußballklub Austria Wien,Futebol Clube do Porto,2.0,2.0,0.0,0.0,,,False
2013-09-18,international_cup,Olympique de Marseille,Arsenal Football Club,1.0,1.0,0.0,0.0,,,False
2013-09-18,international_cup,Società Sportiva Calcio Napoli,Borussia Dortmund,3.0,1.0,0.0,1.0,,,False
2013-10-01,international_cup,AFC Ajax Amsterdam,Associazione Calcio Milan,1.0,2.0,0.0,0.0,,,False
2013-10-01,international_cup,AO FK Zenit Sankt-Peterburg,Fußballklub Austria Wien,2.0,4.0,1.0,0.0,,,False
2013-10-01,international_cup,Arsenal Football Club,Società Sportiva Calcio Napoli,0.0,0.0,0.0,0.0,,,False
2013-10-01,international_cup,Borussia Dortmund,Olympique de Marseille,2.0,3.0,0.0,0.0,,,False
2013-10-01,international_cup,FC Basel 1893 AG,FC Schalke 04,1.0,3.0,0.0,0.0,,,False
2013-10-01,international_cup,Futebol Clube do Porto,Club Atlético de Madrid S.A.D.,2.0,2.0,0.0,0.0,,,False
2013-10-01,international_cup,SC Fotbal Club FCSB SA,Chelsea Football Club,0.0,2.0,0.0,0.0,,,False
2013-10-01,international_cup,The Celtic Football Club,Futbol Club Barcelona,3.0,3.0,1.0,0.0,,,False
2013-10-02,international_cup,Bayer 04 Leverkusen Fußball,Real Sociedad de Fútbol S.A.D.,1.0,2.0,0.0,0.0,,,False
2013-10-02,international_cup,FC Shakhtar Donetsk,Manchester United Football Club,0.0,2.0,0.0,0.0,,,False
2013-10-02,international_cup,Juventus Football Club,Galatasaray Spor Kulübü,0.0,2.0,0.0,0.0,,,False
2013-10-02,international_cup,Manchester City Football Club,FC Bayern München,3.0,1.0,0.0,1.0,,,False
2013-10-02,international_cup,PFK CSKA Moskva,"FC Viktoria Plzeň, a.s.",0.0,2.0,0.0,0.0,,,False
2013-10-02,international_cup,Paris Saint-Germain Football Club,Sport Lisboa e Benfica,2.0,1.0,0.0,0.0,,,False
2013-10-02,international_cup,Real Madrid Club de Fútbol,Football Club København,1.0,2.0,0.0,0.0,,,False
2013-10-02,international_cup,Royal Sporting Club Anderlecht,Olympiakos Syndesmos Filathlon Peiraios,2.0,3.0,0.0,0.0,,,False
2013-10-22,international_cup,Arsenal Football Club,Borussia Dortmund,2.0,3.0,0.0,0.0,,,False
2013-10-22,international_cup,Associazione Calcio Milan,Futbol Club Barcelona,2.0,2.0,0.0,0.0,,,False
2013-10-22,international_cup,FC Schalke 04,Chelsea Football Club,2.0,1.0,0.0,0.0,,,False
2013-10-22,international_cup,Futebol Clube do Porto,AO FK Zenit Sankt-Peterburg,3.0,3.0,1.0,0.0,,,False
2013-10-22,international_cup,Fußballklub Austria Wien,Club Atlético de Madrid S.A.D.,4.0,3.0,0.0,0.0,,,False
2013-10-22,international_cup,Olympique de Marseille,Società Sportiva Calcio Napoli,3.0,0.0,0.0,0.0,,,False
2013-10-22,international_cup,SC Fotbal Club FCSB SA,FC Basel 1893 AG,2.0,2.0,0.0,0.0,,,False
2013-10-22,international_cup,The Celtic Football Club,AFC Ajax Amsterdam,1.0,2.0,1.0,0.0,,,False
2013-10-23,international_cup,Bayer 04 Leverkusen Fußball,FC Shakhtar Donetsk,3.0,1.0,0.0,0.0,,,False
2013-10-23,international_cup,FC Bayern München,"FC Viktoria Plzeň, a.s.",0.0,3.0,0.0,0.0,,,False
2013-10-23,international_cup,Galatasaray Spor Kulübü,Football Club København,0.0,1.0,0.0,0.0,,,False
2013-10-23,international_cup,Manchester United Football Club,Real Sociedad de Fútbol S.A.D.,2.0,3.0,0.0,0.0,,,False
2013-10-23,international_cup,PFK CSKA Moskva,Manchester City Football Club,3.0,3.0,0.0,0.0,,,False
2013-10-23,international_cup,Real Madrid Club de Fútbol,Juventus Football Club,3.0,2.0,0.0,1.0,,,False
2013-10-23,international_cup,Royal Sporting Club Anderlecht,Paris Saint-Germain Football Club,1.0,0.0,0.0,0.0,,,False
2013-10-23,international_cup,Sport Lisboa e Benfica,Olympiakos Syndesmos Filathlon Peiraios,2.0,3.0,0.0,0.0,,,False
2013-11-05,international_cup,FC Shakhtar Donetsk,Bayer 04 Leverkusen Fußball,2.0,3.0,0.0,0.0,,,False
2013-11-05,international_cup,"FC Viktoria Plzeň, a.s.",FC Bayern München,3.0,0.0,0.0,0.0,,,False
2013-11-05,international_cup,Football Club København,Galatasaray Spor Kulübü,0.0,1.0,0.0,0.0,,,False
2013-11-05,international_cup,Juventus Football Club,Real Madrid Club de Fútbol,2.0,2.0,0.0,0.0,,,False
2013-11-05,international_cup,Manchester City Football Club,PFK CSKA Moskva,1.0,1.0,0.0,0.0,,,False
2013-11-05,international_cup,Olympiakos Syndesmos Filathlon Peiraios,Sport Lisboa e Benfica,4.0,3.0,0.0,0.0,,,False
2013-11-05,international_cup,Paris Saint-Germain Football Club,Royal Sporting Club Anderlecht,0.0,3.0,0.0,1.0,,,False
2013-11-05,international_cup,Real Sociedad de Fútbol S.A.D.,Manchester United Football Club,1.0,2.0,0.0,1.0,,,False
2013-11-06,international_cup,AFC Ajax Amsterdam,The Celtic Football Club,2.0,2.0,0.0,0.0,,,False
2013-11-06,international_cup,AO FK Zenit Sankt-Peterburg,Futebol Clube do Porto,2.0,2.0,0.0,0.0,,,False
2013-11-06,international_cup,Borussia Dortmund,Arsenal Football Club,1.0,1.0,0.0,0.0,,,False
2013-11-06,international_cup,Chelsea Football Club,FC Schalke 04,0.0,3.0,0.0,0.0,,,False
2013-11-06,international_cup,Club Atlético de Madrid S.A.D.,Fußballklub Austria Wien,0.0,2.0,0.0,0.0,,,False
2013-11-06,international_cup,FC Basel 1893 AG,SC Fotbal Club FCSB SA,3.0,3.0,0.0,0.0,,,False
2013-11-06,international_cup,Futbol Club Barcelona,Associazione Calcio Milan,1.0,3.0,0.0,0.0,,,False
2013-11-06,international_cup,Società Sportiva Calcio Napoli,Olympique de Marseille,1.0,2.0,0.0,0.0,,,False
2013-11-26,international_cup,AFC Ajax Amsterdam,Futbol Club Barcelona,2.0,5.0,1.0,0.0,,,False
2013-11-26,international_cup,AO FK Zenit Sankt-Peterburg,Club Atlético de Madrid S.A.D.,0.0,2.0,0.0,0.0,,,False
2013-11-26,international_cup,Arsenal Football Club,Olympique de Marseille,0.0,3.0,0.0,0.0,,,False
2013-11-26,international_cup,Borussia Dortmund,Società Sportiva Calcio Napoli,1.0,4.0,0.0,0.0,,,False
2013-11-26,international_cup,FC Basel 1893 AG,Chelsea Football Club,2.0,2.0,0.0,0.0,,,False
2013-11-26,international_cup,Futebol Clube do Porto,Fußballklub Austria Wien,0.0,3.0,0.0,0.0,,,False
2013-11-26,international_cup,SC Fotbal Club FCSB SA,FC Schalke 04,3.0,3.0,0.0,0.0,,,False
2013-11-26,international_cup,The Celtic Football Club,Associazione Calcio Milan,3.0,0.0,0.0,0.0,,,False
2013-11-27,international_cup,Bayer 04 Leverkusen Fußball,Manchester United Football Club,1.0,0.0,0.0,0.0,,,False
2013-11-27,international_cup,FC Shakhtar Donetsk,Real Sociedad de Fútbol S.A.D.,3.0,1.0,0.0,0.0,,,False
2013-11-27,international_cup,Juventus Football Club,Football Club København,0.0,3.0,0.0,0.0,,,False
2013-11-27,international_cup,Manchester City Football Club,"FC Viktoria Plzeň, a.s.",3.0,1.0,0.0,0.0,,,False
2013-11-27,international_cup,PFK CSKA Moskva,FC Bayern München,0.0,3.0,0.0,0.0,,,False
2013-11-27,international_cup,Paris Saint-Germain Football Club,Olympiakos Syndesmos Filathlon Peiraios,4.0,4.0,1.0,0.0,,,False
2013-11-27,international_cup,Real Madrid Club de Fútbol,Galatasaray Spor Kulübü,1.0,1.0,1.0,0.0,,,False
2013-11-27,international_cup,Royal Sporting Club Anderlecht,Sport Lisboa e Benfica,3.0,2.0,0.0,0.0,,,False
2013-12-10,international_cup,FC Bayern München,Manchester City Football Club,1.0,4.0,0.0,0.0,,,False
2013-12-10,international_cup,"FC Viktoria Plzeň, a.s.",PFK CSKA Moskva,2.0,3.0,0.0,2.0,,,False
2013-12-10,international_cup,Football Club København,Real Madrid Club de Fútbol,1.0,2.0,0.0,0.0,,,False
2013-12-10,international_cup,Manchester United Football Club,FC Shakhtar Donetsk,2.0,2.0,0.0,0.0,,,False
2013-12-10,international_cup,Olympiakos Syndesmos Filathlon Peiraios,Royal Sporting Club Anderlecht,1.0,3.0,0.0,3.0,,,False
2013-12-10,international_cup,Real Sociedad de Fútbol S.A.D.,Bayer 04 Leverkusen Fußball,3.0,4.0,0.0,0.0,,,False
2013-12-10,international_cup,Sport Lisboa e Benfica,Paris Saint-Germain Football Club,2.0,3.0,0.0,0.0,,,False
2013-12-11,international_cup,Associazione Calcio Milan,AFC Ajax Amsterdam,4.0,1.0,1.0,0.0,,,False
2013-12-11,international_cup,Chelsea Football Club,SC Fotbal Club FCSB SA,2.0,2.0,0.0,0.0,,,False
2013-12-11,international_cup,Club Atlético de Madrid S.A.D.,Futebol Clube do Porto,3.0,5.0,0.0,0.0,,,False
2013-12-11,international_cup,FC Schalke 04,FC Basel 1893 AG,3.0,4.0,0.0,1.0,,,False
2013-12-11,international_cup,Futbol Club Barcelona,The Celtic Football Club,1.0,2.0,0.0,0.0,,,False
2013-12-11,international_cup,Fußballklub Austria Wien,AO FK Zenit Sankt-Peterburg,2.0,1.0,0.0,0.0,,,False
2013-12-11,international_cup,Galatasaray Spor Kulübü,Juventus Football Club,3.0,2.0,0.0,0.0,,,False
2013-12-11,international_cup,Olympique de Marseille,Borussia Dortmund,2.0,1.0,1.0,0.0,,,False
2013-12-11,international_cup,Società Sportiva Calcio Napoli,Arsenal Football Club,3.0,3.0,0.0,1.0,,,False
2014-02-18,international_cup,Bayer 04 Leverkusen Fußball,Paris Saint-Germain Football Club,4.0,1.0,1.0,0.0,,,False
2014-02-18,international_cup,Manchester City Football Club,Futbol Club Barcelona,2.0,2.0,1.0,0.0,,,False
2014-02-19,international_cup,Arsenal Football Club,FC Bayern München,2.0,2.0,1.0,0.0,,,False
2014-02-19,international_cup,Associazione Calcio Milan,Club Atlético de Madrid S.A.D.,3.0,4.0,0.0,0.0,,,False
2014-02-25,international_cup,AO FK Zenit Sankt-Peterburg,Borussia Dortmund,2.0,1.0,0.0,0.0,,,False
2014-02-25,international_cup,Olympiakos Syndesmos Filathlon Peiraios,Manchester United Football Club,0.0,2.0,0.0,0.0,,,False
2014-02-26,international_cup,FC Schalke 04,Real Madrid Club de Fútbol,2.0,1.0,0.0,0.0,,,False
2014-02-26,international_cup,Galatasaray Spor Kulübü,Chelsea Football Club,1.0,4.0,0.0,0.0,,,False
2014-03-11,international_cup,Club Atlético de Madrid S.A.D.,Associazione Calcio Milan,1.0,4.0,0.0,0.0,,,False
2014-03-11,international_cup,FC Bayern München,Arsenal Football Club,2.0,3.0,0.0,0.0,,,False
2014-03-12,international_cup,Futbol Club Barcelona,Manchester City Football Club,1.0,4.0,0.0,1.0,,,False
2014-03-12,international_cup,Paris Saint-Germain Football Club,Bayer 04 Leverkusen Fußball,2.0,3.0,0.0,1.0,,,False
2014-03-18,international_cup,Chelsea Football Club,Galatasaray Spor Kulübü,2.0,3.0,0.0,0.0,,,False
2014-03-18,international_cup,Real Madrid Club de Fútbol,FC Schalke 04,1.0,1.0,0.0,0.0,,,False
2014-03-19,international_cup,Borussia Dortmund,AO FK Zenit Sankt-Peterburg,3.0,1.0,0.0,0.0,,,False
2014-03-19,international_cup,Manchester United Football Club,Olympiakos Syndesmos Filathlon Peiraios,3.0,4.0,0.0,0.0,,,False
2014-04-01,international_cup,Futbol Club Barcelona,Club Atlético de Madrid S.A.D.,2.0,6.0,0.0,0.0,,,False
2014-04-01,international_cup,Manchester United Football Club,FC Bayern München,1.0,3.0,0.0,1.0,,,False
2014-04-02,international_cup,Paris Saint-Germain Football Club,Chelsea Football Club,3.0,3.0,0.0,0.0,,,False
2014-04-02,international_cup,Real Madrid Club de Fútbol,Borussia Dortmund,0.0,3.0,0.0,0.0,,,False
2014-04-08,international_cup,Borussia Dortmund,Real Madrid Club de Fútbol,3.0,5.0,0.0,0.0,,,False
2014-04-08,international_cup,Chelsea Football Club,Paris Saint-Germain Football Club,4.0,4.0,0.0,0.0,,,False
2014-04-09,international_cup,Club Atlético de Madrid S.A.D.,Futbol Club Barcelona,1.0,3.0,0.0,0.0,,,False
2014-04-09,international_cup,FC Bayern München,Manchester United Football Club,1.0,2.0,0.0,0.0,,,False
2014-04-22,international_cup,Club Atlético de Madrid S.A.D.,Chelsea Football Club,2.0,3.0,0.0,0.0,,,False
2014-04-23,international_cup,Real Madrid Club de Fútbol,FC Bayern München,1.0,0.0,0.0,0.0,,,False
2014-04-29,international_cup,FC Bayern München,Real Madrid Club de Fútbol,1.0,1.0,0.0,0.0,,,False
2014-04-30,international_cup,Chelsea Football Club,Club Atlético de Madrid S.A.D.,1.0,2.0,0.0,0.0,,,False
2014-05-24,international_cup,Real Madrid Club de Fútbol,Club Atlético de Madrid S.A.D.,5.0,7.0,0.0,0.0,,,False
2014-06-12,national_team_competition,Brazil,Croatia,2.0,2.0,0.0,0.0,,,False
2014-06-13,national_team_competition,Chile,Australia,1.0,3.0,0.0,0.0,,,False
2014-06-13,national_team_competition,Mexico,Cameroon,1.0,1.0,0.0,0.0,,,False
2014-06-13,national_team_competition,Spain,Netherlands,1.0,3.0,0.0,0.0,,,False
2014-06-14,national_team_competition,Colombia,Greece,1.0,2.0,0.0,0.0,,,False
2014-06-14,national_team_competition,England,Italy,1.0,0.0,0.0,0.0,,,False
2014-06-14,national_team_competition,Uruguay,Costa Rica,3.0,0.0,1.0,0.0,,,False
2014-06-15,national_team_competition,Argentina,Bosnia-Herzegovina,1.0,1.0,0.0,0.0,,,False
2014-06-15,national_team_competition,Côte d'Ivoire,Japan,2.0,2.0,0.0,0.0,,,False
2014-06-15,national_team_competition,France,Honduras,3.0,3.0,0.0,1.0,,,False
2014-06-15,national_team_competition,Switzerland,Ecuador,1.0,1.0,0.0,0.0,,,False
2014-06-16,national_team_competition,Germany,Portugal,0.0,1.0,0.0,1.0,,,False
2014-06-16,national_team_competition,Ghana,USA,2.0,0.0,0.0,0.0,,,False
2014-06-16,national_team_competition,Iran,Nigeria,1.0,0.0,0.0,0.0,,,False
2014-06-17,national_team_competition,Belgium,Algeria,1.0,1.0,0.0,0.0,,,False
2014-06-17,national_team_competition,Brazil,Mexico,2.0,2.0,0.0,0.0,,,False
2014-06-18,national_team_competition,Australia,Netherlands,1.0,1.0,0.0,0.0,,,False
2014-06-18,national_team_competition,Cameroon,Croatia,0.0,1.0,1.0,0.0,,,False
2014-06-18,national_team_competition,Russia,South Korea,1.0,3.0,0.0,0.0,,,False
2014-06-18,national_team_competition,Spain,Chile,1.0,2.0,0.0,0.0,,,False
2014-06-19,national_team_competition,Colombia,Côte d'Ivoire,0.0,2.0,0.0,0.0,,,False
2014-06-19,national_team_competition,Japan,Greece,1.0,3.0,0.0,1.0,,,False
2014-06-19,national_team_competition,Uruguay,England,1.0,1.0,0.0,0.0,,,False
2014-06-20,national_team_competition,Honduras,Ecuador,2.0,3.0,0.0,0.0,,,False
2014-06-20,national_team_competition,Italy,Costa Rica,1.0,1.0,0.0,0.0,,,False
2014-06-20,national_team_competition,Switzerland,France,0.0,1.0,0.0,0.0,,,False
2014-06-21,national_team_competition,Argentina,Iran,0.0,2.0,0.0,0.0,,,False
2014-06-21,national_team_competition,Germany,Ghana,0.0,1.0,0.0,0.0,,,False
2014-06-21,national_team_competition,Nigeria,Bosnia-Herzegovina,1.0,1.0,0.0,0.0,,,False
2014-06-22,national_team_competition,Belgium,Russia,2.0,1.0,0.0,0.0,,,False
2014-06-22,national_team_competition,South Korea,Algeria,2.0,1.0,0.0,0.0,,,False
2014-06-22,national_team_competition,USA,Portugal,1.0,0.0,0.0,0.0,,,False
2014-06-23,national_team_competition,Australia,Spain,2.0,1.0,0.0,0.0,,,False
2014-06-23,national_team_competition,Cameroon,Brazil,3.0,0.0,0.0,0.0,,,False
2014-06-23,national_team_competition,Croatia,Mexico,1.0,2.0,1.0,0.0,,,False
2014-06-23,national_team_competition,Netherlands,Chile,1.0,1.0,0.0,0.0,,,False
2014-06-24,national_team_competition,Costa Rica,England,1.0,2.0,0.0,0.0,,,False
2014-06-24,national_team_competition,Greece,Côte d'Ivoire,0.0,3.0,0.0,0.0,,,False
2014-06-24,national_team_competition,Italy,Uruguay,2.0,2.0,1.0,0.0,,,False
2014-06-24,national_team_competition,Japan,Colombia,1.0,1.0,0.0,0.0,,,False
2014-06-25,national_team_competition,Bosnia-Herzegovina,Iran,1.0,0.0,0.0,0.0,,,False
2014-06-25,national_team_competition,Ecuador,France,1.0,0.0,1.0,0.0,,,False
2014-06-25,national_team_competition,Honduras,Switzerland,1.0,0.0,0.0,0.0,,,False
2014-06-25,national_team_competition,Nigeria,Argentina,2.0,0.0,0.0,0.0,,,False
2014-06-26,national_team_competition,Algeria,Russia,3.0,2.0,0.0,0.0,,,False
2014-06-26,national_team_competition,Portugal,Ghana,1.0,3.0,0.0,0.0,,,False
2014-06-26,national_team_competition,South Korea,Belgium,1.0,1.0,0.0,1.0,,,False
2014-06-26,national_team_competition,USA,Germany,2.0,1.0,0.0,0.0,,,False
2014-06-28,national_team_competition,Brazil,Chile,4.0,3.0,0.0,0.0,,,True
2014-06-28,national_team_competition,Colombia,Uruguay,1.0,2.0,0.0,0.0,,,False
2014-06-29,national_team_competition,Costa Rica,Greece,5.0,2.0,1.0,0.0,,,True
2014-06-29,national_team_competition,Netherlands,Mexico,0.0,3.0,0.0,0.0,,,False
2014-06-30,national_team_competition,France,Nigeria,1.0,0.0,0.0,0.0,,,False
2014-06-30,national_team_competition,Germany,Algeria,1.0,1.0,0.0,0.0,,,False
2014-07-01,national_team_competition,Argentina,Switzerland,3.0,2.0,0.0,0.0,,,False
2014-07-01,national_team_competition,Belgium,USA,1.0,1.0,0.0,0.0,,,False
2014-07-01,international_cup,FC Santa Coloma,FC Urartu Yerevan,2.0,2.0,0.0,0.0,,,False
2014-07-01,international_cup,La Fiorita 1967,Levadia Tallinn,4.0,1.0,0.0,0.0,,,False
2014-07-02,international_cup,Lincoln Red Imps FC,HB Tórshavn,3.0,1.0,0.0,0.0,,,False
2014-07-04,national_team_competition,Brazil,Colombia,2.0,2.0,0.0,0.0,,,False
2014-07-04,national_team_competition,France,Germany,0.0,2.0,0.0,0.0,,,False
2014-07-05,national_team_competition,Argentina,Belgium,1.0,2.0,0.0,0.0,,,False
2014-07-05,national_team_competition,Netherlands,Costa Rica,2.0,4.0,0.0,0.0,,,True
2014-07-08,national_team_competition,Brazil,Germany,1.0,0.0,0.0,0.0,,,False
2014-07-08,international_cup,FC Urartu Yerevan,FC Santa Coloma,6.0,3.0,1.0,0.0,,,False
2014-07-08,international_cup,HB Tórshavn,Lincoln Red Imps FC,3.0,1.0,0.0,0.0,,,False
2014-07-08,international_cup,Levadia Tallinn,La Fiorita 1967,1.0,4.0,0.0,0.0,,,False
2014-07-09,national_team_competition,Netherlands,Argentina,2.0,1.0,0.0,0.0,,,True
2014-07-12,national_team_competition,Brazil,Netherlands,3.0,2.0,0.0,0.0,,,False
2014-07-13,national_team_competition,Germany,Argentina,2.0,2.0,0.0,0.0,,,False
2014-07-15,international_cup,"AC Sparta Praha, a. s.",Levadia Tallinn,0.0,0.0,0.0,0.0,,,False
2014-07-15,international_cup,BATE Borisov,KF Skënderbeu,2.0,5.0,0.0,0.0,,,False
2014-07-15,international_cup,Cliftonville FC,Debreceni VSC,1.0,1.0,0.0,0.0,,,False
2014-07-15,international_cup,FC Santa Coloma,Maccabi Tel Aviv,3.0,2.0,0.0,0.0,,,False
2014-07-15,international_cup,FC Sheriff Tiraspol,FK Sutjeska Niksic,3.0,3.0,0.0,0.0,,,False
2014-07-15,international_cup,Fudbalski Klub Partizan Beograd,HB Tórshavn,0.0,2.0,0.0,0.0,,,False
2014-07-15,international_cup,GNK Dinamo Zagreb,FK Zalgiris Vilnius,2.0,3.0,0.0,0.0,,,False
2014-07-15,international_cup,HSK Zrinjski Mostar,NK Maribor,2.0,1.0,1.0,0.0,,,False
2014-07-15,international_cup,KR Reykjavík,The Celtic Football Club,2.0,0.0,0.0,0.0,,,False
2014-07-15,international_cup,Rabotnicki Skopje,HJK Helsinki,3.0,0.0,0.0,0.0,,,False
2014-07-15,international_cup,Slovan Bratislava,The New Saints,0.0,2.0,0.0,0.0,,,False
2014-07-15,international_cup,Valletta FC,Qarabağ FK,2.0,0.0,1.0,0.0,,,False
2014-07-16,international_cup,Dinamo Tbilisi,FK Aktobe,1.0,4.0,0.0,0.0,,,False
2014-07-16,international_cup,Legia Warszawa Spółka Akcyjna,St. Patrick's Athletic,1.0,2.0,0.0,0.0,,,False
2014-07-16,international_cup,Ludogorets Razgrad,F91 Dudelange,2.0,5.0,0.0,0.0,,,False
2014-07-16,international_cup,Malmö Fotbollförening,JFK Ventspils,1.0,2.0,0.0,0.0,,,False
2014-07-16,international_cup,Strømsgodset IF,SC Fotbal Club FCSB SA,0.0,3.0,0.0,0.0,,,False
2014-07-22,international_cup,Debreceni VSC,Cliftonville FC,1.0,2.0,0.0,1.0,,,False
2014-07-22,international_cup,F91 Dudelange,Ludogorets Razgrad,1.0,2.0,0.0,0.0,,,False
2014-07-22,international_cup,FK Sutjeska Niksic,FC Sheriff Tiraspol,4.0,0.0,1.0,0.0,,,False
2014-07-22,international_cup,FK Zalgiris Vilnius,GNK Dinamo Zagreb,2.0,3.0,0.0,0.0,,,False
2014-07-22,international_cup,HB Tórshavn,Fudbalski Klub Partizan Beograd,2.0,2.0,0.0,0.0,,,False
2014-07-22,international_cup,KF Skënderbeu,BATE Borisov,1.0,6.0,0.0,0.0,,,False
2014-07-22,international_cup,Levadia Tallinn,"AC Sparta Praha, a. s.",0.0,1.0,0.0,0.0,,,False
2014-07-22,international_cup,Maccabi Tel Aviv,FC Santa Coloma,2.0,2.0,1.0,1.0,,,False
2014-07-22,international_cup,Qarabağ FK,Valletta FC,1.0,4.0,0.0,2.0,,,False
2014-07-22,international_cup,The Celtic Football Club,KR Reykjavík,0.0,0.0,0.0,0.0,,,False
2014-07-22,international_cup,The New Saints,Slovan Bratislava,2.0,0.0,0.0,0.0,,,False
2014-07-23,international_cup,FK Aktobe,Dinamo Tbilisi,2.0,5.0,0.0,0.0,,,False
2014-07-23,international_cup,HJK Helsinki,Rabotnicki Skopje,0.0,1.0,0.0,0.0,,,False
2014-07-23,international_cup,JFK Ventspils,Malmö Fotbollförening,2.0,1.0,0.0,0.0,,,False
2014-07-23,international_cup,NK Maribor,HSK Zrinjski Mostar,2.0,3.0,0.0,0.0,,,False
2014-07-23,international_cup,SC Fotbal Club FCSB SA,Strømsgodset IF,1.0,1.0,0.0,0.0,,,False
2014-07-23,international_cup,St. Patrick's Athletic,Legia Warszawa Spółka Akcyjna,1.0,1.0,0.0,0.0,,,False
2014-07-29,international_cup,"AC Sparta Praha, a. s.",Malmö Fotbollförening,1.0,1.0,0.0,0.0,,,False
2014-07-29,international_cup,Debreceni VSC,BATE Borisov,2.0,0.0,0.0,0.0,,,False
2014-07-29,international_cup,Slovan Bratislava,FC Sheriff Tiraspol,1.0,3.0,1.0,0.0,,,False
2014-07-30,international_cup,AEL Limassol,AO FK Zenit Sankt-Peterburg,4.0,2.0,0.0,1.0,,,False
2014-07-30,international_cup,Aalborg BK,GNK Dinamo Zagreb,0.0,1.0,0.0,0.0,,,False
2014-07-30,international_cup,Dnipro Dnipropetrovsk (-2020),Football Club København,2.0,2.0,0.0,0.0,,,False
2014-07-30,international_cup,FK Aktobe,SC Fotbal Club FCSB SA,2.0,3.0,0.0,0.0,,,False
2014-07-30,international_cup,Feyenoord Rotterdam,Beşiktaş Jimnastik Kulübü,2.0,4.0,0.0,0.0,,,False
2014-07-30,international_cup,Grasshopper Club Zürich,Lille Olympique Sporting Club,3.0,0.0,0.0,0.0,,,False
2014-07-30,international_cup,HJK Helsinki,APOEL Nicosia,1.0,4.0,1.0,0.0,,,False
2014-07-30,international_cup,Legia Warszawa Spółka Akcyjna,The Celtic Football Club,2.0,3.0,0.0,1.0,,,False
2014-07-30,international_cup,Ludogorets Razgrad,Fudbalski Klub Partizan Beograd,3.0,3.0,0.0,0.0,,,False
2014-07-30,international_cup,NK Maribor,Maccabi Tel Aviv,1.0,2.0,0.0,0.0,,,False
2014-07-30,international_cup,Qarabağ FK,Fußballclub Red Bull Salzburg,4.0,3.0,2.0,1.0,,,False
2014-07-30,international_cup,Royal Standard Club de Liège,Panathinaikos Athlitikos Omilos,5.0,3.0,0.0,0.0,,,False
2014-08-05,international_cup,BATE Borisov,Debreceni VSC,3.0,1.0,0.0,1.0,,,False
2014-08-05,international_cup,Lille Olympique Sporting Club,Grasshopper Club Zürich,3.0,3.0,0.0,1.0,,,False
2014-08-05,international_cup,Maccabi Tel Aviv,NK Maribor,1.0,0.0,0.0,0.0,,,False
2014-08-05,international_cup,Panathinaikos Athlitikos Omilos,Royal Standard Club de Liège,2.0,2.0,0.0,0.0,,,False
2014-08-06,international_cup,AO FK Zenit Sankt-Peterburg,AEL Limassol,1.0,2.0,0.0,1.0,,,False
2014-08-06,international_cup,APOEL Nicosia,HJK Helsinki,0.0,0.0,0.0,0.0,,,False
2014-08-06,international_cup,Beşiktaş Jimnastik Kulübü,Feyenoord Rotterdam,2.0,3.0,0.0,0.0,,,False
2014-08-06,international_cup,FC Sheriff Tiraspol,Slovan Bratislava,1.0,2.0,1.0,0.0,,,False
2014-08-06,international_cup,Football Club København,Dnipro Dnipropetrovsk (-2020),4.0,1.0,0.0,0.0,,,False
2014-08-06,international_cup,Fudbalski Klub Partizan Beograd,Ludogorets Razgrad,2.0,4.0,1.0,0.0,,,False
2014-08-06,international_cup,Fußballclub Red Bull Salzburg,Qarabağ FK,0.0,4.0,0.0,0.0,,,False
2014-08-06,international_cup,GNK Dinamo Zagreb,Aalborg BK,0.0,2.0,0.0,0.0,,,False
2014-08-06,international_cup,Malmö Fotbollförening,"AC Sparta Praha, a. s.",5.0,3.0,0.0,1.0,,,False
2014-08-06,international_cup,SC Fotbal Club FCSB SA,FK Aktobe,2.0,3.0,0.0,1.0,,,False
2014-08-06,international_cup,The Celtic Football Club,Legia Warszawa Spółka Akcyjna,2.0,1.0,0.0,0.0,,,False
2014-08-12,international_cup,Real Madrid Club de Fútbol,Sevilla Fútbol Club S.A.D.,2.0,2.0,0.0,0.0,,,False
2014-08-19,international_cup,Beşiktaş Jimnastik Kulübü,Arsenal Football Club,2.0,3.0,0.0,1.0,,,False
2014-08-19,international_cup,Football Club København,Bayer 04 Leverkusen Fußball,2.0,4.0,0.0,0.0,,,False
2014-08-19,international_cup,Fußballclub Red Bull Salzburg,Malmö Fotbollförening,1.0,5.0,0.0,0.0,,,False
2014-08-19,international_cup,SC Fotbal Club FCSB SA,Ludogorets Razgrad,1.0,2.0,0.0,0.0,,,False
2014-08-19,international_cup,Società Sportiva Calcio Napoli,Athletic Club Bilbao,1.0,2.0,0.0,0.0,,,False
2014-08-20,international_cup,Aalborg BK,APOEL Nicosia,0.0,0.0,0.0,0.0,,,False
2014-08-20,international_cup,Lille Olympique Sporting Club,Futebol Clube do Porto,3.0,1.0,0.0,0.0,,,False
2014-08-20,international_cup,NK Maribor,The Celtic Football Club,1.0,2.0,0.0,0.0,,,False
2014-08-20,international_cup,Royal Standard Club de Liège,AO FK Zenit Sankt-Peterburg,3.0,2.0,0.0,0.0,,,False
2014-08-20,international_cup,Slovan Bratislava,BATE Borisov,3.0,3.0,0.0,0.0,,,False
2014-08-26,international_cup,AO FK Zenit Sankt-Peterburg,Royal Standard Club de Liège,3.0,3.0,1.0,1.0,,,False
2014-08-26,international_cup,APOEL Nicosia,Aalborg BK,0.0,2.0,0.0,0.0,,,False
2014-08-26,international_cup,BATE Borisov,Slovan Bratislava,2.0,3.0,0.0,1.0,,,False
2014-08-26,international_cup,Futebol Clube do Porto,Lille Olympique Sporting Club,0.0,3.0,0.0,0.0,,,False
2014-08-26,international_cup,The Celtic Football Club,NK Maribor,3.0,4.0,0.0,0.0,,,False
2014-08-27,international_cup,Arsenal Football Club,Beşiktaş Jimnastik Kulübü,3.0,6.0,1.0,0.0,,,False
2014-08-27,international_cup,Athletic Club Bilbao,Società Sportiva Calcio Napoli,1.0,3.0,0.0,0.0,,,False
2014-08-27,international_cup,Bayer 04 Leverkusen Fußball,Football Club København,0.0,2.0,0.0,0.0,,,False
2014-08-27,international_cup,Ludogorets Razgrad,SC Fotbal Club FCSB SA,5.0,5.0,1.0,0.0,,,False
2014-08-27,international_cup,Malmö Fotbollförening,Fußballclub Red Bull Salzburg,1.0,3.0,0.0,0.0,,,False
2014-09-16,international_cup,Association sportive de Monaco Football Club,Bayer 04 Leverkusen Fußball,2.0,2.0,0.0,0.0,,,False
2014-09-16,international_cup,Borussia Dortmund,Arsenal Football Club,1.0,2.0,0.0,0.0,,,False
2014-09-16,international_cup,Galatasaray Spor Kulübü,Royal Sporting Club Anderlecht,2.0,4.0,0.0,0.0,,,False
2014-09-16,international_cup,Juventus Football Club,Malmö Fotbollförening,0.0,3.0,0.0,0.0,,,False
2014-09-16,international_cup,Liverpool Football Club,Ludogorets Razgrad,0.0,4.0,0.0,0.0,,,False
2014-09-16,international_cup,Olympiakos Syndesmos Filathlon Peiraios,Club Atlético de Madrid S.A.D.,2.0,4.0,0.0,0.0,,,False
2014-09-16,international_cup,Real Madrid Club de Fútbol,FC Basel 1893 AG,1.0,3.0,0.0,0.0,,,False
2014-09-16,international_cup,Sport Lisboa e Benfica,AO FK Zenit Sankt-Peterburg,1.0,1.0,1.0,0.0,,,False
2014-09-17,international_cup,AFC Ajax Amsterdam,Paris Saint-Germain Football Club,4.0,1.0,0.0,0.0,,,False
2014-09-17,international_cup,Associazione Sportiva Roma,PFK CSKA Moskva,0.0,0.0,0.0,0.0,,,False
2014-09-17,international_cup,Athletic Club Bilbao,FC Shakhtar Donetsk,3.0,3.0,0.0,0.0,,,False
2014-09-17,international_cup,Chelsea Football Club,FC Schalke 04,2.0,3.0,0.0,0.0,,,False
2014-09-17,international_cup,FC Bayern München,Manchester City Football Club,0.0,4.0,0.0,0.0,,,False
2014-09-17,international_cup,Futbol Club Barcelona,APOEL Nicosia,0.0,2.0,0.0,0.0,,,False
2014-09-17,international_cup,Futebol Clube do Porto,BATE Borisov,0.0,2.0,0.0,0.0,,,False
2014-09-17,international_cup,NK Maribor,Sporting Clube de Portugal,2.0,1.0,0.0,0.0,,,False
2014-09-30,international_cup,APOEL Nicosia,AFC Ajax Amsterdam,2.0,4.0,0.0,0.0,,,False
2014-09-30,international_cup,BATE Borisov,Athletic Club Bilbao,1.0,3.0,0.0,0.0,,,False
2014-09-30,international_cup,FC Schalke 04,NK Maribor,1.0,4.0,0.0,0.0,,,False
2014-09-30,international_cup,FC Shakhtar Donetsk,Futebol Clube do Porto,5.0,2.0,0.0,0.0,,,False
2014-09-30,international_cup,Manchester City Football Club,Associazione Sportiva Roma,1.0,2.0,0.0,0.0,,,False
2014-09-30,international_cup,PFK CSKA Moskva,FC Bayern München,1.0,2.0,0.0,0.0,,,False
2014-09-30,international_cup,Paris Saint-Germain Football Club,Futbol Club Barcelona,3.0,1.0,0.0,0.0,,,False
2014-09-30,international_cup,Sporting Clube de Portugal,Chelsea Football Club,4.0,4.0,0.0,0.0,,,False
2014-10-01,international_cup,AO FK Zenit Sankt-Peterburg,Association sportive de Monaco Football Club,0.0,3.0,0.0,0.0,,,False
2014-10-01,international_cup,Arsenal Football Club,Galatasaray Spor Kulübü,1.0,2.0,1.0,0.0,,,False
2014-10-01,international_cup,Bayer 04 Leverkusen Fußball,Sport Lisboa e Benfica,2.0,5.0,0.0,0.0,,,False
2014-10-01,international_cup,Club Atlético de Madrid S.A.D.,Juventus Football Club,2.0,6.0,0.0,0.0,,,False
2014-10-01,international_cup,FC Basel 1893 AG,Liverpool Football Club,1.0,3.0,0.0,0.0,,,False
2014-10-01,international_cup,Ludogorets Razgrad,Real Madrid Club de Fútbol,5.0,1.0,0.0,0.0,,,False
2014-10-01,international_cup,Malmö Fotbollförening,Olympiakos Syndesmos Filathlon Peiraios,1.0,3.0,0.0,0.0,,,False
2014-10-01,international_cup,Royal Sporting Club Anderlecht,Borussia Dortmund,1.0,0.0,0.0,0.0,,,False
2014-10-21,international_cup,APOEL Nicosia,Paris Saint-Germain Football Club,0.0,0.0,0.0,0.0,,,False
2014-10-21,international_cup,Associazione Sportiva Roma,FC Bayern München,3.0,1.0,0.0,0.0,,,False
2014-10-21,international_cup,BATE Borisov,FC Shakhtar Donetsk,2.0,1.0,0.0,0.0,,,False
2014-10-21,international_cup,Chelsea Football Club,NK Maribor,0.0,0.0,0.0,0.0,,,False
2014-10-21,international_cup,FC Schalke 04,Sporting Clube de Portugal,0.0,3.0,0.0,1.0,,,False
2014-10-21,international_cup,Futbol Club Barcelona,AFC Ajax Amsterdam,1.0,3.0,0.0,0.0,,,False
2014-10-21,international_cup,Futebol Clube do Porto,Athletic Club Bilbao,2.0,4.0,0.0,0.0,,,False
2014-10-21,international_cup,PFK CSKA Moskva,Manchester City Football Club,0.0,1.0,0.0,0.0,,,False
2014-10-22,international_cup,Association sportive de Monaco Football Club,Sport Lisboa e Benfica,3.0,3.0,0.0,1.0,,,False
2014-10-22,international_cup,Bayer 04 Leverkusen Fußball,AO FK Zenit Sankt-Peterburg,1.0,5.0,1.0,0.0,,,False
2014-10-22,international_cup,Club Atlético de Madrid S.A.D.,Malmö Fotbollförening,1.0,2.0,0.0,0.0,,,False
2014-10-22,international_cup,Galatasaray Spor Kulübü,Borussia Dortmund,2.0,0.0,0.0,0.0,,,False
2014-10-22,international_cup,Liverpool Football Club,Real Madrid Club de Fútbol,0.0,1.0,0.0,0.0,,,False
2014-10-22,international_cup,Ludogorets Razgrad,FC Basel 1893 AG,3.0,5.0,0.0,1.0,,,False
2014-10-22,international_cup,Olympiakos Syndesmos Filathlon Peiraios,Juventus Football Club,2.0,3.0,0.0,0.0,,,False
2014-10-22,international_cup,Royal Sporting Club Anderlecht,Arsenal Football Club,1.0,2.0,0.0,0.0,,,False
2014-11-04,international_cup,AO FK Zenit Sankt-Peterburg,Bayer 04 Leverkusen Fußball,4.0,2.0,0.0,0.0,,,False
2014-11-04,international_cup,Arsenal Football Club,Royal Sporting Club Anderlecht,1.0,3.0,0.0,0.0,,,False
2014-11-04,international_cup,Borussia Dortmund,Galatasaray Spor Kulübü,0.0,3.0,0.0,0.0,,,False
2014-11-04,international_cup,FC Basel 1893 AG,Ludogorets Razgrad,1.0,1.0,0.0,0.0,,,False
2014-11-04,international_cup,Juventus Football Club,Olympiakos Syndesmos Filathlon Peiraios,1.0,1.0,0.0,0.0,,,False
2014-11-04,international_cup,Malmö Fotbollförening,Club Atlético de Madrid S.A.D.,3.0,5.0,0.0,0.0,,,False
2014-11-04,international_cup,Real Madrid Club de Fútbol,Liverpool Football Club,3.0,2.0,0.0,0.0,,,False
2014-11-04,international_cup,Sport Lisboa e Benfica,Association sportive de Monaco Football Club,2.0,5.0,0.0,0.0,,,False
2014-11-05,international_cup,AFC Ajax Amsterdam,Futbol Club Barcelona,3.0,3.0,1.0,0.0,,,False
2014-11-05,international_cup,Athletic Club Bilbao,Futebol Clube do Porto,1.0,1.0,0.0,0.0,,,False
2014-11-05,international_cup,FC Bayern München,Associazione Sportiva Roma,1.0,0.0,0.0,0.0,,,False
2014-11-05,international_cup,FC Shakhtar Donetsk,BATE Borisov,1.0,1.0,0.0,1.0,,,False
2014-11-05,international_cup,Manchester City Football Club,PFK CSKA Moskva,3.0,3.0,2.0,0.0,,,False
2014-11-05,international_cup,NK Maribor,Chelsea Football Club,3.0,1.0,0.0,0.0,,,False
2014-11-05,international_cup,Paris Saint-Germain Football Club,APOEL Nicosia,0.0,0.0,0.0,0.0,,,False
2014-11-05,international_cup,Sporting Clube de Portugal,FC Schalke 04,3.0,2.0,0.0,0.0,,,False
2014-11-25,international_cup,APOEL Nicosia,Futbol Club Barcelona,2.0,2.0,1.0,1.0,,,False
2014-11-25,international_cup,BATE Borisov,Futebol Clube do Porto,3.0,1.0,0.0,0.0,,,False
2014-11-25,international_cup,FC Schalke 04,Chelsea Football Club,1.0,0.0,0.0,0.0,,,False
2014-11-25,international_cup,FC Shakhtar Donetsk,Athletic Club Bilbao,4.0,4.0,0.0,0.0,,,False
2014-11-25,international_cup,Manchester City Football Club,FC Bayern München,3.0,1.0,0.0,1.0,,,False
2014-11-25,international_cup,PFK CSKA Moskva,Associazione Sportiva Roma,3.0,0.0,0.0,0.0,,,False
2014-11-25,international_cup,Paris Saint-Germain Football Club,AFC Ajax Amsterdam,1.0,1.0,0.0,0.0,,,False
2014-11-25,international_cup,Sporting Clube de Portugal,NK Maribor,1.0,3.0,0.0,0.0,,,False
2014-11-26,international_cup,AO FK Zenit Sankt-Peterburg,Sport Lisboa e Benfica,3.0,3.0,0.0,1.0,,,False
2014-11-26,international_cup,Arsenal Football Club,Borussia Dortmund,1.0,2.0,0.0,0.0,,,False
2014-11-26,international_cup,Bayer 04 Leverkusen Fußball,Association sportive de Monaco Football Club,1.0,1.0,0.0,0.0,,,False
2014-11-26,international_cup,Club Atlético de Madrid S.A.D.,Olympiakos Syndesmos Filathlon Peiraios,2.0,2.0,0.0,0.0,,,False
2014-11-26,international_cup,FC Basel 1893 AG,Real Madrid Club de Fútbol,3.0,2.0,0.0,0.0,,,False
2014-11-26,international_cup,Ludogorets Razgrad,Liverpool Football Club,0.0,0.0,0.0,0.0,,,False
2014-11-26,international_cup,Malmö Fotbollförening,Juventus Football Club,3.0,2.0,1.0,0.0,,,False
2014-11-26,international_cup,Royal Sporting Club Anderlecht,Galatasaray Spor Kulübü,1.0,5.0,0.0,1.0,,,False
2014-12-09,international_cup,Association sportive de Monaco Football Club,AO FK Zenit Sankt-Peterburg,2.0,2.0,0.0,0.0,,,False
2014-12-09,international_cup,Borussia Dortmund,Royal Sporting Club Anderlecht,0.0,1.0,0.0,0.0,,,False
2014-12-09,international_cup,Galatasaray Spor Kulübü,Arsenal Football Club,3.0,3.0,0.0,0.0,,,False
2014-12-09,international_cup,Juventus Football Club,Club Atlético de Madrid S.A.D.,1.0,2.0,0.0,0.0,,,False
2014-12-09,international_cup,Liverpool Football Club,FC Basel 1893 AG,3.0,1.0,1.0,0.0,,,False
2014-12-09,international_cup,Olympiakos Syndesmos Filathlon Peiraios,Malmö Fotbollförening,0.0,4.0,0.0,1.0,,,False
2014-12-09,international_cup,Real Madrid Club de Fútbol,Ludogorets Razgrad,1.0,0.0,0.0,1.0,,,False
2014-12-09,international_cup,Sport Lisboa e Benfica,Bayer 04 Leverkusen Fußball,1.0,2.0,0.0,1.0,,,False
2014-12-10,international_cup,AFC Ajax Amsterdam,APOEL Nicosia,0.0,2.0,0.0,0.0,,,False
2014-12-10,international_cup,Associazione Sportiva Roma,Manchester City Football Club,1.0,2.0,0.0,0.0,,,False
2014-12-10,international_cup,Athletic Club Bilbao,BATE Borisov,2.0,1.0,0.0,0.0,,,False
2014-12-10,international_cup,Chelsea Football Club,Sporting Clube de Portugal,1.0,4.0,0.0,0.0,,,False
2014-12-10,international_cup,FC Bayern München,PFK CSKA Moskva,1.0,3.0,0.0,0.0,,,False
2014-12-10,international_cup,Futbol Club Barcelona,Paris Saint-Germain Football Club,0.0,1.0,0.0,0.0,,,False
2014-12-10,international_cup,Futebol Clube do Porto,FC Shakhtar Donetsk,2.0,2.0,0.0,0.0,,,False
2014-12-10,international_cup,NK Maribor,FC Schalke 04,0.0,0.0,0.0,0.0,,,False
2015-02-17,international_cup,FC Shakhtar Donetsk,FC Bayern München,3.0,4.0,0.0,1.0,,,False
2015-02-17,international_cup,Paris Saint-Germain Football Club,Chelsea Football Club,2.0,2.0,0.0,0.0,,,False
2015-02-18,international_cup,FC Basel 1893 AG,Futebol Clube do Porto,5.0,4.0,0.0,0.0,,,False
2015-02-18,international_cup,FC Schalke 04,Real Madrid Club de Fútbol,3.0,1.0,0.0,0.0,,,False
2015-02-24,international_cup,Juventus Football Club,Borussia Dortmund,2.0,0.0,0.0,0.0,,,False
2015-02-24,international_cup,Manchester City Football Club,Futbol Club Barcelona,2.0,3.0,1.0,0.0,,,False
2015-02-25,international_cup,Arsenal Football Club,Association sportive de Monaco Football Club,3.0,2.0,0.0,0.0,,,False
2015-02-25,international_cup,Bayer 04 Leverkusen Fußball,Club Atlético de Madrid S.A.D.,5.0,4.0,0.0,1.0,,,False
2015-03-10,international_cup,Futebol Clube do Porto,FC Basel 1893 AG,1.0,4.0,0.0,1.0,,,False
2015-03-10,international_cup,Real Madrid Club de Fútbol,FC Schalke 04,2.0,1.0,0.0,0.0,,,False
2015-03-11,international_cup,Chelsea Football Club,Paris Saint-Germain Football Club,3.0,4.0,0.0,1.0,,,False
2015-03-11,international_cup,FC Bayern München,FC Shakhtar Donetsk,2.0,1.0,0.0,1.0,,,False
2015-03-17,international_cup,Association sportive de Monaco Football Club,Arsenal Football Club,1.0,1.0,0.0,0.0,,,False
2015-03-17,international_cup,Club Atlético de Madrid S.A.D.,Bayer 04 Leverkusen Fußball,4.0,6.0,0.0,0.0,,,False
2015-03-18,international_cup,Borussia Dortmund,Juventus Football Club,1.0,0.0,0.0,0.0,,,False
2015-03-18,international_cup,Futbol Club Barcelona,Manchester City Football Club,1.0,5.0,0.0,0.0,,,False
2015-04-14,international_cup,Club Atlético de Madrid S.A.D.,Real Madrid Club de Fútbol,3.0,2.0,0.0,0.0,,,False
2015-04-14,international_cup,Juventus Football Club,Association sportive de Monaco Football Club,0.0,1.0,0.0,0.0,,,False
2015-04-15,international_cup,Futebol Clube do Porto,FC Bayern München,3.0,4.0,0.0,0.0,,,False
2015-04-15,international_cup,Paris Saint-Germain Football Club,Futbol Club Barcelona,1.0,2.0,0.0,0.0,,,False
2015-04-21,international_cup,FC Bayern München,Futebol Clube do Porto,1.0,4.0,0.0,1.0,,,False
2015-04-21,international_cup,Futbol Club Barcelona,Paris Saint-Germain Football Club,0.0,1.0,0.0,0.0,,,False
2015-04-22,international_cup,Association sportive de Monaco Football Club,Juventus Football Club,2.0,2.0,0.0,0.0,,,False
2015-04-22,international_cup,Real Madrid Club de Fútbol,Club Atlético de Madrid S.A.D.,2.0,3.0,0.0,1.0,,,False
2015-05-05,international_cup,Juventus Football Club,Real Madrid Club de Fútbol,4.0,3.0,0.0,0.0,,,False
2015-05-06,international_cup,Futbol Club Barcelona,FC Bayern München,3.0,3.0,0.0,0.0,,,False
2015-05-12,international_cup,FC Bayern München,Futbol Club Barcelona,5.0,2.0,0.0,0.0,,,False
2015-05-13,international_cup,Real Madrid Club de Fútbol,Juventus Football Club,2.0,2.0,0.0,0.0,,,False
2015-06-06,international_cup,Juventus Football Club,Futbol Club Barcelona,2.0,1.0,0.0,0.0,,,False
2015-06-30,international_cup,Crusaders FC,Levadia Tallinn,2.0,3.0,0.0,0.0,,,False
2015-06-30,international_cup,FC Pyunik Yerevan,SS Folgore/Falciano,2.0,4.0,0.0,1.0,,,False
2015-06-30,international_cup,Lincoln Red Imps FC,FC Santa Coloma,2.0,4.0,0.0,0.0,,,False
2015-07-01,international_cup,B36 Tórshavn,The New Saints,2.0,2.0,0.0,0.0,,,False
2015-07-07,international_cup,FC Santa Coloma,Lincoln Red Imps FC,6.0,1.0,0.0,0.0,,,False
2015-07-07,international_cup,Levadia Tallinn,Crusaders FC,1.0,2.0,0.0,0.0,,,False
2015-07-07,international_cup,SS Folgore/Falciano,FC Pyunik Yerevan,4.0,3.0,0.0,0.0,,,False
2015-07-07,international_cup,The New Saints,B36 Tórshavn,0.0,3.0,0.0,0.0,,,False
2015-07-14,international_cup,APOEL Nicosia,Vardar Skopje,2.0,2.0,0.0,0.0,,,False
2015-07-14,international_cup,AS Trencin,SC Fotbal Club FCSB SA,3.0,3.0,0.0,0.0,,,False
2015-07-14,international_cup,FK Sarajevo,KKS Lech Poznań Spółka Akcyjna,3.0,3.0,0.0,0.0,,,False
2015-07-14,international_cup,Fodbold Club Midtjylland,Lincoln Red Imps FC,1.0,3.0,0.0,0.0,,,False
2015-07-14,international_cup,Fudbalski Klub Partizan Beograd,FC Dila Gori,0.0,4.0,0.0,1.0,,,False
2015-07-14,international_cup,Hibernians FC,Maccabi Tel Aviv,3.0,3.0,0.0,0.0,,,False
2015-07-14,international_cup,JFK Ventspils,HJK Helsinki,2.0,2.0,0.0,0.0,,,False
2015-07-14,international_cup,KF Skënderbeu,Crusaders FC,2.0,4.0,0.0,0.0,,,False
2015-07-14,international_cup,Ludogorets Razgrad,FC Milsami Orhei,4.0,5.0,0.0,0.0,,,False
2015-07-14,international_cup,Molde Fotballklubb,FC Pyunik Yerevan,1.0,0.0,0.0,0.0,,,False
2015-07-14,international_cup,NK Maribor,FC Astana,3.0,2.0,0.0,0.0,,,False
2015-07-14,international_cup,The New Saints,Videoton FC,3.0,2.0,0.0,0.0,,,False
2015-07-15,international_cup,BATE Borisov,Dundalk FC,2.0,1.0,0.0,0.0,,,False
2015-07-15,international_cup,GNK Dinamo Zagreb,CS Fola Esch,5.0,3.0,0.0,1.0,,,False
2015-07-15,international_cup,Malmö Fotbollförening,FK Zalgiris Vilnius,2.0,4.0,0.0,0.0,,,False
2015-07-15,international_cup,Qarabağ FK,Rudar Pljevlja,1.0,4.0,0.0,0.0,,,False
2015-07-15,international_cup,The Celtic Football Club,Stjarnan Gardabaer,1.0,1.0,0.0,0.0,,,False
2015-07-21,international_cup,Crusaders FC,KF Skënderbeu,4.0,1.0,0.0,1.0,,,False
2015-07-21,international_cup,FC Dila Gori,Fudbalski Klub Partizan Beograd,3.0,2.0,0.0,0.0,,,False
2015-07-21,international_cup,FC Milsami Orhei,Ludogorets Razgrad,3.0,2.0,1.0,0.0,,,False
2015-07-21,international_cup,FC Pyunik Yerevan,Molde Fotballklubb,1.0,0.0,0.0,0.0,,,False
2015-07-21,international_cup,FK Zalgiris Vilnius,Malmö Fotbollförening,5.0,3.0,1.0,0.0,,,False
2015-07-21,international_cup,HJK Helsinki,JFK Ventspils,0.0,3.0,0.0,0.0,,,False
2015-07-21,international_cup,Lincoln Red Imps FC,Fodbold Club Midtjylland,4.0,1.0,0.0,0.0,,,False
2015-07-21,international_cup,Maccabi Tel Aviv,Hibernians FC,3.0,6.0,0.0,0.0,,,False
2015-07-21,international_cup,Vardar Skopje,APOEL Nicosia,2.0,4.0,0.0,0.0,,,False
2015-07-22,international_cup,CS Fola Esch,GNK Dinamo Zagreb,0.0,1.0,0.0,0.0,,,False
2015-07-22,international_cup,Dundalk FC,BATE Borisov,5.0,3.0,0.0,0.0,,,False
2015-07-22,international_cup,FC Astana,NK Maribor,1.0,4.0,1.0,0.0,,,False
2015-07-22,international_cup,KKS Lech Poznań Spółka Akcyjna,FK Sarajevo,1.0,4.0,0.0,0.0,,,False
2015-07-22,international_cup,Rudar Pljevlja,Qarabağ FK,3.0,0.0,0.0,0.0,,,False
2015-07-22,international_cup,SC Fotbal Club FCSB SA,AS Trencin,2.0,2.0,0.0,1.0,,,False
2015-07-22,international_cup,Stjarnan Gardabaer,The Celtic Football Club,1.0,0.0,0.0,0.0,,,False
2015-07-22,international_cup,Videoton FC,The New Saints,2.0,1.0,0.0,1.0,,,False
2015-07-28,international_cup,Berner Sport Club Young Boys,Association sportive de Monaco Football Club,0.0,1.0,0.0,0.0,,,False
2015-07-28,international_cup,FC Milsami Orhei,KF Skënderbeu,4.0,0.0,0.0,0.0,,,False
2015-07-28,international_cup,Fenerbahçe Spor Kulübü,FC Shakhtar Donetsk,2.0,0.0,0.0,0.0,,,False
2015-07-28,international_cup,Fodbold Club Midtjylland,APOEL Nicosia,1.0,1.0,0.0,0.0,,,False
2015-07-28,international_cup,GNK Dinamo Zagreb,Molde Fotballklubb,2.0,3.0,1.0,0.0,,,False
2015-07-28,international_cup,Maccabi Tel Aviv,"FC Viktoria Plzeň, a.s.",2.0,1.0,0.0,0.0,,,False
2015-07-28,international_cup,PFK CSKA Moskva,"AC Sparta Praha, a. s.",3.0,4.0,0.0,0.0,,,False
2015-07-28,international_cup,Panathinaikos Athlitikos Omilos,Club Brugge Koninklijke Voetbalvereniging,1.0,0.0,1.0,0.0,,,False
2015-07-28,international_cup,Videoton FC,BATE Borisov,0.0,3.0,0.0,0.0,,,False
2015-07-29,international_cup,Fußballclub Red Bull Salzburg,Malmö Fotbollförening,1.0,2.0,0.0,0.0,,,False
2015-07-29,international_cup,HJK Helsinki,FC Astana,2.0,2.0,0.0,0.0,,,False
2015-07-29,international_cup,KKS Lech Poznań Spółka Akcyjna,FC Basel 1893 AG,3.0,0.0,1.0,1.0,,,False
2015-07-29,international_cup,SC Fotbal Club FCSB SA,Fudbalski Klub Partizan Beograd,3.0,2.0,0.0,0.0,,,False
2015-07-29,international_cup,Sportklub Rapid,AFC Ajax Amsterdam,1.0,2.0,1.0,0.0,,,False
2015-07-29,international_cup,The Celtic Football Club,Qarabağ FK,3.0,1.0,0.0,0.0,,,False
2015-08-04,international_cup,AFC Ajax Amsterdam,Sportklub Rapid,1.0,2.0,0.0,0.0,,,False
2015-08-04,international_cup,APOEL Nicosia,Fodbold Club Midtjylland,1.0,4.0,1.0,0.0,,,False
2015-08-04,international_cup,Association sportive de Monaco Football Club,Berner Sport Club Young Boys,1.0,2.0,0.0,0.0,,,False
2015-08-04,international_cup,Molde Fotballklubb,GNK Dinamo Zagreb,2.0,5.0,1.0,0.0,,,False
2015-08-05,international_cup,"AC Sparta Praha, a. s.",PFK CSKA Moskva,2.0,1.0,1.0,0.0,,,False
2015-08-05,international_cup,BATE Borisov,Videoton FC,1.0,2.0,0.0,1.0,,,False
2015-08-05,international_cup,Club Brugge Koninklijke Voetbalvereniging,Panathinaikos Athlitikos Omilos,2.0,3.0,0.0,0.0,,,False
2015-08-05,international_cup,FC Astana,HJK Helsinki,2.0,1.0,1.0,0.0,,,False
2015-08-05,international_cup,FC Basel 1893 AG,KKS Lech Poznań Spółka Akcyjna,3.0,3.0,0.0,0.0,,,False
2015-08-05,international_cup,FC Shakhtar Donetsk,Fenerbahçe Spor Kulübü,1.0,4.0,0.0,1.0,,,False
2015-08-05,international_cup,"FC Viktoria Plzeň, a.s.",Maccabi Tel Aviv,2.0,4.0,0.0,0.0,,,False
2015-08-05,international_cup,Fudbalski Klub Partizan Beograd,SC Fotbal Club FCSB SA,2.0,4.0,0.0,1.0,,,False
2015-08-05,international_cup,KF Skënderbeu,FC Milsami Orhei,3.0,1.0,0.0,1.0,,,False
2015-08-05,international_cup,Malmö Fotbollförening,Fußballclub Red Bull Salzburg,3.0,3.0,1.0,0.0,,,False
2015-08-05,international_cup,Qarabağ FK,The Celtic Football Club,0.0,2.0,0.0,0.0,,,False
2015-08-11,international_cup,Futbol Club Barcelona,Sevilla Fútbol Club S.A.D.,4.0,5.0,0.0,0.0,,,False
2015-08-18,international_cup,BATE Borisov,Fudbalski Klub Partizan Beograd,2.0,1.0,0.0,1.0,,,False
2015-08-18,international_cup,FC Astana,APOEL Nicosia,1.0,1.0,0.0,0.0,,,False
2015-08-18,international_cup,Manchester United Football Club,Club Brugge Koninklijke Voetbalvereniging,2.0,3.0,0.0,1.0,,,False
2015-08-18,international_cup,Società Sportiva Lazio S.p.A.,Bayer 04 Leverkusen Fußball,2.0,4.0,0.0,0.0,,,False
2015-08-18,international_cup,Sporting Clube de Portugal,PFK CSKA Moskva,4.0,3.0,0.0,0.0,,,False
2015-08-19,international_cup,FC Basel 1893 AG,Maccabi Tel Aviv,2.0,2.0,0.0,0.0,,,False
2015-08-19,international_cup,KF Skënderbeu,GNK Dinamo Zagreb,1.0,2.0,0.0,0.0,,,False
2015-08-19,international_cup,Sportklub Rapid,FC Shakhtar Donetsk,4.0,4.0,0.0,0.0,,,False
2015-08-19,international_cup,The Celtic Football Club,Malmö Fotbollförening,3.0,3.0,0.0,0.0,,,False
2015-08-19,international_cup,Valencia Club de Fútbol S. A. D.,Association sportive de Monaco Football Club,3.0,4.0,0.0,0.0,,,False
2015-08-25,international_cup,Association sportive de Monaco Football Club,Valencia Club de Fútbol S. A. D.,3.0,3.0,0.0,0.0,,,False
2015-08-25,international_cup,FC Shakhtar Donetsk,Sportklub Rapid,4.0,2.0,0.0,1.0,,,False
2015-08-25,international_cup,GNK Dinamo Zagreb,KF Skënderbeu,3.0,2.0,1.0,0.0,,,False
2015-08-25,international_cup,Maccabi Tel Aviv,FC Basel 1893 AG,1.0,4.0,0.0,0.0,,,False
2015-08-25,international_cup,Malmö Fotbollförening,The Celtic Football Club,4.0,6.0,0.0,0.0,,,False
2015-08-26,international_cup,APOEL Nicosia,FC Astana,3.0,4.0,0.0,0.0,,,False
2015-08-26,international_cup,Bayer 04 Leverkusen Fußball,Società Sportiva Lazio S.p.A.,3.0,3.0,0.0,1.0,,,False
2015-08-26,international_cup,Club Brugge Koninklijke Voetbalvereniging,Manchester United Football Club,2.0,1.0,0.0,0.0,,,False
2015-08-26,international_cup,Fudbalski Klub Partizan Beograd,BATE Borisov,1.0,3.0,0.0,0.0,,,False
2015-08-26,international_cup,PFK CSKA Moskva,Sporting Clube de Portugal,3.0,2.0,0.0,1.0,,,False
2015-09-15,international_cup,Eindhovense Voetbalvereniging Philips Sport Vereniging,Manchester United Football Club,3.0,1.0,0.0,0.0,,,False
2015-09-15,international_cup,Galatasaray Spor Kulübü,Club Atlético de Madrid S.A.D.,2.0,1.0,0.0,0.0,,,False
2015-09-15,international_cup,Manchester City Football Club,Juventus Football Club,0.0,0.0,0.0,0.0,,,False
2015-09-15,international_cup,Paris Saint-Germain Football Club,Malmö Fotbollförening,2.0,2.0,0.0,0.0,,,False
2015-09-15,international_cup,Real Madrid Club de Fútbol,FC Shakhtar Donetsk,0.0,4.0,0.0,1.0,,,False
2015-09-15,international_cup,Sevilla Fútbol Club S.A.D.,Borussia Verein für Leibesübungen 1900 Mönchengladbach,2.0,3.0,0.0,0.0,,,False
2015-09-15,international_cup,Sport Lisboa e Benfica,FC Astana,3.0,3.0,0.0,0.0,,,False
2015-09-15,international_cup,Verein für Leibesübungen Wolfsburg,PFK CSKA Moskva,0.0,0.0,0.0,0.0,,,False
2015-09-16,international_cup,Associazione Sportiva Roma,Futbol Club Barcelona,1.0,1.0,0.0,0.0,,,False
2015-09-16,international_cup,Bayer 04 Leverkusen Fußball,BATE Borisov,1.0,3.0,0.0,0.0,,,False
2015-09-16,international_cup,Chelsea Football Club,Maccabi Tel Aviv,1.0,3.0,0.0,0.0,,,False
2015-09-16,international_cup,Futbolniy Klub Dynamo Kyiv,Futebol Clube do Porto,2.0,4.0,0.0,0.0,,,False
2015-09-16,international_cup,GNK Dinamo Zagreb,Arsenal Football Club,3.0,2.0,0.0,1.0,,,False
2015-09-16,international_cup,Koninklijke Atletiek Associatie Gent,Olympique Lyonnais,1.0,3.0,2.0,0.0,,,False
2015-09-16,international_cup,Olympiakos Syndesmos Filathlon Peiraios,FC Bayern München,3.0,2.0,0.0,0.0,,,False
2015-09-16,international_cup,Valencia Club de Fútbol S. A. D.,AO FK Zenit Sankt-Peterburg,3.0,3.0,0.0,0.0,,,False
2015-09-29,international_cup,AO FK Zenit Sankt-Peterburg,Koninklijke Atletiek Associatie Gent,1.0,3.0,0.0,0.0,,,False
2015-09-29,international_cup,Arsenal Football Club,Olympiakos Syndesmos Filathlon Peiraios,3.0,4.0,0.0,0.0,,,False
2015-09-29,international_cup,BATE Borisov,Associazione Sportiva Roma,2.0,2.0,0.0,0.0,,,False
2015-09-29,international_cup,FC Bayern München,GNK Dinamo Zagreb,1.0,2.0,0.0,0.0,,,False
2015-09-29,international_cup,Futbol Club Barcelona,Bayer 04 Leverkusen Fußball,3.0,3.0,0.0,0.0,,,False
2015-09-29,international_cup,Futebol Clube do Porto,Chelsea Football Club,4.0,3.0,0.0,0.0,,,False
2015-09-29,international_cup,Maccabi Tel Aviv,Futbolniy Klub Dynamo Kyiv,3.0,3.0,0.0,0.0,,,False
2015-09-29,international_cup,Olympique Lyonnais,Valencia Club de Fútbol S. A. D.,3.0,3.0,0.0,0.0,,,False
2015-09-30,international_cup,Borussia Verein für Leibesübungen 1900 Mönchengladbach,Manchester City Football Club,3.0,1.0,0.0,0.0,,,False
2015-09-30,international_cup,Club Atlético de Madrid S.A.D.,Sport Lisboa e Benfica,2.0,4.0,0.0,0.0,,,False
2015-09-30,international_cup,FC Astana,Galatasaray Spor Kulübü,1.0,2.0,0.0,0.0,,,False
2015-09-30,international_cup,FC Shakhtar Donetsk,Paris Saint-Germain Football Club,0.0,3.0,0.0,0.0,,,False
2015-09-30,international_cup,Juventus Football Club,Sevilla Fútbol Club S.A.D.,0.0,1.0,0.0,0.0,,,False
2015-09-30,international_cup,Malmö Fotbollförening,Real Madrid Club de Fútbol,3.0,3.0,1.0,0.0,,,False
2015-09-30,international_cup,Manchester United Football Club,Verein für Leibesübungen Wolfsburg,4.0,1.0,0.0,0.0,,,False
2015-09-30,international_cup,PFK CSKA Moskva,Eindhovense Voetbalvereniging Philips Sport Vereniging,1.0,3.0,0.0,1.0,,,False
2015-10-20,international_cup,AO FK Zenit Sankt-Peterburg,Olympique Lyonnais,2.0,4.0,0.0,0.0,,,False
2015-10-20,international_cup,Arsenal Football Club,FC Bayern München,1.0,0.0,0.0,0.0,,,False
2015-10-20,international_cup,BATE Borisov,Futbol Club Barcelona,5.0,3.0,0.0,0.0,,,False
2015-10-20,international_cup,Bayer 04 Leverkusen Fußball,Associazione Sportiva Roma,2.0,2.0,0.0,0.0,,,False
2015-10-20,international_cup,Futbolniy Klub Dynamo Kyiv,Chelsea Football Club,1.0,1.0,0.0,0.0,,,False
2015-10-20,international_cup,Futebol Clube do Porto,Maccabi Tel Aviv,1.0,3.0,0.0,0.0,,,False
2015-10-20,international_cup,GNK Dinamo Zagreb,Olympiakos Syndesmos Filathlon Peiraios,2.0,2.0,0.0,0.0,,,False
2015-10-20,international_cup,Valencia Club de Fútbol S. A. D.,Koninklijke Atletiek Associatie Gent,4.0,4.0,0.0,0.0,,,False
2015-10-21,international_cup,Club Atlético de Madrid S.A.D.,FC Astana,0.0,1.0,0.0,0.0,,,False
2015-10-21,international_cup,Galatasaray Spor Kulübü,Sport Lisboa e Benfica,4.0,4.0,0.0,0.0,,,False
2015-10-21,international_cup,Juventus Football Club,Borussia Verein für Leibesübungen 1900 Mönchengladbach,1.0,3.0,0.0,0.0,,,False
2015-10-21,international_cup,Malmö Fotbollförening,FC Shakhtar Donetsk,3.0,4.0,0.0,0.0,,,False
2015-10-21,international_cup,Manchester City Football Club,Sevilla Fútbol Club S.A.D.,1.0,2.0,0.0,0.0,,,False
2015-10-21,international_cup,PFK CSKA Moskva,Manchester United Football Club,1.0,3.0,0.0,0.0,,,False
2015-10-21,international_cup,Paris Saint-Germain Football Club,Real Madrid Club de Fútbol,3.0,3.0,0.0,0.0,,,False
2015-10-21,international_cup,Verein für Leibesübungen Wolfsburg,Eindhovense Voetbalvereniging Philips Sport Vereniging,2.0,0.0,0.0,0.0,,,False
2015-11-03,international_cup,Borussia Verein für Leibesübungen 1900 Mönchengladbach,Juventus Football Club,0.0,3.0,0.0,1.0,,,False
2015-11-03,international_cup,Eindhovense Voetbalvereniging Philips Sport Vereniging,Verein für Leibesübungen Wolfsburg,3.0,3.0,0.0,0.0,,,False
2015-11-03,international_cup,FC Astana,Club Atlético de Madrid S.A.D.,3.0,0.0,0.0,0.0,,,False
2015-11-03,international_cup,FC Shakhtar Donetsk,Malmö Fotbollförening,4.0,2.0,0.0,1.0,,,False
2015-11-03,international_cup,Manchester United Football Club,PFK CSKA Moskva,0.0,2.0,0.0,0.0,,,False
2015-11-03,international_cup,Real Madrid Club de Fútbol,Paris Saint-Germain Football Club,2.0,2.0,0.0,0.0,,,False
2015-11-03,international_cup,Sevilla Fútbol Club S.A.D.,Manchester City Football Club,1.0,0.0,0.0,0.0,,,False
2015-11-03,international_cup,Sport Lisboa e Benfica,Galatasaray Spor Kulübü,4.0,3.0,1.0,0.0,,,False
2015-11-04,international_cup,Associazione Sportiva Roma,Bayer 04 Leverkusen Fußball,2.0,1.0,0.0,1.0,,,False
2015-11-04,international_cup,Chelsea Football Club,Futbolniy Klub Dynamo Kyiv,0.0,4.0,0.0,0.0,,,False
2015-11-04,international_cup,FC Bayern München,Arsenal Football Club,0.0,2.0,0.0,0.0,,,False
2015-11-04,international_cup,Futbol Club Barcelona,BATE Borisov,1.0,3.0,0.0,0.0,,,False
2015-11-04,international_cup,Koninklijke Atletiek Associatie Gent,Valencia Club de Fútbol S. A. D.,1.0,4.0,0.0,0.0,,,False
2015-11-04,international_cup,Maccabi Tel Aviv,Futebol Clube do Porto,2.0,1.0,0.0,0.0,,,False
2015-11-04,international_cup,Olympiakos Syndesmos Filathlon Peiraios,GNK Dinamo Zagreb,0.0,4.0,0.0,1.0,,,False
2015-11-04,international_cup,Olympique Lyonnais,AO FK Zenit Sankt-Peterburg,1.0,6.0,1.0,1.0,,,False
2015-11-24,international_cup,AO FK Zenit Sankt-Peterburg,Valencia Club de Fútbol S. A. D.,3.0,1.0,0.0,1.0,,,False
2015-11-24,international_cup,Arsenal Football Club,GNK Dinamo Zagreb,1.0,0.0,0.0,0.0,,,False
2015-11-24,international_cup,BATE Borisov,Bayer 04 Leverkusen Fußball,4.0,3.0,0.0,0.0,,,False
2015-11-24,international_cup,FC Bayern München,Olympiakos Syndesmos Filathlon Peiraios,1.0,1.0,1.0,0.0,,,False
2015-11-24,international_cup,Futbol Club Barcelona,Associazione Sportiva Roma,3.0,1.0,0.0,0.0,,,False
2015-11-24,international_cup,Futebol Clube do Porto,Futbolniy Klub Dynamo Kyiv,1.0,3.0,0.0,0.0,,,False
2015-11-24,international_cup,Maccabi Tel Aviv,Chelsea Football Club,0.0,2.0,1.0,0.0,,,False
2015-11-24,international_cup,Olympique Lyonnais,Koninklijke Atletiek Associatie Gent,2.0,6.0,0.0,0.0,,,False
2015-11-25,international_cup,Borussia Verein für Leibesübungen 1900 Mönchengladbach,Sevilla Fútbol Club S.A.D.,2.0,1.0,0.0,0.0,,,False
2015-11-25,international_cup,Club Atlético de Madrid S.A.D.,Galatasaray Spor Kulübü,0.0,1.0,0.0,0.0,,,False
2015-11-25,international_cup,FC Astana,Sport Lisboa e Benfica,2.0,3.0,0.0,0.0,,,False
2015-11-25,international_cup,FC Shakhtar Donetsk,Real Madrid Club de Fútbol,1.0,2.0,0.0,0.0,,,False
2015-11-25,international_cup,Juventus Football Club,Manchester City Football Club,0.0,3.0,0.0,0.0,,,False
2015-11-25,international_cup,Malmö Fotbollförening,Paris Saint-Germain Football Club,2.0,0.0,0.0,0.0,,,False
2015-11-25,international_cup,Manchester United Football Club,Eindhovense Voetbalvereniging Philips Sport Vereniging,1.0,2.0,0.0,0.0,,,False
2015-11-25,international_cup,PFK CSKA Moskva,Verein für Leibesübungen Wolfsburg,4.0,0.0,0.0,0.0,,,False
2015-12-08,international_cup,Eindhovense Voetbalvereniging Philips Sport Vereniging,PFK CSKA Moskva,4.0,3.0,0.0,0.0,,,False
2015-12-08,international_cup,Galatasaray Spor Kulübü,FC Astana,1.0,2.0,0.0,0.0,,,False
2015-12-08,international_cup,Manchester City Football Club,Borussia Verein für Leibesübungen 1900 Mönchengladbach,0.0,0.0,0.0,0.0,,,False
2015-12-08,international_cup,Paris Saint-Germain Football Club,FC Shakhtar Donetsk,1.0,3.0,0.0,0.0,,,False
2015-12-08,international_cup,Real Madrid Club de Fútbol,Malmö Fotbollförening,0.0,0.0,0.0,0.0,,,False
2015-12-08,international_cup,Sevilla Fútbol Club S.A.D.,Juventus Football Club,0.0,2.0,0.0,0.0,,,False
2015-12-08,international_cup,Sport Lisboa e Benfica,Club Atlético de Madrid S.A.D.,1.0,3.0,0.0,0.0,,,False
2015-12-08,international_cup,Verein für Leibesübungen Wolfsburg,Manchester United Football Club,2.0,2.0,0.0,0.0,,,False
2015-12-09,international_cup,Associazione Sportiva Roma,BATE Borisov,0.0,0.0,0.0,0.0,,,False
2015-12-09,international_cup,Bayer 04 Leverkusen Fußball,Futbol Club Barcelona,1.0,3.0,0.0,0.0,,,False
2015-12-09,international_cup,Chelsea Football Club,Futebol Clube do Porto,3.0,3.0,0.0,0.0,,,False
2015-12-09,international_cup,Futbolniy Klub Dynamo Kyiv,Maccabi Tel Aviv,3.0,3.0,0.0,0.0,,,False
2015-12-09,international_cup,GNK Dinamo Zagreb,FC Bayern München,3.0,0.0,0.0,0.0,,,False
2015-12-09,international_cup,Koninklijke Atletiek Associatie Gent,AO FK Zenit Sankt-Peterburg,2.0,6.0,0.0,0.0,,,False
2015-12-09,international_cup,Olympiakos Syndesmos Filathlon Peiraios,Arsenal Football Club,2.0,2.0,0.0,0.0,,,False
2015-12-09,international_cup,Valencia Club de Fútbol S. A. D.,Olympique Lyonnais,3.0,1.0,0.0,0.0,,,False
2016-02-16,international_cup,Paris Saint-Germain Football Club,Chelsea Football Club,3.0,2.0,0.0,0.0,,,False
2016-02-16,international_cup,Sport Lisboa e Benfica,AO FK Zenit Sankt-Peterburg,4.0,3.0,0.0,1.0,,,False
2016-02-17,international_cup,Associazione Sportiva Roma,Real Madrid Club de Fútbol,0.0,2.0,0.0,0.0,,,False
2016-02-17,international_cup,Koninklijke Atletiek Associatie Gent,Verein für Leibesübungen Wolfsburg,1.0,2.0,0.0,0.0,,,False
2016-02-23,international_cup,Arsenal Football Club,Futbol Club Barcelona,1.0,1.0,0.0,0.0,,,False
2016-02-23,international_cup,Juventus Football Club,FC Bayern München,1.0,3.0,0.0,0.0,,,False
2016-02-24,international_cup,Eindhovense Voetbalvereniging Philips Sport Vereniging,Club Atlético de Madrid S.A.D.,1.0,1.0,1.0,0.0,,,False
2016-02-24,international_cup,Futbolniy Klub Dynamo Kyiv,Manchester City Football Club,0.0,0.0,0.0,0.0,,,False
2016-03-08,international_cup,Real Madrid Club de Fútbol,Associazione Sportiva Roma,1.0,1.0,0.0,0.0,,,False
2016-03-08,international_cup,Verein für Leibesübungen Wolfsburg,Koninklijke Atletiek Associatie Gent,0.0,0.0,0.0,0.0,,,False
2016-03-09,international_cup,AO FK Zenit Sankt-Peterburg,Sport Lisboa e Benfica,1.0,2.0,0.0,0.0,,,False
2016-03-09,international_cup,Chelsea Football Club,Paris Saint-Germain Football Club,3.0,3.0,0.0,0.0,,,False
2016-03-15,international_cup,Club Atlético de Madrid S.A.D.,Eindhovense Voetbalvereniging Philips Sport Vereniging,0.0,4.0,0.0,0.0,,,False
2016-03-15,international_cup,Manchester City Football Club,Futbolniy Klub Dynamo Kyiv,1.0,2.0,0.0,0.0,,,False
2016-03-16,international_cup,FC Bayern München,Juventus Football Club,5.0,7.0,0.0,0.0,,,False
2016-03-16,international_cup,Futbol Club Barcelona,Arsenal Football Club,1.0,4.0,0.0,0.0,,,False
2016-04-05,international_cup,FC Bayern München,Sport Lisboa e Benfica,2.0,2.0,0.0,0.0,,,False
2016-04-05,international_cup,Futbol Club Barcelona,Club Atlético de Madrid S.A.D.,3.0,7.0,0.0,1.0,,,False
2016-04-06,international_cup,Paris Saint-Germain Football Club,Manchester City Football Club,2.0,4.0,0.0,0.0,,,False
2016-04-06,international_cup,Verein für Leibesübungen Wolfsburg,Real Madrid Club de Fútbol,4.0,1.0,0.0,0.0,,,False
2016-04-12,international_cup,Manchester City Football Club,Paris Saint-Germain Football Club,1.0,3.0,0.0,0.0,,,False
2016-04-12,international_cup,Real Madrid Club de Fútbol,Verein für Leibesübungen Wolfsburg,1.0,4.0,0.0,0.0,,,False
2016-04-13,international_cup,Club Atlético de Madrid S.A.D.,Futbol Club Barcelona,4.0,4.0,0.0,0.0,,,False
2016-04-13,international_cup,Sport Lisboa e Benfica,FC Bayern München,2.0,1.0,0.0,0.0,,,False
2016-04-26,international_cup,Manchester City Football Club,Real Madrid Club de Fútbol,1.0,2.0,0.0,0.0,,,False
2016-04-27,international_cup,Club Atlético de Madrid S.A.D.,FC Bayern München,1.0,4.0,0.0,0.0,,,False
2016-05-03,international_cup,FC Bayern München,Club Atlético de Madrid S.A.D.,1.0,1.0,0.0,0.0,,,False
2016-05-04,international_cup,Real Madrid Club de Fútbol,Manchester City Football Club,1.0,3.0,0.0,0.0,,,False
2016-05-28,international_cup,Real Madrid Club de Fútbol,Club Atlético de Madrid S.A.D.,6.0,2.0,0.0,0.0,,,False
2016-06-10,national_team_competition,France,Romania,1.0,3.0,0.0,0.0,,,False
2016-06-11,national_team_competition,Albania,Switzerland,4.0,2.0,1.0,0.0,,,False
2016-06-11,national_team_competition,England,Russia,1.0,1.0,0.0,0.0,,,False
2016-06-11,national_team_competition,Wales,Slovakia,0.0,5.0,0.0,0.0,,,False
2016-06-12,national_team_competition,Germany,Ukraine,0.0,1.0,0.0,0.0,,,False
2016-06-12,national_team_competition,Poland,Northern Ireland,2.0,1.0,0.0,0.0,,,False
2016-06-12,national_team_competition,Turkiye,Croatia,3.0,1.0,0.0,0.0,,,False
2016-06-13,national_team_competition,Belgium,Italy,1.0,4.0,0.0,0.0,,,False
2016-06-13,national_team_competition,Republic of Ireland,Sweden,2.0,1.0,0.0,0.0,,,False
2016-06-13,national_team_competition,Spain,Czech Republic,0.0,1.0,0.0,0.0,,,False
2016-06-14,national_team_competition,Austria,Hungary,1.0,1.0,1.0,0.0,,,False
2016-06-14,national_team_competition,Portugal,Iceland,0.0,2.0,0.0,0.0,,,False
2016-06-15,national_team_competition,France,Albania,1.0,2.0,0.0,0.0,,,False
2016-06-15,national_team_competition,Romania,Switzerland,4.0,2.0,0.0,0.0,,,False
2016-06-15,national_team_competition,Russia,Slovakia,0.0,1.0,0.0,0.0,,,False
2016-06-16,national_team_competition,England,Wales,0.0,1.0,0.0,0.0,,,False
2016-06-16,national_team_competition,Germany,Poland,3.0,3.0,0.0,0.0,,,False
2016-06-16,national_team_competition,Ukraine,Northern Ireland,2.0,3.0,0.0,0.0,,,False
2016-06-17,national_team_competition,Czech Republic,Croatia,1.0,3.0,0.0,0.0,,,False
2016-06-17,national_team_competition,Italy,Sweden,2.0,1.0,0.0,0.0,,,False
2016-06-17,national_team_competition,Spain,Turkiye,1.0,2.0,0.0,0.0,,,False
2016-06-18,national_team_competition,Belgium,Republic of Ireland,1.0,1.0,0.0,0.0,,,False
2016-06-18,national_team_competition,Iceland,Hungary,3.0,3.0,0.0,0.0,,,False
2016-06-18,national_team_competition,Portugal,Austria,2.0,4.0,0.0,0.0,,,False
2016-06-19,national_team_competition,Romania,Albania,3.0,3.0,0.0,0.0,,,False
2016-06-19,national_team_competition,Switzerland,France,0.0,2.0,0.0,0.0,,,False
2016-06-20,national_team_competition,Russia,Wales,1.0,1.0,0.0,0.0,,,False
2016-06-20,national_team_competition,Slovakia,England,1.0,1.0,0.0,0.0,,,False
2016-06-21,national_team_competition,Croatia,Spain,4.0,0.0,0.0,0.0,,,False
2016-06-21,national_team_competition,Czech Republic,Turkiye,3.0,2.0,0.0,0.0,,,False
2016-06-21,national_team_competition,Northern Ireland,Germany,0.0,0.0,0.0,0.0,,,False
2016-06-21,national_team_competition,Ukraine,Poland,2.0,1.0,0.0,0.0,,,False
2016-06-22,national_team_competition,Hungary,Portugal,4.0,0.0,0.0,0.0,,,False
2016-06-22,national_team_competition,Iceland,Austria,4.0,1.0,0.0,0.0,,,False
2016-06-22,national_team_competition,Italy,Republic of Ireland,4.0,2.0,0.0,0.0,,,False
2016-06-22,national_team_competition,Sweden,Belgium,2.0,2.0,0.0,0.0,,,False
2016-06-25,national_team_competition,Croatia,Portugal,0.0,1.0,0.0,0.0,,,False
2016-06-25,national_team_competition,Switzerland,Poland,2.0,2.0,0.0,0.0,,,True
2016-06-25,national_team_competition,Wales,Northern Ireland,2.0,2.0,0.0,0.0,,,False
2016-06-26,national_team_competition,France,Republic of Ireland,2.0,3.0,0.0,1.0,,,False
2016-06-26,national_team_competition,Germany,Slovakia,2.0,2.0,0.0,0.0,,,False
2016-06-26,national_team_competition,Hungary,Belgium,4.0,3.0,0.0,0.0,,,False
2016-06-27,national_team_competition,England,Iceland,1.0,2.0,0.0,0.0,,,False
2016-06-27,national_team_competition,Italy,Spain,3.0,4.0,0.0,0.0,,,False
2016-06-28,international_cup,FC Flora Tallinn,Lincoln Red Imps FC,1.0,3.0,0.0,0.0,,,False
2016-06-28,international_cup,FC Santa Coloma,Alashkert Yerevan FC,2.0,1.0,0.0,0.0,,,False
2016-06-28,international_cup,The New Saints,SP Tre Penne,1.0,2.0,0.0,0.0,,,False
2016-06-28,international_cup,Valletta FC,B36 Tórshavn,1.0,1.0,0.0,0.0,,,False
2016-06-30,national_team_competition,Poland,Portugal,3.0,2.0,0.0,0.0,,,True
2016-07-01,national_team_competition,Wales,Belgium,4.0,2.0,0.0,0.0,,,False
2016-07-02,national_team_competition,Germany,Italy,2.0,5.0,0.0,0.0,,,True
2016-07-03,national_team_competition,France,Iceland,1.0,1.0,0.0,0.0,,,False
2016-07-05,international_cup,Alashkert Yerevan FC,FC Santa Coloma,0.0,7.0,1.0,3.0,,,False
2016-07-05,international_cup,B36 Tórshavn,Valletta FC,3.0,2.0,0.0,0.0,,,False
2016-07-05,international_cup,SP Tre Penne,The New Saints,3.0,2.0,0.0,0.0,,,False
2016-07-06,international_cup,Lincoln Red Imps FC,FC Flora Tallinn,3.0,2.0,0.0,0.0,,,False
2016-07-06,national_team_competition,Portugal,Wales,2.0,3.0,0.0,0.0,,,False
2016-07-07,national_team_competition,Germany,France,4.0,2.0,0.0,0.0,,,False
2016-07-10,national_team_competition,Portugal,France,5.0,4.0,0.0,0.0,,,False
2016-07-12,international_cup,BATE Borisov,SJK Seinäjoki,1.0,2.0,0.0,0.0,,,False
2016-07-12,international_cup,Dinamo Tbilisi,Alashkert Yerevan FC,1.0,3.0,0.0,0.0,,,False
2016-07-12,international_cup,Fußballclub Red Bull Salzburg,FK Liepaja,0.0,2.0,0.0,0.0,,,False
2016-07-12,international_cup,HSK Zrinjski Mostar,Legia Warszawa Spółka Akcyjna,5.0,2.0,0.0,0.0,,,False
2016-07-12,international_cup,Hapoel Beer Sheva,FC Sheriff Tiraspol,3.0,2.0,0.0,1.0,,,False
2016-07-12,international_cup,Lincoln Red Imps FC,The Celtic Football Club,1.0,1.0,0.0,0.0,,,False
2016-07-12,international_cup,Qarabağ FK,F91 Dudelange,3.0,3.0,0.0,0.0,,,False
2016-07-12,international_cup,The New Saints,APOEL Nicosia,0.0,1.0,0.0,0.0,,,False
2016-07-12,international_cup,Valletta FC,Fudbalski klub Crvena zvezda Beograd,2.0,3.0,0.0,0.0,,,False
2016-07-12,international_cup,Vardar Skopje,GNK Dinamo Zagreb,3.0,4.0,0.0,0.0,,,False
2016-07-13,international_cup,Crusaders FC,Football Club København,1.0,1.0,0.0,0.0,,,False
2016-07-13,international_cup,Dundalk FC,FH Hafnarfjördur,2.0,3.0,0.0,0.0,,,False
2016-07-13,international_cup,FK Partizani,Ferencvárosi TC,0.0,3.0,0.0,0.0,,,False
2016-07-13,international_cup,FK Zalgiris Vilnius,FC Astana,1.0,1.0,0.0,0.0,,,False
2016-07-13,international_cup,Ludogorets Razgrad,Mladost Podgorica,1.0,2.0,0.0,0.0,,,False
2016-07-13,international_cup,NK Olimpija Ljubljana,AS Trencin,1.0,2.0,0.0,0.0,,,False
2016-07-13,international_cup,Rosenborg Ballklub,IFK Norrköping,1.0,1.0,0.0,0.0,,,False
2016-07-19,international_cup,APOEL Nicosia,The New Saints,0.0,3.0,0.0,0.0,,,False
2016-07-19,international_cup,Alashkert Yerevan FC,Dinamo Tbilisi,3.0,1.0,0.0,0.0,,,False
2016-07-19,international_cup,FC Sheriff Tiraspol,Hapoel Beer Sheva,4.0,3.0,0.0,1.0,,,False
2016-07-19,international_cup,FK Liepaja,Fußballclub Red Bull Salzburg,3.0,1.0,0.0,0.0,,,False
2016-07-19,international_cup,Football Club København,Crusaders FC,1.0,1.0,0.0,0.0,,,False
2016-07-19,international_cup,Fudbalski klub Crvena zvezda Beograd,Valletta FC,2.0,3.0,0.0,0.0,,,False
2016-07-19,international_cup,Legia Warszawa Spółka Akcyjna,HSK Zrinjski Mostar,1.0,1.0,0.0,0.0,,,False
2016-07-19,international_cup,Mladost Podgorica,Ludogorets Razgrad,4.0,0.0,0.0,0.0,,,False
2016-07-19,international_cup,SJK Seinäjoki,BATE Borisov,2.0,0.0,0.0,0.0,,,False
2016-07-20,international_cup,AS Trencin,NK Olimpija Ljubljana,1.0,3.0,0.0,0.0,,,False
2016-07-20,international_cup,F91 Dudelange,Qarabağ FK,2.0,4.0,0.0,0.0,,,False
2016-07-20,international_cup,FC Astana,FK Zalgiris Vilnius,3.0,2.0,0.0,0.0,,,False
2016-07-20,international_cup,FH Hafnarfjördur,Dundalk FC,3.0,1.0,0.0,0.0,,,False
2016-07-20,international_cup,Ferencvárosi TC,FK Partizani,4.0,3.0,0.0,0.0,,,False
2016-07-20,international_cup,GNK Dinamo Zagreb,Vardar Skopje,3.0,3.0,0.0,0.0,,,False
2016-07-20,international_cup,IFK Norrköping,Rosenborg Ballklub,3.0,1.0,0.0,0.0,,,False
2016-07-20,international_cup,The Celtic Football Club,Lincoln Red Imps FC,0.0,1.0,0.0,0.0,,,False
2016-07-26,international_cup,"AC Sparta Praha, a. s.",SC Fotbal Club FCSB SA,4.0,5.0,0.0,0.0,,,False
2016-07-26,international_cup,AFC Ajax Amsterdam,Panthessalonikios Athlitikos Omilos Konstantinoupoliton,1.0,2.0,0.0,0.0,,,False
2016-07-26,international_cup,BATE Borisov,Dundalk FC,1.0,1.0,0.0,0.0,,,False
2016-07-26,international_cup,FC Shakhtar Donetsk,Berner Sport Club Young Boys,0.0,3.0,0.0,1.0,,,False
2016-07-26,international_cup,"FC Viktoria Plzeň, a.s.",Qarabağ FK,0.0,1.0,0.0,0.0,,,False
2016-07-26,international_cup,FK Partizani,Fußballclub Red Bull Salzburg,1.0,3.0,1.0,1.0,,,False
2016-07-26,international_cup,FK Rostov,Royal Sporting Club Anderlecht,1.0,3.0,0.0,0.0,,,False
2016-07-26,international_cup,GNK Dinamo Zagreb,Dinamo Tbilisi,1.0,0.0,0.0,0.0,,,False
2016-07-26,international_cup,Ludogorets Razgrad,Fudbalski klub Crvena zvezda Beograd,2.0,3.0,0.0,0.0,,,False
2016-07-27,international_cup,AS Trencin,Legia Warszawa Spółka Akcyjna,2.0,1.0,0.0,0.0,,,False
2016-07-27,international_cup,Astra Giurgiu (- 2024),Football Club København,3.0,2.0,0.0,0.0,,,False
2016-07-27,international_cup,FC Astana,The Celtic Football Club,2.0,2.0,0.0,0.0,,,False
2016-07-27,international_cup,Fenerbahçe Spor Kulübü,Association sportive de Monaco Football Club,2.0,1.0,0.0,0.0,,,False
2016-07-27,international_cup,Olympiakos Syndesmos Filathlon Peiraios,Hapoel Beer Sheva,2.0,4.0,0.0,0.0,,,False
2016-07-27,international_cup,Rosenborg Ballklub,APOEL Nicosia,1.0,2.0,0.0,0.0,,,False
2016-08-02,international_cup,APOEL Nicosia,Rosenborg Ballklub,4.0,3.0,0.0,0.0,,,False
2016-08-02,international_cup,Dinamo Tbilisi,GNK Dinamo Zagreb,6.0,4.0,0.0,0.0,,,False
2016-08-02,international_cup,Dundalk FC,BATE Borisov,1.0,2.0,0.0,0.0,,,False
2016-08-02,international_cup,Fudbalski klub Crvena zvezda Beograd,Ludogorets Razgrad,4.0,5.0,1.0,1.0,,,False
2016-08-02,international_cup,Qarabağ FK,"FC Viktoria Plzeň, a.s.",3.0,3.0,0.0,0.0,,,False
2016-08-03,international_cup,Association sportive de Monaco Football Club,Fenerbahçe Spor Kulübü,3.0,1.0,0.0,0.0,,,False
2016-08-03,international_cup,Berner Sport Club Young Boys,FC Shakhtar Donetsk,5.0,3.0,0.0,0.0,,,False
2016-08-03,international_cup,Football Club København,Astra Giurgiu (- 2024),0.0,1.0,0.0,0.0,,,False
2016-08-03,international_cup,Fußballclub Red Bull Salzburg,FK Partizani,1.0,1.0,0.0,0.0,,,False
2016-08-03,international_cup,Hapoel Beer Sheva,Olympiakos Syndesmos Filathlon Peiraios,1.0,5.0,0.0,0.0,,,False
2016-08-03,international_cup,Legia Warszawa Spółka Akcyjna,AS Trencin,1.0,2.0,0.0,0.0,,,False
2016-08-03,international_cup,Panthessalonikios Athlitikos Omilos Konstantinoupoliton,AFC Ajax Amsterdam,2.0,3.0,0.0,0.0,,,False
2016-08-03,international_cup,Royal Sporting Club Anderlecht,FK Rostov,1.0,4.0,0.0,0.0,,,False
2016-08-03,international_cup,SC Fotbal Club FCSB SA,"AC Sparta Praha, a. s.",0.0,2.0,0.0,1.0,,,False
2016-08-03,international_cup,The Celtic Football Club,FC Astana,2.0,7.0,0.0,2.0,,,False
2016-08-09,international_cup,Real Madrid Club de Fútbol,Sevilla Fútbol Club S.A.D.,3.0,2.0,0.0,1.0,,,False
2016-08-16,international_cup,AFC Ajax Amsterdam,FK Rostov,2.0,6.0,0.0,0.0,,,False
2016-08-16,international_cup,Berner Sport Club Young Boys,Borussia Verein für Leibesübungen 1900 Mönchengladbach,1.0,2.0,0.0,0.0,,,False
2016-08-16,international_cup,Football Club København,APOEL Nicosia,1.0,2.0,0.0,0.0,,,False
2016-08-16,international_cup,GNK Dinamo Zagreb,Fußballclub Red Bull Salzburg,1.0,2.0,0.0,0.0,,,False
2016-08-16,international_cup,SC Fotbal Club FCSB SA,Manchester City Football Club,3.0,2.0,0.0,0.0,,,False
2016-08-17,international_cup,Dundalk FC,Legia Warszawa Spółka Akcyjna,2.0,2.0,0.0,0.0,,,False
2016-08-17,international_cup,Futebol Clube do Porto,Associazione Sportiva Roma,2.0,5.0,0.0,1.0,,,False
2016-08-17,international_cup,Ludogorets Razgrad,"FC Viktoria Plzeň, a.s.",2.0,2.0,0.0,0.0,,,False
2016-08-17,international_cup,The Celtic Football Club,Hapoel Beer Sheva,4.0,3.0,0.0,0.0,,,False
2016-08-17,international_cup,Villarreal Club de Fútbol S.A.D.,Association sportive de Monaco Football Club,1.0,4.0,0.0,1.0,,,False
2016-08-23,international_cup,Association sportive de Monaco Football Club,Villarreal Club de Fútbol S.A.D.,1.0,1.0,0.0,0.0,,,False
2016-08-23,international_cup,Associazione Sportiva Roma,Futebol Clube do Porto,1.0,4.0,2.0,0.0,,,False
2016-08-23,international_cup,"FC Viktoria Plzeň, a.s.",Ludogorets Razgrad,3.0,2.0,0.0,0.0,,,False
2016-08-23,international_cup,Hapoel Beer Sheva,The Celtic Football Club,1.0,4.0,0.0,0.0,,,False
2016-08-23,international_cup,Legia Warszawa Spółka Akcyjna,Dundalk FC,3.0,0.0,1.0,0.0,,,False
2016-08-24,international_cup,APOEL Nicosia,Football Club København,2.0,4.0,0.0,0.0,,,False
2016-08-24,international_cup,Borussia Verein für Leibesübungen 1900 Mönchengladbach,Berner Sport Club Young Boys,0.0,3.0,0.0,0.0,,,False
2016-08-24,international_cup,FK Rostov,AFC Ajax Amsterdam,3.0,1.0,1.0,0.0,,,False
2016-08-24,international_cup,Fußballclub Red Bull Salzburg,GNK Dinamo Zagreb,3.0,3.0,1.0,0.0,,,False
2016-08-24,international_cup,Manchester City Football Club,SC Fotbal Club FCSB SA,0.0,0.0,0.0,0.0,,,False
2016-09-13,international_cup,Eindhovense Voetbalvereniging Philips Sport Vereniging,Club Atlético de Madrid S.A.D.,2.0,2.0,0.0,0.0,,,False
2016-09-13,international_cup,FC Basel 1893 AG,Ludogorets Razgrad,1.0,2.0,0.0,0.0,,,False
2016-09-13,international_cup,FC Bayern München,FK Rostov,0.0,0.0,0.0,0.0,,,False
2016-09-13,international_cup,Futbol Club Barcelona,The Celtic Football Club,2.0,1.0,0.0,0.0,,,False
2016-09-13,international_cup,Futbolniy Klub Dynamo Kyiv,Società Sportiva Calcio Napoli,2.0,1.0,1.0,0.0,,,False
2016-09-13,international_cup,Paris Saint-Germain Football Club,Arsenal Football Club,2.0,2.0,1.0,1.0,,,False
2016-09-13,international_cup,Sport Lisboa e Benfica,Beşiktaş Jimnastik Kulübü,2.0,2.0,0.0,0.0,,,False
2016-09-14,international_cup,Bayer 04 Leverkusen Fußball,PFK CSKA Moskva,2.0,0.0,0.0,0.0,,,False
2016-09-14,international_cup,Club Brugge Koninklijke Voetbalvereniging,Leicester City,4.0,2.0,0.0,0.0,,,False
2016-09-14,international_cup,Futebol Clube do Porto,Football Club København,1.0,1.0,0.0,1.0,,,False
2016-09-14,international_cup,Juventus Football Club,Sevilla Fútbol Club S.A.D.,0.0,3.0,0.0,0.0,,,False
2016-09-14,international_cup,Legia Warszawa Spółka Akcyjna,Borussia Dortmund,3.0,1.0,0.0,0.0,,,False
2016-09-14,international_cup,Manchester City Football Club,Borussia Verein für Leibesübungen 1900 Mönchengladbach,1.0,1.0,0.0,0.0,,,False
2016-09-14,international_cup,Olympique Lyonnais,GNK Dinamo Zagreb,1.0,3.0,0.0,0.0,,,False
2016-09-14,international_cup,Real Madrid Club de Fútbol,Sporting Clube de Portugal,1.0,3.0,0.0,0.0,,,False
2016-09-14,international_cup,Tottenham Hotspur Football Club,Association sportive de Monaco Football Club,1.0,2.0,0.0,0.0,,,False
2016-09-27,international_cup,Association sportive de Monaco Football Club,Bayer 04 Leverkusen Fußball,1.0,2.0,0.0,0.0,,,False
2016-09-27,international_cup,Borussia Dortmund,Real Madrid Club de Fútbol,4.0,1.0,0.0,0.0,,,False
2016-09-27,international_cup,Football Club København,Club Brugge Koninklijke Voetbalvereniging,1.0,3.0,0.0,0.0,,,False
2016-09-27,international_cup,GNK Dinamo Zagreb,Juventus Football Club,0.0,0.0,0.0,0.0,,,False
2016-09-27,international_cup,Leicester City,Futebol Clube do Porto,3.0,3.0,0.0,0.0,,,False
2016-09-27,international_cup,PFK CSKA Moskva,Tottenham Hotspur Football Club,1.0,1.0,0.0,0.0,,,False
2016-09-27,international_cup,Sevilla Fútbol Club S.A.D.,Olympique Lyonnais,2.0,3.0,0.0,0.0,,,False
2016-09-27,international_cup,Sporting Clube de Portugal,Legia Warszawa Spółka Akcyjna,0.0,3.0,0.0,0.0,,,False
2016-09-28,international_cup,Arsenal Football Club,FC Basel 1893 AG,0.0,2.0,0.0,0.0,,,False
2016-09-28,international_cup,Beşiktaş Jimnastik Kulübü,Futbolniy Klub Dynamo Kyiv,2.0,3.0,0.0,0.0,,,False
2016-09-28,international_cup,Borussia Verein für Leibesübungen 1900 Mönchengladbach,Futbol Club Barcelona,0.0,3.0,0.0,0.0,,,False
2016-09-28,international_cup,Club Atlético de Madrid S.A.D.,FC Bayern München,1.0,4.0,0.0,0.0,,,False
2016-09-28,international_cup,FK Rostov,Eindhovense Voetbalvereniging Philips Sport Vereniging,2.0,2.0,0.0,0.0,,,False
2016-09-28,international_cup,Ludogorets Razgrad,Paris Saint-Germain Football Club,3.0,2.0,0.0,0.0,,,False
2016-09-28,international_cup,Società Sportiva Calcio Napoli,Sport Lisboa e Benfica,1.0,4.0,0.0,0.0,,,False
2016-09-28,international_cup,The Celtic Football Club,Manchester City Football Club,0.0,0.0,0.0,0.0,,,False
2016-10-18,international_cup,Bayer 04 Leverkusen Fußball,Tottenham Hotspur Football Club,2.0,1.0,0.0,0.0,,,False
2016-10-18,international_cup,Club Brugge Koninklijke Voetbalvereniging,Futebol Clube do Porto,2.0,1.0,0.0,0.0,,,False
2016-10-18,international_cup,GNK Dinamo Zagreb,Sevilla Fútbol Club S.A.D.,2.0,2.0,0.0,0.0,,,False
2016-10-18,international_cup,Leicester City,Football Club København,1.0,1.0,0.0,0.0,,,False
2016-10-18,international_cup,Olympique Lyonnais,Juventus Football Club,5.0,2.0,0.0,1.0,,,False
2016-10-18,international_cup,PFK CSKA Moskva,Association sportive de Monaco Football Club,1.0,2.0,0.0,0.0,,,False
2016-10-18,international_cup,Real Madrid Club de Fútbol,Legia Warszawa Spółka Akcyjna,1.0,2.0,0.0,0.0,,,False
2016-10-18,international_cup,Sporting Clube de Portugal,Borussia Dortmund,4.0,3.0,0.0,0.0,,,False
2016-10-19,international_cup,Arsenal Football Club,Ludogorets Razgrad,0.0,0.0,0.0,0.0,,,False
2016-10-19,international_cup,FC Bayern München,Eindhovense Voetbalvereniging Philips Sport Vereniging,1.0,0.0,0.0,0.0,,,False
2016-10-19,international_cup,FK Rostov,Club Atlético de Madrid S.A.D.,1.0,2.0,0.0,0.0,,,False
2016-10-19,international_cup,Futbol Club Barcelona,Manchester City Football Club,1.0,3.0,1.0,1.0,,,False
2016-10-19,international_cup,Futbolniy Klub Dynamo Kyiv,Sport Lisboa e Benfica,1.0,1.0,0.0,0.0,,,False
2016-10-19,international_cup,Paris Saint-Germain Football Club,FC Basel 1893 AG,1.0,2.0,0.0,0.0,,,False
2016-10-19,international_cup,Società Sportiva Calcio Napoli,Beşiktaş Jimnastik Kulübü,1.0,3.0,0.0,0.0,,,False
2016-10-19,international_cup,The Celtic Football Club,Borussia Verein für Leibesübungen 1900 Mönchengladbach,1.0,1.0,0.0,0.0,,,False
2016-11-01,international_cup,Beşiktaş Jimnastik Kulübü,Società Sportiva Calcio Napoli,2.0,1.0,0.0,0.0,,,False
2016-11-01,international_cup,Borussia Verein für Leibesübungen 1900 Mönchengladbach,The Celtic Football Club,2.0,1.0,1.0,0.0,,,False
2016-11-01,international_cup,Club Atlético de Madrid S.A.D.,FK Rostov,3.0,4.0,0.0,0.0,,,False
2016-11-01,international_cup,Eindhovense Voetbalvereniging Philips Sport Vereniging,FC Bayern München,0.0,1.0,0.0,0.0,,,False
2016-11-01,international_cup,FC Basel 1893 AG,Paris Saint-Germain Football Club,2.0,2.0,1.0,0.0,,,False
2016-11-01,international_cup,Ludogorets Razgrad,Arsenal Football Club,1.0,3.0,0.0,0.0,,,False
2016-11-01,international_cup,Manchester City Football Club,Futbol Club Barcelona,2.0,3.0,0.0,0.0,,,False
2016-11-01,international_cup,Sport Lisboa e Benfica,Futbolniy Klub Dynamo Kyiv,1.0,6.0,0.0,0.0,,,False
2016-11-02,international_cup,Association sportive de Monaco Football Club,PFK CSKA Moskva,1.0,1.0,0.0,0.0,,,False
2016-11-02,international_cup,Borussia Dortmund,Sporting Clube de Portugal,1.0,3.0,0.0,0.0,,,False
2016-11-02,international_cup,Football Club København,Leicester City,0.0,4.0,0.0,0.0,,,False
2016-11-02,international_cup,Futebol Clube do Porto,Club Brugge Koninklijke Voetbalvereniging,2.0,4.0,0.0,0.0,,,False
2016-11-02,international_cup,Juventus Football Club,Olympique Lyonnais,4.0,2.0,0.0,0.0,,,False
2016-11-02,international_cup,Legia Warszawa Spółka Akcyjna,Real Madrid Club de Fútbol,0.0,0.0,0.0,0.0,,,False
2016-11-02,international_cup,Sevilla Fútbol Club S.A.D.,GNK Dinamo Zagreb,0.0,3.0,0.0,1.0,,,False
2016-11-02,international_cup,Tottenham Hotspur Football Club,Bayer 04 Leverkusen Fußball,0.0,0.0,0.0,0.0,,,False
2016-11-22,international_cup,Association sportive de Monaco Football Club,Tottenham Hotspur Football Club,2.0,3.0,0.0,0.0,,,False
2016-11-22,international_cup,Borussia Dortmund,Legia Warszawa Spółka Akcyjna,1.0,2.0,0.0,0.0,,,False
2016-11-22,international_cup,Football Club København,Futebol Clube do Porto,3.0,3.0,0.0,0.0,,,False
2016-11-22,international_cup,GNK Dinamo Zagreb,Olympique Lyonnais,3.0,1.0,0.0,0.0,,,False
2016-11-22,international_cup,Leicester City,Club Brugge Koninklijke Voetbalvereniging,1.0,0.0,0.0,0.0,,,False
2016-11-22,international_cup,PFK CSKA Moskva,Bayer 04 Leverkusen Fußball,2.0,3.0,0.0,0.0,,,False
2016-11-22,international_cup,Sevilla Fútbol Club S.A.D.,Juventus Football Club,3.0,4.0,1.0,0.0,,,False
2016-11-22,international_cup,Sporting Clube de Portugal,Real Madrid Club de Fútbol,3.0,2.0,1.0,0.0,,,False
2016-11-23,international_cup,Arsenal Football Club,Paris Saint-Germain Football Club,2.0,2.0,0.0,0.0,,,False
2016-11-23,international_cup,Beşiktaş Jimnastik Kulübü,Sport Lisboa e Benfica,2.0,2.0,0.0,0.0,,,False
2016-11-23,international_cup,Borussia Verein für Leibesübungen 1900 Mönchengladbach,Manchester City Football Club,4.0,1.0,1.0,1.0,,,False
2016-11-23,international_cup,Club Atlético de Madrid S.A.D.,Eindhovense Voetbalvereniging Philips Sport Vereniging,0.0,0.0,0.0,0.0,,,False
2016-11-23,international_cup,FK Rostov,FC Bayern München,2.0,1.0,0.0,0.0,,,False
2016-11-23,international_cup,Ludogorets Razgrad,FC Basel 1893 AG,3.0,4.0,0.0,0.0,,,False
2016-11-23,international_cup,Società Sportiva Calcio Napoli,Futbolniy Klub Dynamo Kyiv,1.0,1.0,0.0,0.0,,,False
2016-11-23,international_cup,The Celtic Football Club,Futbol Club Barcelona,3.0,4.0,0.0,0.0,,,False
2016-12-06,international_cup,Eindhovense Voetbalvereniging Philips Sport Vereniging,FK Rostov,2.0,1.0,0.0,0.0,,,False
2016-12-06,international_cup,FC Basel 1893 AG,Arsenal Football Club,1.0,1.0,0.0,0.0,,,False
2016-12-06,international_cup,FC Bayern München,Club Atlético de Madrid S.A.D.,0.0,1.0,0.0,0.0,,,False
2016-12-06,international_cup,Futbol Club Barcelona,Borussia Verein für Leibesübungen 1900 Mönchengladbach,0.0,1.0,0.0,0.0,,,False
2016-12-06,international_cup,Futbolniy Klub Dynamo Kyiv,Beşiktaş Jimnastik Kulübü,1.0,3.0,0.0,2.0,,,False
2016-12-06,international_cup,Manchester City Football Club,The Celtic Football Club,1.0,2.0,0.0,0.0,,,False
2016-12-06,international_cup,Paris Saint-Germain Football Club,Ludogorets Razgrad,1.0,0.0,0.0,0.0,,,False
2016-12-06,international_cup,Sport Lisboa e Benfica,Società Sportiva Calcio Napoli,1.0,1.0,0.0,0.0,,,False
2016-12-07,international_cup,Bayer 04 Leverkusen Fußball,Association sportive de Monaco Football Club,1.0,3.0,0.0,0.0,,,False
2016-12-07,international_cup,Club Brugge Koninklijke Voetbalvereniging,Football Club København,1.0,2.0,0.0,0.0,,,False
2016-12-07,international_cup,Futebol Clube do Porto,Leicester City,0.0,1.0,0.0,0.0,,,False
2016-12-07,international_cup,Juventus Football Club,GNK Dinamo Zagreb,2.0,1.0,0.0,0.0,,,False
2016-12-07,international_cup,Legia Warszawa Spółka Akcyjna,Sporting Clube de Portugal,5.0,2.0,0.0,1.0,,,False
2016-12-07,international_cup,Olympique Lyonnais,Sevilla Fútbol Club S.A.D.,2.0,3.0,0.0,0.0,,,False
2016-12-07,international_cup,Real Madrid Club de Fútbol,Borussia Dortmund,2.0,1.0,0.0,0.0,,,False
2016-12-07,international_cup,Tottenham Hotspur Football Club,PFK CSKA Moskva,0.0,2.0,0.0,0.0,,,False
2017-02-14,international_cup,Paris Saint-Germain Football Club,Futbol Club Barcelona,1.0,3.0,0.0,0.0,,,False
2017-02-14,international_cup,Sport Lisboa e Benfica,Borussia Dortmund,1.0,3.0,0.0,0.0,,,False
2017-02-15,international_cup,FC Bayern München,Arsenal Football Club,2.0,3.0,0.0,0.0,,,False
2017-02-15,international_cup,Real Madrid Club de Fútbol,Società Sportiva Calcio Napoli,2.0,2.0,0.0,0.0,,,False
2017-02-21,international_cup,Bayer 04 Leverkusen Fußball,Club Atlético de Madrid S.A.D.,4.0,3.0,0.0,0.0,,,False
2017-02-21,international_cup,Manchester City Football Club,Association sportive de Monaco Football Club,4.0,6.0,0.0,0.0,,,False
2017-02-22,international_cup,Futebol Clube do Porto,Juventus Football Club,4.0,1.0,1.0,0.0,,,False
2017-02-22,international_cup,Sevilla Fútbol Club S.A.D.,Leicester City,2.0,0.0,0.0,0.0,,,False
2017-03-07,international_cup,Arsenal Football Club,FC Bayern München,3.0,2.0,1.0,0.0,,,False
2017-03-07,international_cup,Società Sportiva Calcio Napoli,Real Madrid Club de Fútbol,2.0,0.0,0.0,0.0,,,False
2017-03-08,international_cup,Borussia Dortmund,Sport Lisboa e Benfica,3.0,1.0,0.0,0.0,,,False
2017-03-08,international_cup,Futbol Club Barcelona,Paris Saint-Germain Football Club,5.0,5.0,0.0,0.0,,,False
2017-03-14,international_cup,Juventus Football Club,Futebol Clube do Porto,1.0,2.0,0.0,1.0,,,False
2017-03-14,international_cup,Leicester City,Sevilla Fútbol Club S.A.D.,4.0,2.0,0.0,1.0,,,False
2017-03-15,international_cup,Association sportive de Monaco Football Club,Manchester City Football Club,3.0,3.0,0.0,0.0,,,False
2017-03-15,international_cup,Club Atlético de Madrid S.A.D.,Bayer 04 Leverkusen Fußball,2.0,2.0,0.0,0.0,,,False
2017-04-11,international_cup,Juventus Football Club,Futbol Club Barcelona,4.0,3.0,0.0,0.0,,,False
2017-04-12,international_cup,Borussia Dortmund,Association sportive de Monaco Football Club,2.0,5.0,0.0,0.0,,,False
2017-04-12,international_cup,Club Atlético de Madrid S.A.D.,Leicester City,0.0,3.0,0.0,0.0,,,False
2017-04-12,international_cup,FC Bayern München,Real Madrid Club de Fútbol,3.0,2.0,1.0,0.0,,,False
2017-04-18,international_cup,Leicester City,Club Atlético de Madrid S.A.D.,0.0,0.0,0.0,0.0,,,False
2017-04-18,international_cup,Real Madrid Club de Fútbol,FC Bayern München,1.0,4.0,0.0,1.0,,,False
2017-04-19,international_cup,Association sportive de Monaco Football Club,Borussia Dortmund,0.0,0.0,0.0,0.0,,,False
2017-04-19,international_cup,Futbol Club Barcelona,Juventus Football Club,2.0,2.0,0.0,0.0,,,False
2017-05-02,international_cup,Real Madrid Club de Fútbol,Club Atlético de Madrid S.A.D.,1.0,3.0,0.0,0.0,,,False
2017-05-03,international_cup,Association sportive de Monaco Football Club,Juventus Football Club,1.0,3.0,0.0,0.0,,,False
2017-05-09,international_cup,Juventus Football Club,Association sportive de Monaco Football Club,2.0,2.0,0.0,0.0,,,False
2017-05-10,international_cup,Club Atlético de Madrid S.A.D.,Real Madrid Club de Fútbol,4.0,2.0,0.0,0.0,,,False
2017-06-03,international_cup,Juventus Football Club,Real Madrid Club de Fútbol,4.0,4.0,1.0,0.0,,,False
2017-06-27,international_cup,Alashkert Yerevan FC,FC Santa Coloma,3.0,3.0,0.0,0.0,,,False
2017-06-27,international_cup,Hibernians FC,FCI Tallinn,2.0,3.0,0.0,0.0,,,False
2017-06-27,international_cup,The New Saints,Europa FC,3.0,2.0,0.0,0.0,,,False
2017-06-27,international_cup,Víkingur Gøta,KF Trepca 89,1.0,1.0,0.0,0.0,,,False
2017-06-28,international_cup,Linfield FC,La Fiorita 1967,1.0,3.0,0.0,0.0,,,False
2017-07-04,international_cup,Europa FC,The New Saints,5.0,5.0,2.0,0.0,,,False
2017-07-04,international_cup,FC Santa Coloma,Alashkert Yerevan FC,7.0,2.0,0.0,0.0,,,False
2017-07-04,international_cup,FCI Tallinn,Hibernians FC,2.0,0.0,0.0,0.0,,,False
2017-07-04,international_cup,KF Trepca 89,Víkingur Gøta,5.0,3.0,1.0,0.0,,,False
2017-07-04,international_cup,La Fiorita 1967,Linfield FC,2.0,2.0,0.0,0.0,,,False
2017-07-11,international_cup,Fudbalski Klub Partizan Beograd,Buducnost Podgorica,1.0,3.0,0.0,0.0,,,False
2017-07-11,international_cup,Hibernians FC,Fußballclub Red Bull Salzburg,1.0,2.0,0.0,1.0,,,False
2017-07-11,international_cup,Hrvatski Nogometni Klub Rijeka,The New Saints,0.0,0.0,0.0,0.0,,,False
2017-07-11,international_cup,Qarabağ FK,FC Samtredia,0.0,4.0,0.0,0.0,,,False
2017-07-12,international_cup,APOEL Nicosia,F91 Dudelange,2.0,3.0,0.0,0.0,,,False
2017-07-12,international_cup,BATE Borisov,Alashkert Yerevan FC,1.0,0.0,0.0,0.0,,,False
2017-07-12,international_cup,Dundalk FC,Rosenborg Ballklub,0.0,0.0,0.0,0.0,,,False
2017-07-12,international_cup,FC Sheriff Tiraspol,FK Kukësi,3.0,1.0,0.0,0.0,,,False
2017-07-12,international_cup,FH Hafnarfjördur,Víkingur Gøta,2.0,4.0,0.0,0.0,,,False
2017-07-12,international_cup,FK Spartaks Jurmala,FC Astana,3.0,4.0,0.0,0.0,,,False
2017-07-12,international_cup,FK Zalgiris Vilnius,Ludogorets Razgrad,4.0,2.0,1.0,0.0,,,False
2017-07-12,international_cup,HSK Zrinjski Mostar,NK Maribor,2.0,3.0,0.0,1.0,,,False
2017-07-12,international_cup,Hapoel Beer Sheva,Budapest Honvéd FC,1.0,2.0,0.0,0.0,,,False
2017-07-12,international_cup,IFK Mariehamn,Legia Warszawa Spółka Akcyjna,2.0,1.0,1.0,0.0,,,False
2017-07-12,international_cup,MSK Zilina,Football Club København,2.0,1.0,1.0,0.0,,,False
2017-07-12,international_cup,Malmö Fotbollförening,Vardar Skopje,1.0,5.0,0.0,0.0,,,False
2017-07-14,international_cup,Linfield FC,The Celtic Football Club,3.0,5.0,0.0,0.0,,,False
2017-07-18,international_cup,Alashkert Yerevan FC,BATE Borisov,3.0,3.0,0.0,0.0,,,False
2017-07-18,international_cup,Buducnost Podgorica,Fudbalski Klub Partizan Beograd,3.0,2.0,0.0,0.0,,,False
2017-07-18,international_cup,FC Astana,FK Spartaks Jurmala,1.0,3.0,0.0,0.0,,,False
2017-07-18,international_cup,FC Samtredia,Qarabağ FK,2.0,2.0,0.0,0.0,,,False
2017-07-18,international_cup,The New Saints,Hrvatski Nogometni Klub Rijeka,1.0,0.0,0.0,0.0,,,False
2017-07-18,international_cup,Vardar Skopje,Malmö Fotbollförening,4.0,4.0,0.0,0.0,,,False
2017-07-18,international_cup,Víkingur Gøta,FH Hafnarfjördur,3.0,0.0,2.0,0.0,,,False
2017-07-19,international_cup,Budapest Honvéd FC,Hapoel Beer Sheva,5.0,0.0,0.0,0.0,,,False
2017-07-19,international_cup,F91 Dudelange,APOEL Nicosia,1.0,2.0,0.0,0.0,,,False
2017-07-19,international_cup,FK Kukësi,FC Sheriff Tiraspol,3.0,2.0,0.0,1.0,,,False
2017-07-19,international_cup,Football Club København,MSK Zilina,0.0,2.0,0.0,0.0,,,False
2017-07-19,international_cup,Fußballclub Red Bull Salzburg,Hibernians FC,0.0,0.0,0.0,0.0,,,False
2017-07-19,international_cup,Legia Warszawa Spółka Akcyjna,IFK Mariehamn,0.0,0.0,0.0,0.0,,,False
2017-07-19,international_cup,Ludogorets Razgrad,FK Zalgiris Vilnius,4.0,3.0,0.0,0.0,,,False
2017-07-19,international_cup,NK Maribor,HSK Zrinjski Mostar,0.0,1.0,0.0,0.0,,,False
2017-07-19,international_cup,Rosenborg Ballklub,Dundalk FC,2.0,2.0,0.0,0.0,,,False
2017-07-19,international_cup,The Celtic Football Club,Linfield FC,0.0,2.0,0.0,0.0,,,False
2017-07-25,international_cup,Athlitiki Enosi Konstantinoupoleos,PFK CSKA Moskva,1.0,0.0,0.0,0.0,,,False
2017-07-25,international_cup,Fudbalski Klub Partizan Beograd,Olympiakos Syndesmos Filathlon Peiraios,3.0,3.0,0.0,0.0,,,False
2017-07-25,international_cup,Qarabağ FK,FC Sheriff Tiraspol,0.0,0.0,0.0,0.0,,,False
2017-07-25,international_cup,SC Fotbal Club FCSB SA,"FC Viktoria Plzeň, a.s.",3.0,5.0,0.0,0.0,,,False
2017-07-25,international_cup,"SK Slavia Praha, a.s.",BATE Borisov,2.0,4.0,0.0,1.0,,,False
2017-07-25,international_cup,Vardar Skopje,Football Club København,1.0,2.0,0.0,0.0,,,False
2017-07-26,international_cup,Club Brugge Koninklijke Voetbalvereniging,İstanbul Başakşehir Futbol Kulübü,0.0,1.0,0.0,0.0,,,False
2017-07-26,international_cup,F.C.V. Farul Constanța SA,APOEL Nicosia,3.0,2.0,1.0,0.0,,,False
2017-07-26,international_cup,FC Astana,Legia Warszawa Spółka Akcyjna,4.0,0.0,0.0,0.0,,,False
2017-07-26,international_cup,Futbolniy Klub Dynamo Kyiv,Berner Sport Club Young Boys,0.0,2.0,0.0,0.0,,,False
2017-07-26,international_cup,Fußballclub Red Bull Salzburg,Hrvatski Nogometni Klub Rijeka,2.0,2.0,0.0,0.0,,,False
2017-07-26,international_cup,Hapoel Beer Sheva,Ludogorets Razgrad,3.0,2.0,0.0,0.0,,,False
2017-07-26,international_cup,NK Maribor,FH Hafnarfjördur,0.0,0.0,0.0,0.0,,,False
2017-07-26,international_cup,Olympique Gymnaste Club Nice Côte d'Azur,AFC Ajax Amsterdam,2.0,4.0,0.0,0.0,,,False
2017-07-26,international_cup,The Celtic Football Club,Rosenborg Ballklub,1.0,1.0,0.0,0.0,,,False
2017-08-01,international_cup,FC Sheriff Tiraspol,Qarabağ FK,3.0,5.0,0.0,0.0,,,False
2017-08-02,international_cup,AFC Ajax Amsterdam,Olympique Gymnaste Club Nice Côte d'Azur,2.0,3.0,0.0,0.0,,,False
2017-08-02,international_cup,APOEL Nicosia,F.C.V. Farul Constanța SA,4.0,4.0,0.0,0.0,,,False
2017-08-02,international_cup,BATE Borisov,"SK Slavia Praha, a.s.",2.0,0.0,0.0,0.0,,,False
2017-08-02,international_cup,Berner Sport Club Young Boys,Futbolniy Klub Dynamo Kyiv,2.0,7.0,0.0,0.0,,,False
2017-08-02,international_cup,"FC Viktoria Plzeň, a.s.",SC Fotbal Club FCSB SA,8.0,3.0,1.0,0.0,,,False
2017-08-02,international_cup,FH Hafnarfjördur,NK Maribor,5.0,5.0,0.0,0.0,,,False
2017-08-02,international_cup,Football Club København,Vardar Skopje,2.0,1.0,1.0,0.0,,,False
2017-08-02,international_cup,Hrvatski Nogometni Klub Rijeka,Fußballclub Red Bull Salzburg,3.0,3.0,0.0,0.0,,,False
2017-08-02,international_cup,Legia Warszawa Spółka Akcyjna,FC Astana,2.0,3.0,0.0,0.0,,,False
2017-08-02,international_cup,Ludogorets Razgrad,Hapoel Beer Sheva,4.0,6.0,1.0,1.0,,,False
2017-08-02,international_cup,Olympiakos Syndesmos Filathlon Peiraios,Fudbalski Klub Partizan Beograd,2.0,4.0,0.0,0.0,,,False
2017-08-02,international_cup,PFK CSKA Moskva,Athlitiki Enosi Konstantinoupoleos,3.0,3.0,0.0,0.0,,,False
2017-08-02,international_cup,Rosenborg Ballklub,The Celtic Football Club,2.0,0.0,0.0,0.0,,,False
2017-08-02,international_cup,İstanbul Başakşehir Futbol Kulübü,Club Brugge Koninklijke Voetbalvereniging,2.0,3.0,0.0,0.0,,,False
2017-08-08,international_cup,Real Madrid Club de Fútbol,Manchester United Football Club,2.0,2.0,0.0,0.0,,,False
2017-08-15,international_cup,APOEL Nicosia,"SK Slavia Praha, a.s.",2.0,1.0,0.0,0.0,,,False
2017-08-15,international_cup,Berner Sport Club Young Boys,PFK CSKA Moskva,3.0,3.0,0.0,0.0,,,False
2017-08-15,international_cup,Qarabağ FK,Football Club København,0.0,2.0,0.0,0.0,,,False
2017-08-15,international_cup,Sporting Clube de Portugal,SC Fotbal Club FCSB SA,5.0,4.0,0.0,1.0,,,False
2017-08-15,international_cup,Turn- und Sportgemeinschaft 1899 Hoffenheim Fußball-Spielbetriebs,Liverpool Football Club,2.0,2.0,0.0,0.0,,,False
2017-08-16,international_cup,Hapoel Beer Sheva,NK Maribor,1.0,2.0,0.0,0.0,,,False
2017-08-16,international_cup,Olympiakos Syndesmos Filathlon Peiraios,Hrvatski Nogometni Klub Rijeka,2.0,4.0,0.0,1.0,,,False
2017-08-16,international_cup,Società Sportiva Calcio Napoli,Olympique Gymnaste Club Nice Côte d'Azur,1.0,1.0,0.0,2.0,,,False
2017-08-16,international_cup,The Celtic Football Club,FC Astana,2.0,3.0,0.0,0.0,,,False
2017-08-16,international_cup,İstanbul Başakşehir Futbol Kulübü,Sevilla Fútbol Club S.A.D.,1.0,2.0,0.0,0.0,,,False
2017-08-22,international_cup,FC Astana,The Celtic Football Club,3.0,0.0,0.0,0.0,,,False
2017-08-22,international_cup,Hrvatski Nogometni Klub Rijeka,Olympiakos Syndesmos Filathlon Peiraios,2.0,4.0,0.0,0.0,,,False
2017-08-22,international_cup,NK Maribor,Hapoel Beer Sheva,2.0,4.0,0.0,0.0,,,False
2017-08-22,international_cup,Olympique Gymnaste Club Nice Côte d'Azur,Società Sportiva Calcio Napoli,2.0,1.0,0.0,0.0,,,False
2017-08-22,international_cup,Sevilla Fútbol Club S.A.D.,İstanbul Başakşehir Futbol Kulübü,3.0,2.0,0.0,0.0,,,False
2017-08-23,international_cup,Football Club København,Qarabağ FK,3.0,3.0,0.0,0.0,,,False
2017-08-23,international_cup,Liverpool Football Club,Turn- und Sportgemeinschaft 1899 Hoffenheim Fußball-Spielbetriebs,1.0,4.0,0.0,0.0,,,False
2017-08-23,international_cup,PFK CSKA Moskva,Berner Sport Club Young Boys,2.0,2.0,0.0,0.0,,,False
2017-08-23,international_cup,SC Fotbal Club FCSB SA,Sporting Clube de Portugal,2.0,1.0,0.0,0.0,,,False
2017-08-23,international_cup,"SK Slavia Praha, a.s.",APOEL Nicosia,3.0,2.0,0.0,0.0,,,False
2017-09-12,international_cup,Associazione Sportiva Roma,Club Atlético de Madrid S.A.D.,1.0,0.0,0.0,0.0,,,False
2017-09-12,international_cup,Chelsea Football Club,Qarabağ FK,1.0,0.0,0.0,0.0,,,False
2017-09-12,international_cup,FC Bayern München,Royal Sporting Club Anderlecht,2.0,2.0,0.0,1.0,,,False
2017-09-12,international_cup,Futbol Club Barcelona,Juventus Football Club,2.0,4.0,0.0,0.0,,,False
2017-09-12,international_cup,Manchester United Football Club,FC Basel 1893 AG,2.0,3.0,0.0,0.0,,,False
2017-09-12,international_cup,Olympiakos Syndesmos Filathlon Peiraios,Sporting Clube de Portugal,3.0,3.0,0.0,0.0,,,False
2017-09-12,international_cup,Sport Lisboa e Benfica,PFK CSKA Moskva,2.0,3.0,0.0,0.0,,,False
2017-09-12,international_cup,The Celtic Football Club,Paris Saint-Germain Football Club,2.0,1.0,0.0,0.0,,,False
2017-09-13,international_cup,FC Shakhtar Donetsk,Società Sportiva Calcio Napoli,2.0,3.0,0.0,0.0,,,False
2017-09-13,international_cup,Feyenoord Rotterdam,Manchester City Football Club,4.0,1.0,0.0,0.0,,,False
2017-09-13,international_cup,Futebol Clube do Porto,Beşiktaş Jimnastik Kulübü,2.0,1.0,0.0,0.0,,,False
2017-09-13,international_cup,Liverpool Football Club,Sevilla Fútbol Club S.A.D.,2.0,3.0,1.0,0.0,,,False
2017-09-13,international_cup,NK Maribor,FK Spartak Moskva,0.0,1.0,0.0,0.0,,,False
2017-09-13,international_cup,RasenBallsport Leipzig,Association sportive de Monaco Football Club,2.0,3.0,0.0,0.0,,,False
2017-09-13,international_cup,Real Madrid Club de Fútbol,APOEL Nicosia,1.0,3.0,0.0,0.0,,,False
2017-09-13,international_cup,Tottenham Hotspur Football Club,Borussia Dortmund,2.0,2.0,1.0,0.0,,,False
2017-09-26,international_cup,APOEL Nicosia,Tottenham Hotspur Football Club,2.0,1.0,0.0,0.0,,,False
2017-09-26,international_cup,Association sportive de Monaco Football Club,Futebol Clube do Porto,3.0,4.0,0.0,0.0,,,False
2017-09-26,international_cup,Beşiktaş Jimnastik Kulübü,RasenBallsport Leipzig,2.0,2.0,0.0,0.0,,,False
2017-09-26,international_cup,Borussia Dortmund,Real Madrid Club de Fútbol,2.0,3.0,0.0,0.0,,,False
2017-09-26,international_cup,FK Spartak Moskva,Liverpool Football Club,1.0,2.0,0.0,0.0,,,False
2017-09-26,international_cup,Manchester City Football Club,FC Shakhtar Donetsk,0.0,1.0,0.0,0.0,,,False
2017-09-26,international_cup,Sevilla Fútbol Club S.A.D.,NK Maribor,1.0,0.0,0.0,0.0,,,False
2017-09-26,international_cup,Società Sportiva Calcio Napoli,Feyenoord Rotterdam,2.0,3.0,0.0,0.0,,,False
2017-09-27,international_cup,Club Atlético de Madrid S.A.D.,Chelsea Football Club,2.0,1.0,0.0,0.0,,,False
2017-09-27,international_cup,FC Basel 1893 AG,Sport Lisboa e Benfica,3.0,2.0,0.0,1.0,,,False
2017-09-27,international_cup,Juventus Football Club,Olympiakos Syndesmos Filathlon Peiraios,0.0,0.0,0.0,0.0,,,False
2017-09-27,international_cup,PFK CSKA Moskva,Manchester United Football Club,3.0,0.0,0.0,0.0,,,False
2017-09-27,international_cup,Paris Saint-Germain Football Club,FC Bayern München,1.0,4.0,0.0,0.0,,,False
2017-09-27,international_cup,Qarabağ FK,Associazione Sportiva Roma,2.0,1.0,0.0,0.0,,,False
2017-09-27,international_cup,Royal Sporting Club Anderlecht,The Celtic Football Club,0.0,0.0,0.0,0.0,,,False
2017-09-27,international_cup,Sporting Clube de Portugal,Futbol Club Barcelona,6.0,2.0,0.0,0.0,,,False
2017-10-17,international_cup,APOEL Nicosia,Borussia Dortmund,3.0,3.0,0.0,0.0,,,False
2017-10-17,international_cup,Association sportive de Monaco Football Club,Beşiktaş Jimnastik Kulübü,1.0,2.0,0.0,0.0,,,False
2017-10-17,international_cup,FK Spartak Moskva,Sevilla Fútbol Club S.A.D.,2.0,2.0,0.0,0.0,,,False
2017-10-17,international_cup,Feyenoord Rotterdam,FC Shakhtar Donetsk,2.0,4.0,0.0,1.0,,,False
2017-10-17,international_cup,Manchester City Football Club,Società Sportiva Calcio Napoli,3.0,2.0,0.0,0.0,,,False
2017-10-17,international_cup,NK Maribor,Liverpool Football Club,3.0,0.0,0.0,0.0,,,False
2017-10-17,international_cup,RasenBallsport Leipzig,Futebol Clube do Porto,1.0,2.0,0.0,0.0,,,False
2017-10-17,international_cup,Real Madrid Club de Fútbol,Tottenham Hotspur Football Club,1.0,1.0,0.0,0.0,,,False
2017-10-18,international_cup,Chelsea Football Club,Associazione Sportiva Roma,1.0,0.0,0.0,0.0,,,False
2017-10-18,international_cup,FC Bayern München,The Celtic Football Club,0.0,1.0,0.0,0.0,,,False
2017-10-18,international_cup,Futbol Club Barcelona,Olympiakos Syndesmos Filathlon Peiraios,1.0,3.0,1.0,0.0,,,False
2017-10-18,international_cup,Juventus Football Club,Sporting Clube de Portugal,2.0,2.0,0.0,0.0,,,False
2017-10-18,international_cup,PFK CSKA Moskva,FC Basel 1893 AG,1.0,0.0,0.0,0.0,,,False
2017-10-18,international_cup,Qarabağ FK,Club Atlético de Madrid S.A.D.,3.0,0.0,1.0,0.0,,,False
2017-10-18,international_cup,Royal Sporting Club Anderlecht,Paris Saint-Germain Football Club,2.0,2.0,0.0,0.0,,,False
2017-10-18,international_cup,Sport Lisboa e Benfica,Manchester United Football Club,2.0,2.0,1.0,0.0,,,False
2017-10-31,international_cup,Associazione Sportiva Roma,Chelsea Football Club,0.0,0.0,0.0,0.0,,,False
2017-10-31,international_cup,Club Atlético de Madrid S.A.D.,Qarabağ FK,2.0,2.0,1.0,1.0,,,False
2017-10-31,international_cup,FC Basel 1893 AG,PFK CSKA Moskva,2.0,2.0,0.0,0.0,,,False
2017-10-31,international_cup,Manchester United Football Club,Sport Lisboa e Benfica,2.0,3.0,0.0,0.0,,,False
2017-10-31,international_cup,Olympiakos Syndesmos Filathlon Peiraios,Futbol Club Barcelona,3.0,2.0,0.0,0.0,,,False
2017-10-31,international_cup,Paris Saint-Germain Football Club,Royal Sporting Club Anderlecht,0.0,0.0,0.0,0.0,,,False
2017-10-31,international_cup,Sporting Clube de Portugal,Juventus Football Club,3.0,2.0,0.0,0.0,,,False
2017-10-31,international_cup,The Celtic Football Club,FC Bayern München,0.0,0.0,0.0,0.0,,,False
2017-11-01,international_cup,Beşiktaş Jimnastik Kulübü,Association sportive de Monaco Football Club,4.0,3.0,0.0,0.0,,,False
2017-11-01,international_cup,Borussia Dortmund,APOEL Nicosia,0.0,3.0,0.0,0.0,,,False
2017-11-01,international_cup,FC Shakhtar Donetsk,Feyenoord Rotterdam,1.0,2.0,0.0,0.0,,,False
2017-11-01,international_cup,Futebol Clube do Porto,RasenBallsport Leipzig,1.0,3.0,0.0,0.0,,,False
2017-11-01,international_cup,Liverpool Football Club,NK Maribor,0.0,2.0,0.0,0.0,,,False
2017-11-01,international_cup,Sevilla Fútbol Club S.A.D.,FK Spartak Moskva,1.0,3.0,0.0,0.0,,,False
2017-11-01,international_cup,Società Sportiva Calcio Napoli,Manchester City Football Club,2.0,1.0,0.0,0.0,,,False
2017-11-01,international_cup,Tottenham Hotspur Football Club,Real Madrid Club de Fútbol,1.0,1.0,0.0,0.0,,,False
2017-11-21,international_cup,APOEL Nicosia,Real Madrid Club de Fútbol,0.0,1.0,0.0,0.0,,,False
2017-11-21,international_cup,Association sportive de Monaco Football Club,RasenBallsport Leipzig,4.0,1.0,0.0,0.0,,,False
2017-11-21,international_cup,Beşiktaş Jimnastik Kulübü,Futebol Clube do Porto,2.0,2.0,0.0,0.0,,,False
2017-11-21,international_cup,Borussia Dortmund,Tottenham Hotspur Football Club,2.0,0.0,0.0,0.0,,,False
2017-11-21,international_cup,FK Spartak Moskva,NK Maribor,3.0,1.0,0.0,0.0,,,False
2017-11-21,international_cup,Manchester City Football Club,Feyenoord Rotterdam,3.0,3.0,0.0,0.0,,,False
2017-11-21,international_cup,Sevilla Fútbol Club S.A.D.,Liverpool Football Club,2.0,3.0,0.0,0.0,,,False
2017-11-21,international_cup,Società Sportiva Calcio Napoli,FC Shakhtar Donetsk,3.0,2.0,0.0,0.0,,,False
2017-11-22,international_cup,Club Atlético de Madrid S.A.D.,Associazione Sportiva Roma,1.0,2.0,0.0,1.0,,,False
2017-11-22,international_cup,FC Basel 1893 AG,Manchester United Football Club,0.0,1.0,0.0,0.0,,,False
2017-11-22,international_cup,Juventus Football Club,Futbol Club Barcelona,2.0,3.0,0.0,0.0,,,False
2017-11-22,international_cup,PFK CSKA Moskva,Sport Lisboa e Benfica,3.0,2.0,0.0,0.0,,,False
2017-11-22,international_cup,Paris Saint-Germain Football Club,The Celtic Football Club,0.0,2.0,0.0,0.0,,,False
2017-11-22,international_cup,Qarabağ FK,Chelsea Football Club,2.0,1.0,1.0,0.0,,,False
2017-11-22,international_cup,Royal Sporting Club Anderlecht,FC Bayern München,2.0,3.0,0.0,0.0,,,False
2017-11-22,international_cup,Sporting Clube de Portugal,Olympiakos Syndesmos Filathlon Peiraios,4.0,3.0,0.0,0.0,,,False
2017-12-05,international_cup,Associazione Sportiva Roma,Qarabağ FK,1.0,4.0,0.0,0.0,,,False
2017-12-05,international_cup,Chelsea Football Club,Club Atlético de Madrid S.A.D.,1.0,1.0,0.0,0.0,,,False
2017-12-05,international_cup,FC Bayern München,Paris Saint-Germain Football Club,4.0,2.0,0.0,0.0,,,False
2017-12-05,international_cup,Futbol Club Barcelona,Sporting Clube de Portugal,1.0,1.0,0.0,0.0,,,False
2017-12-05,international_cup,Manchester United Football Club,PFK CSKA Moskva,1.0,1.0,0.0,0.0,,,False
2017-12-05,international_cup,Olympiakos Syndesmos Filathlon Peiraios,Juventus Football Club,3.0,1.0,0.0,0.0,,,False
2017-12-05,international_cup,Sport Lisboa e Benfica,FC Basel 1893 AG,1.0,3.0,0.0,0.0,,,False
2017-12-05,international_cup,The Celtic Football Club,Royal Sporting Club Anderlecht,1.0,0.0,0.0,0.0,,,False
2017-12-06,international_cup,FC Shakhtar Donetsk,Manchester City Football Club,1.0,2.0,0.0,0.0,,,False
2017-12-06,international_cup,Feyenoord Rotterdam,Società Sportiva Calcio Napoli,2.0,1.0,1.0,0.0,,,False
2017-12-06,international_cup,Futebol Clube do Porto,Association sportive de Monaco Football Club,1.0,0.0,1.0,1.0,,,False
2017-12-06,international_cup,Liverpool Football Club,FK Spartak Moskva,1.0,2.0,0.0,0.0,,,False
2017-12-06,international_cup,NK Maribor,Sevilla Fútbol Club S.A.D.,3.0,0.0,0.0,0.0,,,False
2017-12-06,international_cup,RasenBallsport Leipzig,Beşiktaş Jimnastik Kulübü,1.0,4.0,1.0,0.0,,,False
2017-12-06,international_cup,Real Madrid Club de Fútbol,Borussia Dortmund,0.0,1.0,0.0,0.0,,,False
2017-12-06,international_cup,Tottenham Hotspur Football Club,APOEL Nicosia,2.0,2.0,0.0,0.0,,,False
2018-02-13,international_cup,FC Basel 1893 AG,Manchester City Football Club,2.0,2.0,0.0,0.0,,,False
2018-02-13,international_cup,Juventus Football Club,Tottenham Hotspur Football Club,3.0,2.0,0.0,0.0,,,False
2018-02-14,international_cup,Futebol Clube do Porto,Liverpool Football Club,0.0,0.0,0.0,0.0,,,False
2018-02-14,international_cup,Real Madrid Club de Fútbol,Paris Saint-Germain Football Club,2.0,4.0,0.0,0.0,,,False
2018-02-20,international_cup,Chelsea Football Club,Futbol Club Barcelona,2.0,3.0,0.0,0.0,,,False
2018-02-20,international_cup,FC Bayern München,Beşiktaş Jimnastik Kulübü,1.0,3.0,0.0,1.0,,,False
2018-02-21,international_cup,FC Shakhtar Donetsk,Associazione Sportiva Roma,2.0,1.0,0.0,0.0,,,False
2018-02-21,international_cup,Sevilla Fútbol Club S.A.D.,Manchester United Football Club,1.0,1.0,0.0,0.0,,,False
2018-03-06,international_cup,Liverpool Football Club,Futebol Clube do Porto,1.0,2.0,0.0,0.0,,,False
2018-03-06,international_cup,Paris Saint-Germain Football Club,Real Madrid Club de Fútbol,2.0,2.0,1.0,0.0,,,False
2018-03-07,international_cup,Manchester City Football Club,FC Basel 1893 AG,1.0,1.0,0.0,0.0,,,False
2018-03-07,international_cup,Tottenham Hotspur Football Club,Juventus Football Club,3.0,4.0,0.0,0.0,,,False
2018-03-13,international_cup,Associazione Sportiva Roma,FC Shakhtar Donetsk,2.0,3.0,0.0,1.0,,,False
2018-03-13,international_cup,Manchester United Football Club,Sevilla Fútbol Club S.A.D.,1.0,4.0,0.0,0.0,,,False
2018-03-14,international_cup,Beşiktaş Jimnastik Kulübü,FC Bayern München,2.0,3.0,0.0,0.0,,,False
2018-03-14,international_cup,Futbol Club Barcelona,Chelsea Football Club,1.0,3.0,0.0,0.0,,,False
2018-04-03,international_cup,Juventus Football Club,Real Madrid Club de Fútbol,2.0,2.0,1.0,0.0,,,False
2018-04-03,international_cup,Sevilla Fútbol Club S.A.D.,FC Bayern München,2.0,3.0,0.0,0.0,,,False
2018-04-04,international_cup,Futbol Club Barcelona,Associazione Sportiva Roma,0.0,2.0,0.0,0.0,,,False
2018-04-04,international_cup,Liverpool Football Club,Manchester City Football Club,1.0,4.0,0.0,0.0,,,False
2018-04-10,international_cup,Associazione Sportiva Roma,Futbol Club Barcelona,2.0,3.0,0.0,0.0,,,False
2018-04-10,international_cup,Manchester City Football Club,Liverpool Football Club,2.0,4.0,0.0,0.0,,,False
2018-04-11,international_cup,FC Bayern München,Sevilla Fútbol Club S.A.D.,1.0,3.0,0.0,1.0,,,False
2018-04-11,international_cup,Real Madrid Club de Fútbol,Juventus Football Club,3.0,6.0,0.0,1.0,,,False
2018-04-24,international_cup,Liverpool Football Club,Associazione Sportiva Roma,3.0,2.0,0.0,0.0,,,False
2018-04-25,international_cup,FC Bayern München,Real Madrid Club de Fútbol,2.0,1.0,0.0,0.0,,,False
2018-05-01,international_cup,Real Madrid Club de Fútbol,FC Bayern München,4.0,0.0,0.0,0.0,,,False
2018-05-02,international_cup,Associazione Sportiva Roma,Liverpool Football Club,2.0,3.0,0.0,0.0,,,False
2018-05-26,international_cup,Real Madrid Club de Fútbol,Liverpool Football Club,0.0,1.0,0.0,0.0,,,False
2018-06-14,national_team_competition,Russia,Saudi Arabia,1.0,1.0,0.0,0.0,6.0,2.0,False
2018-06-15,national_team_competition,Egypt,Uruguay,2.0,0.0,0.0,0.0,0.0,5.0,False
2018-06-15,national_team_competition,Morocco,Iran,1.0,3.0,0.0,0.0,5.0,2.0,False
2018-06-15,national_team_competition,Portugal,Spain,1.0,1.0,0.0,0.0,3.0,5.0,False
2018-06-16,national_team_competition,Argentina,Iceland,0.0,0.0,0.0,0.0,10.0,2.0,False
2018-06-16,national_team_competition,Croatia,Nigeria,2.0,1.0,0.0,0.0,6.0,4.0,False
2018-06-16,national_team_competition,France,Australia,1.0,3.0,0.0,0.0,5.0,1.0,False
2018-06-16,national_team_competition,Peru,Denmark,1.0,2.0,0.0,0.0,3.0,7.0,False
2018-06-17,national_team_competition,Brazil,Switzerland,1.0,3.0,0.0,0.0,7.0,2.0,False
2018-06-17,national_team_competition,Costa Rica,Serbia,2.0,2.0,0.0,0.0,5.0,4.0,False
2018-06-17,national_team_competition,Germany,Mexico,2.0,2.0,0.0,0.0,6.0,1.0,False
2018-06-18,national_team_competition,Belgium,Panama,3.0,5.0,0.0,0.0,9.0,3.0,False
2018-06-18,national_team_competition,Sweden,South Korea,1.0,2.0,0.0,0.0,6.0,5.0,False
2018-06-18,national_team_competition,Tunisia,England,0.0,1.0,0.0,0.0,2.0,7.0,False
2018-06-19,national_team_competition,Colombia,Japan,2.0,1.0,1.0,0.0,3.0,6.0,False
2018-06-19,national_team_competition,Poland,Senegal,1.0,2.0,0.0,0.0,3.0,3.0,False
2018-06-19,national_team_competition,Russia,Egypt,1.0,1.0,0.0,0.0,7.0,4.0,False
2018-06-20,national_team_competition,Iran,Spain,2.0,0.0,0.0,0.0,2.0,6.0,False
2018-06-20,national_team_competition,Portugal,Morocco,1.0,1.0,0.0,0.0,5.0,7.0,False
2018-06-20,national_team_competition,Uruguay,Saudi Arabia,0.0,0.0,0.0,0.0,3.0,2.0,False
2018-06-21,national_team_competition,Argentina,Croatia,3.0,4.0,0.0,0.0,5.0,2.0,False
2018-06-21,national_team_competition,Denmark,Australia,2.0,0.0,0.0,0.0,3.0,5.0,False
2018-06-21,national_team_competition,France,Peru,2.0,2.0,0.0,0.0,5.0,2.0,False
2018-06-22,national_team_competition,Brazil,Costa Rica,2.0,1.0,0.0,0.0,10.0,1.0,False
2018-06-22,national_team_competition,Nigeria,Iceland,1.0,0.0,0.0,0.0,6.0,5.0,False
2018-06-22,national_team_competition,Serbia,Switzerland,4.0,1.0,0.0,0.0,3.0,7.0,False
2018-06-23,national_team_competition,Belgium,Tunisia,0.0,1.0,0.0,0.0,3.0,2.0,False
2018-06-23,national_team_competition,Germany,Sweden,1.0,2.0,1.0,0.0,5.0,3.0,False
2018-06-23,national_team_competition,South Korea,Mexico,4.0,0.0,0.0,0.0,7.0,4.0,False
2018-06-24,national_team_competition,England,Panama,1.0,3.0,0.0,0.0,3.0,2.0,False
2018-06-24,national_team_competition,Japan,Senegal,2.0,3.0,0.0,0.0,2.0,5.0,False
2018-06-24,national_team_competition,Poland,Colombia,2.0,0.0,0.0,0.0,7.0,5.0,False
2018-06-25,national_team_competition,Iran,Portugal,2.0,4.0,0.0,0.0,0.0,5.0,False
2018-06-25,national_team_competition,Saudi Arabia,Egypt,0.0,2.0,0.0,0.0,6.0,1.0,False
2018-06-25,national_team_competition,Spain,Morocco,0.0,6.0,0.0,0.0,7.0,1.0,False
2018-06-25,national_team_competition,Uruguay,Russia,1.0,2.0,0.0,1.0,4.0,2.0,False
2018-06-26,national_team_competition,Australia,Peru,4.0,2.0,0.0,0.0,8.0,3.0,False
2018-06-26,national_team_competition,Denmark,France,1.0,0.0,0.0,0.0,4.0,2.0,False
2018-06-26,international_cup,FC Santa Coloma,FC Drita,5.0,4.0,0.0,0.0,,,False
2018-06-26,national_team_competition,Iceland,Croatia,3.0,2.0,0.0,0.0,10.0,5.0,False
2018-06-26,international_cup,La Fiorita 1967,Lincoln Red Imps FC,2.0,2.0,0.0,0.0,,,False
2018-06-26,national_team_competition,Nigeria,Argentina,2.0,3.0,0.0,0.0,3.0,5.0,False
2018-06-27,national_team_competition,Mexico,Sweden,3.0,2.0,0.0,0.0,7.0,3.0,False
2018-06-27,national_team_competition,Serbia,Brazil,3.0,0.0,0.0,0.0,5.0,8.0,False
2018-06-27,national_team_competition,South Korea,Germany,4.0,0.0,0.0,0.0,3.0,8.0,False
2018-06-27,national_team_competition,Switzerland,Costa Rica,3.0,3.0,0.0,0.0,6.0,3.0,False
2018-06-28,national_team_competition,England,Belgium,0.0,2.0,0.0,0.0,7.0,2.0,False
2018-06-28,national_team_competition,Japan,Poland,1.0,0.0,0.0,0.0,5.0,7.0,False
2018-06-28,national_team_competition,Panama,Tunisia,3.0,3.0,0.0,0.0,0.0,6.0,False
2018-06-28,national_team_competition,Senegal,Colombia,1.0,1.0,0.0,0.0,1.0,3.0,False
2018-06-29,international_cup,Lincoln Red Imps FC,FC Drita,4.0,8.0,1.0,1.0,,,False
2018-06-30,national_team_competition,France,Argentina,3.0,5.0,0.0,0.0,0.0,4.0,False
2018-06-30,national_team_competition,Uruguay,Portugal,0.0,1.0,0.0,0.0,2.0,9.0,False
2018-07-01,national_team_competition,Croatia,Denmark,0.0,1.0,0.0,0.0,5.0,4.0,True
2018-07-01,national_team_competition,Spain,Russia,1.0,2.0,0.0,0.0,6.0,5.0,True
2018-07-02,national_team_competition,Belgium,Japan,0.0,1.0,0.0,0.0,8.0,4.0,False
2018-07-02,national_team_competition,Brazil,Mexico,2.0,4.0,0.0,0.0,8.0,7.0,False
2018-07-03,national_team_competition,Colombia,England,6.0,2.0,0.0,0.0,2.0,7.0,True
2018-07-03,national_team_competition,Sweden,Switzerland,1.0,2.0,0.0,1.0,3.0,11.0,False
2018-07-06,national_team_competition,Brazil,Belgium,2.0,2.0,0.0,0.0,8.0,4.0,False
2018-07-06,national_team_competition,Uruguay,France,2.0,2.0,0.0,0.0,4.0,3.0,False
2018-07-07,national_team_competition,Russia,Croatia,1.0,4.0,0.0,0.0,6.0,8.0,True
2018-07-07,national_team_competition,Sweden,England,2.0,1.0,0.0,0.0,1.0,6.0,False
2018-07-10,international_cup,Alashkert Yerevan FC,The Celtic Football Club,3.0,0.0,0.0,0.0,,,False
2018-07-10,international_cup,Cork City FC,Legia Warszawa Spółka Akcyjna,3.0,0.0,0.0,0.0,,,False
2018-07-10,international_cup,F91 Dudelange,Videoton FC,0.0,2.0,0.0,0.0,,,False
2018-07-10,international_cup,FC Drita,Malmö Fotbollförening,2.0,1.0,0.0,0.0,,,False
2018-07-10,international_cup,FC Flora Tallinn,Hapoel Beer Sheva,0.0,0.0,0.0,0.0,,,False
2018-07-10,national_team_competition,France,Belgium,2.0,3.0,0.0,0.0,4.0,5.0,False
2018-07-10,international_cup,Shkendija Tetovo,The New Saints,1.0,1.0,0.0,0.0,,,False
2018-07-10,international_cup,Torpedo Kutaisi,FC Sheriff Tiraspol,1.0,2.0,0.0,0.0,,,False
2018-07-10,international_cup,Víkingur Gøta,HJK Helsinki,4.0,2.0,0.0,0.0,,,False
2018-07-11,national_team_competition,Croatia,England,2.0,1.0,0.0,0.0,8.0,4.0,False
2018-07-11,international_cup,FC Astana,FK Sutjeska Niksic,1.0,3.0,0.0,0.0,,,False
2018-07-11,international_cup,FK Kukësi,Valletta FC,0.0,4.0,0.0,0.0,,,False
2018-07-11,international_cup,FK Spartaks Jurmala,Fudbalski klub Crvena zvezda Beograd,2.0,2.0,0.0,0.0,,,False
2018-07-11,international_cup,FK Suduva Marijampole,APOEL Nicosia,2.0,0.0,0.0,0.0,,,False
2018-07-11,international_cup,Ludogorets Razgrad,Crusaders FC,1.0,4.0,0.0,0.0,,,False
2018-07-11,international_cup,NK Olimpija Ljubljana,Qarabağ FK,1.0,3.0,1.0,1.0,,,False
2018-07-11,international_cup,Spartak Trnava,HSK Zrinjski Mostar,2.0,3.0,1.0,1.0,,,False
2018-07-11,international_cup,Valur Reykjavík,Rosenborg Ballklub,0.0,0.0,0.0,0.0,,,False
2018-07-14,national_team_competition,Belgium,England,1.0,2.0,0.0,0.0,4.0,5.0,False
2018-07-15,national_team_competition,France,Croatia,2.0,1.0,0.0,0.0,2.0,6.0,False
2018-07-17,international_cup,APOEL Nicosia,FK Suduva Marijampole,1.0,3.0,0.0,0.0,,,False
2018-07-17,international_cup,Crusaders FC,Ludogorets Razgrad,1.0,2.0,0.0,0.0,,,False
2018-07-17,international_cup,Fudbalski klub Crvena zvezda Beograd,FK Spartaks Jurmala,1.0,4.0,0.0,0.0,,,False
2018-07-17,international_cup,HJK Helsinki,Víkingur Gøta,0.0,2.0,0.0,0.0,,,False
2018-07-17,international_cup,Hapoel Beer Sheva,FC Flora Tallinn,0.0,2.0,0.0,0.0,,,False
2018-07-17,international_cup,Legia Warszawa Spółka Akcyjna,Cork City FC,1.0,0.0,0.0,0.0,,,False
2018-07-17,international_cup,Malmö Fotbollförening,FC Drita,0.0,0.0,0.0,0.0,,,False
2018-07-17,international_cup,The New Saints,Shkendija Tetovo,4.0,2.0,0.0,0.0,,,False
2018-07-17,international_cup,Valletta FC,FK Kukësi,2.0,3.0,0.0,1.0,,,False
2018-07-17,international_cup,Videoton FC,F91 Dudelange,5.0,3.0,0.0,1.0,,,False
2018-07-18,international_cup,FC Sheriff Tiraspol,Torpedo Kutaisi,2.0,1.0,0.0,0.0,,,False
2018-07-18,international_cup,FK Sutjeska Niksic,FC Astana,2.0,0.0,0.0,0.0,,,False
2018-07-18,international_cup,HSK Zrinjski Mostar,Spartak Trnava,2.0,1.0,0.0,0.0,,,False
2018-07-18,international_cup,Qarabağ FK,NK Olimpija Ljubljana,2.0,4.0,0.0,1.0,,,False
2018-07-18,international_cup,Rosenborg Ballklub,Valur Reykjavík,0.0,3.0,0.0,1.0,,,False
2018-07-18,international_cup,The Celtic Football Club,Alashkert Yerevan FC,1.0,3.0,1.0,0.0,,,False
2018-07-24,international_cup,FC Astana,Fodbold Club Midtjylland,1.0,2.0,0.0,0.0,,,False
2018-07-24,international_cup,Fotbal Club CFR 1907 Cluj SA,Malmö Fotbollförening,2.0,1.0,0.0,0.0,,,False
2018-07-24,international_cup,Fudbalski klub Crvena zvezda Beograd,FK Suduva Marijampole,1.0,0.0,0.0,0.0,,,False
2018-07-24,international_cup,GNK Dinamo Zagreb,Hapoel Beer Sheva,3.0,2.0,0.0,0.0,,,False
2018-07-24,international_cup,Legia Warszawa Spółka Akcyjna,Spartak Trnava,4.0,5.0,0.0,0.0,,,False
2018-07-24,international_cup,Panthessalonikios Athlitikos Omilos Konstantinoupoliton,FC Basel 1893 AG,0.0,3.0,0.0,0.0,,,False
2018-07-24,international_cup,Shkendija Tetovo,FC Sheriff Tiraspol,2.0,1.0,0.0,0.0,,,False
2018-07-25,international_cup,AFC Ajax Amsterdam,Sportklub Puntigamer Sturm Graz,0.0,2.0,0.0,0.0,,,False
2018-07-25,international_cup,BATE Borisov,HJK Helsinki,1.0,3.0,0.0,0.0,,,False
2018-07-25,international_cup,FK Kukësi,Qarabağ FK,0.0,0.0,0.0,0.0,,,False
2018-07-25,international_cup,Ludogorets Razgrad,Videoton FC,0.0,4.0,0.0,0.0,,,False
2018-07-25,international_cup,The Celtic Football Club,Rosenborg Ballklub,2.0,3.0,0.0,0.0,,,False
2018-07-31,international_cup,FC Sheriff Tiraspol,Shkendija Tetovo,4.0,4.0,0.0,0.0,,,False
2018-07-31,international_cup,Hapoel Beer Sheva,GNK Dinamo Zagreb,5.0,2.0,0.0,0.0,,,False
2018-07-31,international_cup,Spartak Trnava,Legia Warszawa Spółka Akcyjna,2.0,2.0,0.0,2.0,,,False
2018-08-01,international_cup,FC Basel 1893 AG,Panthessalonikios Athlitikos Omilos Konstantinoupoliton,3.0,3.0,0.0,0.0,,,False
2018-08-01,international_cup,FK Suduva Marijampole,Fudbalski klub Crvena zvezda Beograd,1.0,0.0,0.0,0.0,,,False
2018-08-01,international_cup,Fodbold Club Midtjylland,FC Astana,3.0,4.0,0.0,0.0,,,False
2018-08-01,international_cup,HJK Helsinki,BATE Borisov,3.0,3.0,0.0,0.0,,,False
2018-08-01,international_cup,Malmö Fotbollförening,Fotbal Club CFR 1907 Cluj SA,2.0,4.0,0.0,1.0,,,False
2018-08-01,international_cup,Qarabağ FK,FK Kukësi,1.0,2.0,0.0,1.0,,,False
2018-08-01,international_cup,Rosenborg Ballklub,The Celtic Football Club,2.0,1.0,0.0,0.0,,,False
2018-08-01,international_cup,Sportklub Puntigamer Sturm Graz,AFC Ajax Amsterdam,3.0,1.0,0.0,0.0,,,False
2018-08-01,international_cup,Videoton FC,Ludogorets Razgrad,4.0,5.0,0.0,1.0,,,False
2018-08-07,international_cup,FC Astana,GNK Dinamo Zagreb,1.0,3.0,0.0,0.0,,,False
2018-08-07,international_cup,Fudbalski klub Crvena zvezda Beograd,Spartak Trnava,1.0,2.0,0.0,0.0,,,False
2018-08-07,international_cup,Malmö Fotbollförening,Videoton FC,3.0,1.0,0.0,0.0,,,False
2018-08-07,international_cup,Qarabağ FK,BATE Borisov,0.0,3.0,0.0,0.0,,,False
2018-08-07,international_cup,Royal Standard Club de Liège,AFC Ajax Amsterdam,1.0,2.0,0.0,0.0,,,False
2018-08-07,international_cup,"SK Slavia Praha, a.s.",Futbolniy Klub Dynamo Kyiv,2.0,2.0,0.0,0.0,,,False
2018-08-07,international_cup,Sport Lisboa e Benfica,Fenerbahçe Spor Kulübü,1.0,3.0,0.0,0.0,,,False
2018-08-08,international_cup,Fußballclub Red Bull Salzburg,Shkendija Tetovo,1.0,2.0,1.0,0.0,,,False
2018-08-08,international_cup,Panthessalonikios Athlitikos Omilos Konstantinoupoliton,FK Spartak Moskva,3.0,4.0,0.0,0.0,,,False
2018-08-08,international_cup,The Celtic Football Club,Athlitiki Enosi Konstantinoupoleos,0.0,3.0,0.0,1.0,,,False
2018-08-14,international_cup,AFC Ajax Amsterdam,Royal Standard Club de Liège,0.0,1.0,0.0,0.0,,,False
2018-08-14,international_cup,Athlitiki Enosi Konstantinoupoleos,The Celtic Football Club,3.0,2.0,0.0,0.0,,,False
2018-08-14,international_cup,BATE Borisov,Qarabağ FK,1.0,4.0,0.0,1.0,,,False
2018-08-14,international_cup,FK Spartak Moskva,Panthessalonikios Athlitikos Omilos Konstantinoupoliton,3.0,3.0,1.0,0.0,,,False
2018-08-14,international_cup,Fenerbahçe Spor Kulübü,Sport Lisboa e Benfica,2.0,4.0,0.0,0.0,,,False
2018-08-14,international_cup,Futbolniy Klub Dynamo Kyiv,"SK Slavia Praha, a.s.",0.0,5.0,0.0,0.0,,,False
2018-08-14,international_cup,GNK Dinamo Zagreb,FC Astana,0.0,2.0,0.0,0.0,,,False
2018-08-14,international_cup,Shkendija Tetovo,Fußballclub Red Bull Salzburg,3.0,3.0,0.0,0.0,,,False
2018-08-14,international_cup,Spartak Trnava,Fudbalski klub Crvena zvezda Beograd,6.0,7.0,0.0,0.0,,,False
2018-08-14,international_cup,Videoton FC,Malmö Fotbollförening,3.0,2.0,0.0,0.0,,,False
2018-08-15,international_cup,Real Madrid Club de Fútbol,Club Atlético de Madrid S.A.D.,5.0,3.0,0.0,0.0,,,False
2018-08-21,international_cup,BATE Borisov,Eindhovense Voetbalvereniging Philips Sport Vereniging,3.0,3.0,0.0,0.0,,,False
2018-08-21,international_cup,Fudbalski klub Crvena zvezda Beograd,Fußballclub Red Bull Salzburg,0.0,3.0,0.0,0.0,,,False
2018-08-21,international_cup,Sport Lisboa e Benfica,Panthessalonikios Athlitikos Omilos Konstantinoupoliton,2.0,3.0,0.0,0.0,,,False
2018-08-22,international_cup,AFC Ajax Amsterdam,Futbolniy Klub Dynamo Kyiv,2.0,2.0,0.0,0.0,,,False
2018-08-22,international_cup,Berner Sport Club Young Boys,GNK Dinamo Zagreb,1.0,2.0,0.0,0.0,,,False
2018-08-22,international_cup,Videoton FC,Athlitiki Enosi Konstantinoupoleos,2.0,2.0,1.0,1.0,,,False
2018-08-28,international_cup,Athlitiki Enosi Konstantinoupoleos,Videoton FC,2.0,6.0,2.0,0.0,,,False
2018-08-28,international_cup,Futbolniy Klub Dynamo Kyiv,AFC Ajax Amsterdam,3.0,2.0,0.0,0.0,,,False
2018-08-28,international_cup,GNK Dinamo Zagreb,Berner Sport Club Young Boys,2.0,2.0,0.0,0.0,,,False
2018-08-29,international_cup,Eindhovense Voetbalvereniging Philips Sport Vereniging,BATE Borisov,1.0,2.0,0.0,0.0,,,False
2018-08-29,international_cup,Fußballclub Red Bull Salzburg,Fudbalski klub Crvena zvezda Beograd,3.0,3.0,0.0,0.0,,,False
2018-08-29,international_cup,Panthessalonikios Athlitikos Omilos Konstantinoupoliton,Sport Lisboa e Benfica,5.0,2.0,1.0,0.0,,,False
2018-09-18,international_cup,Association sportive de Monaco Football Club,Club Atlético de Madrid S.A.D.,3.0,2.0,0.0,0.0,,,False
2018-09-18,international_cup,Club Brugge Koninklijke Voetbalvereniging,Borussia Dortmund,0.0,2.0,0.0,0.0,,,False
2018-09-18,international_cup,FC Schalke 04,Futebol Clube do Porto,2.0,2.0,0.0,0.0,,,False
2018-09-18,international_cup,Football Club Internazionale Milano S.p.A.,Tottenham Hotspur Football Club,2.0,3.0,0.0,0.0,,,False
2018-09-18,international_cup,Fudbalski klub Crvena zvezda Beograd,Società Sportiva Calcio Napoli,2.0,4.0,0.0,0.0,,,False
2018-09-18,international_cup,Futbol Club Barcelona,Eindhovense Voetbalvereniging Philips Sport Vereniging,1.0,2.0,1.0,0.0,,,False
2018-09-18,international_cup,Galatasaray Spor Kulübü,"Футбольный клуб ""Локомотив"" Москва",2.0,4.0,1.0,0.0,,,False
2018-09-18,international_cup,Liverpool Football Club,Paris Saint-Germain Football Club,1.0,1.0,0.0,0.0,,,False
2018-09-19,international_cup,AFC Ajax Amsterdam,Athlitiki Enosi Konstantinoupoleos,3.0,2.0,0.0,0.0,,,False
2018-09-19,international_cup,Berner Sport Club Young Boys,Manchester United Football Club,1.0,1.0,0.0,0.0,,,False
2018-09-19,international_cup,FC Shakhtar Donetsk,Turn- und Sportgemeinschaft 1899 Hoffenheim Fußball-Spielbetriebs,3.0,1.0,0.0,0.0,,,False
2018-09-19,international_cup,"FC Viktoria Plzeň, a.s.",PFK CSKA Moskva,3.0,5.0,0.0,0.0,,,False
2018-09-19,international_cup,Manchester City Football Club,Olympique Lyonnais,1.0,2.0,0.0,0.0,,,False
2018-09-19,international_cup,Real Madrid Club de Fútbol,Associazione Sportiva Roma,1.0,2.0,0.0,0.0,,,False
2018-09-19,international_cup,Sport Lisboa e Benfica,FC Bayern München,2.0,2.0,0.0,0.0,,,False
2018-09-19,international_cup,Valencia Club de Fútbol S. A. D.,Juventus Football Club,3.0,3.0,0.0,1.0,,,False
2018-10-02,international_cup,Associazione Sportiva Roma,"FC Viktoria Plzeň, a.s.",1.0,1.0,0.0,0.0,,,False
2018-10-02,international_cup,Athlitiki Enosi Konstantinoupoleos,Sport Lisboa e Benfica,2.0,3.0,0.0,1.0,,,False
2018-10-02,international_cup,FC Bayern München,AFC Ajax Amsterdam,3.0,2.0,0.0,0.0,,,False
2018-10-02,international_cup,Juventus Football Club,Berner Sport Club Young Boys,0.0,3.0,0.0,1.0,,,False
2018-10-02,international_cup,Manchester United Football Club,Valencia Club de Fútbol S. A. D.,1.0,6.0,0.0,0.0,,,False
2018-10-02,international_cup,Olympique Lyonnais,FC Shakhtar Donetsk,1.0,0.0,0.0,0.0,,,False
2018-10-02,international_cup,PFK CSKA Moskva,Real Madrid Club de Fútbol,3.0,0.0,1.0,0.0,,,False
2018-10-02,international_cup,Turn- und Sportgemeinschaft 1899 Hoffenheim Fußball-Spielbetriebs,Manchester City Football Club,1.0,4.0,0.0,0.0,,,False
2018-10-03,international_cup,Borussia Dortmund,Association sportive de Monaco Football Club,0.0,0.0,0.0,0.0,,,False
2018-10-03,international_cup,Club Atlético de Madrid S.A.D.,Club Brugge Koninklijke Voetbalvereniging,2.0,2.0,0.0,0.0,,,False
2018-10-03,international_cup,Eindhovense Voetbalvereniging Philips Sport Vereniging,Football Club Internazionale Milano S.p.A.,0.0,3.0,0.0,0.0,,,False
2018-10-03,international_cup,Futebol Clube do Porto,Galatasaray Spor Kulübü,3.0,4.0,0.0,0.0,,,False
2018-10-03,international_cup,Paris Saint-Germain Football Club,Fudbalski klub Crvena zvezda Beograd,0.0,2.0,0.0,0.0,,,False
2018-10-03,international_cup,Società Sportiva Calcio Napoli,Liverpool Football Club,1.0,1.0,0.0,0.0,,,False
2018-10-03,international_cup,Tottenham Hotspur Football Club,Futbol Club Barcelona,5.0,2.0,0.0,0.0,,,False
2018-10-03,international_cup,"Футбольный клуб ""Локомотив"" Москва",FC Schalke 04,3.0,2.0,0.0,0.0,,,False
2018-10-23,international_cup,AFC Ajax Amsterdam,Sport Lisboa e Benfica,3.0,4.0,0.0,0.0,,,False
2018-10-23,international_cup,Associazione Sportiva Roma,PFK CSKA Moskva,0.0,2.0,0.0,0.0,,,False
2018-10-23,international_cup,Athlitiki Enosi Konstantinoupoleos,FC Bayern München,0.0,0.0,0.0,0.0,,,False
2018-10-23,international_cup,Berner Sport Club Young Boys,Valencia Club de Fútbol S. A. D.,1.0,1.0,0.0,0.0,,,False
2018-10-23,international_cup,FC Shakhtar Donetsk,Manchester City Football Club,1.0,1.0,0.0,0.0,,,False
2018-10-23,international_cup,Manchester United Football Club,Juventus Football Club,1.0,2.0,0.0,0.0,,,False
2018-10-23,international_cup,Real Madrid Club de Fútbol,"FC Viktoria Plzeň, a.s.",3.0,1.0,0.0,0.0,,,False
2018-10-23,international_cup,Turn- und Sportgemeinschaft 1899 Hoffenheim Fußball-Spielbetriebs,Olympique Lyonnais,1.0,1.0,0.0,0.0,,,False
2018-10-24,international_cup,Borussia Dortmund,Club Atlético de Madrid S.A.D.,2.0,5.0,0.0,0.0,,,False
2018-10-24,international_cup,Club Brugge Koninklijke Voetbalvereniging,Association sportive de Monaco Football Club,3.0,3.0,0.0,0.0,,,False
2018-10-24,international_cup,Eindhovense Voetbalvereniging Philips Sport Vereniging,Tottenham Hotspur Football Club,3.0,1.0,0.0,1.0,,,False
2018-10-24,international_cup,Futbol Club Barcelona,Football Club Internazionale Milano S.p.A.,1.0,3.0,0.0,0.0,,,False
2018-10-24,international_cup,Galatasaray Spor Kulübü,FC Schalke 04,3.0,1.0,0.0,0.0,,,False
2018-10-24,international_cup,Liverpool Football Club,Fudbalski klub Crvena zvezda Beograd,0.0,5.0,0.0,0.0,,,False
2018-10-24,international_cup,Paris Saint-Germain Football Club,Società Sportiva Calcio Napoli,2.0,5.0,0.0,0.0,,,False
2018-10-24,international_cup,"Футбольный клуб ""Локомотив"" Москва",Futebol Clube do Porto,3.0,2.0,1.0,0.0,,,False
2018-11-06,international_cup,Association sportive de Monaco Football Club,Club Brugge Koninklijke Voetbalvereniging,1.0,0.0,0.0,0.0,,,False
2018-11-06,international_cup,Club Atlético de Madrid S.A.D.,Borussia Dortmund,1.0,3.0,0.0,0.0,,,False
2018-11-06,international_cup,FC Schalke 04,Galatasaray Spor Kulübü,2.0,3.0,0.0,0.0,,,False
2018-11-06,international_cup,Football Club Internazionale Milano S.p.A.,Futbol Club Barcelona,2.0,1.0,0.0,0.0,,,False
2018-11-06,international_cup,Fudbalski klub Crvena zvezda Beograd,Liverpool Football Club,1.0,1.0,0.0,0.0,,,False
2018-11-06,international_cup,Futebol Clube do Porto,"Футбольный клуб ""Локомотив"" Москва",3.0,1.0,0.0,0.0,,,False
2018-11-06,international_cup,Società Sportiva Calcio Napoli,Paris Saint-Germain Football Club,1.0,4.0,0.0,0.0,,,False
2018-11-06,international_cup,Tottenham Hotspur Football Club,Eindhovense Voetbalvereniging Philips Sport Vereniging,2.0,2.0,0.0,0.0,,,False
2018-11-07,international_cup,FC Bayern München,Athlitiki Enosi Konstantinoupoleos,0.0,3.0,0.0,0.0,,,False
2018-11-07,international_cup,"FC Viktoria Plzeň, a.s.",Real Madrid Club de Fútbol,0.0,1.0,0.0,0.0,,,False
2018-11-07,international_cup,Juventus Football Club,Manchester United Football Club,2.0,3.0,0.0,0.0,,,False
2018-11-07,international_cup,Manchester City Football Club,FC Shakhtar Donetsk,0.0,0.0,0.0,0.0,,,False
2018-11-07,international_cup,Olympique Lyonnais,Turn- und Sportgemeinschaft 1899 Hoffenheim Fußball-Spielbetriebs,2.0,5.0,0.0,1.0,,,False
2018-11-07,international_cup,PFK CSKA Moskva,Associazione Sportiva Roma,1.0,0.0,1.0,0.0,,,False
2018-11-07,international_cup,Sport Lisboa e Benfica,AFC Ajax Amsterdam,3.0,4.0,0.0,0.0,,,False
2018-11-07,international_cup,Valencia Club de Fútbol S. A. D.,Berner Sport Club Young Boys,3.0,4.0,0.0,1.0,,,False
2018-11-27,international_cup,Associazione Sportiva Roma,Real Madrid Club de Fútbol,1.0,2.0,0.0,0.0,,,False
2018-11-27,international_cup,Athlitiki Enosi Konstantinoupoleos,AFC Ajax Amsterdam,4.0,2.0,1.0,0.0,,,False
2018-11-27,international_cup,FC Bayern München,Sport Lisboa e Benfica,2.0,1.0,0.0,0.0,,,False
2018-11-27,international_cup,Juventus Football Club,Valencia Club de Fútbol S. A. D.,3.0,5.0,0.0,0.0,,,False
2018-11-27,international_cup,Manchester United Football Club,Berner Sport Club Young Boys,2.0,2.0,0.0,0.0,,,False
2018-11-27,international_cup,Olympique Lyonnais,Manchester City Football Club,1.0,2.0,0.0,0.0,,,False
2018-11-27,international_cup,PFK CSKA Moskva,"FC Viktoria Plzeň, a.s.",2.0,3.0,0.0,0.0,,,False
2018-11-27,international_cup,Turn- und Sportgemeinschaft 1899 Hoffenheim Fußball-Spielbetriebs,FC Shakhtar Donetsk,3.0,5.0,1.0,0.0,,,False
2018-11-28,international_cup,Borussia Dortmund,Club Brugge Koninklijke Voetbalvereniging,1.0,1.0,0.0,0.0,,,False
2018-11-28,international_cup,Club Atlético de Madrid S.A.D.,Association sportive de Monaco Football Club,4.0,2.0,1.0,0.0,,,False
2018-11-28,international_cup,Eindhovense Voetbalvereniging Philips Sport Vereniging,Futbol Club Barcelona,3.0,2.0,0.0,0.0,,,False
2018-11-28,international_cup,Futebol Clube do Porto,FC Schalke 04,1.0,2.0,0.0,0.0,,,False
2018-11-28,international_cup,Paris Saint-Germain Football Club,Liverpool Football Club,2.0,6.0,0.0,0.0,,,False
2018-11-28,international_cup,Società Sportiva Calcio Napoli,Fudbalski klub Crvena zvezda Beograd,1.0,3.0,0.0,0.0,,,False
2018-11-28,international_cup,Tottenham Hotspur Football Club,Football Club Internazionale Milano S.p.A.,3.0,2.0,0.0,0.0,,,False
2018-11-28,international_cup,"Футбольный клуб ""Локомотив"" Москва",Galatasaray Spor Kulübü,2.0,1.0,0.0,0.0,,,False
2018-12-11,international_cup,Association sportive de Monaco Football Club,Borussia Dortmund,4.0,2.0,0.0,0.0,,,False
2018-12-11,international_cup,Club Brugge Koninklijke Voetbalvereniging,Club Atlético de Madrid S.A.D.,2.0,3.0,0.0,0.0,,,False
2018-12-11,international_cup,FC Schalke 04,"Футбольный клуб ""Локомотив"" Москва",3.0,3.0,0.0,0.0,,,False
2018-12-11,international_cup,Football Club Internazionale Milano S.p.A.,Eindhovense Voetbalvereniging Philips Sport Vereniging,3.0,4.0,0.0,0.0,,,False
2018-12-11,international_cup,Fudbalski klub Crvena zvezda Beograd,Paris Saint-Germain Football Club,4.0,2.0,0.0,0.0,,,False
2018-12-11,international_cup,Futbol Club Barcelona,Tottenham Hotspur Football Club,1.0,1.0,0.0,0.0,,,False
2018-12-11,international_cup,Galatasaray Spor Kulübü,Futebol Clube do Porto,1.0,1.0,0.0,0.0,,,False
2018-12-11,international_cup,Liverpool Football Club,Società Sportiva Calcio Napoli,4.0,1.0,0.0,0.0,,,False
2018-12-12,international_cup,AFC Ajax Amsterdam,FC Bayern München,3.0,2.0,1.0,1.0,,,False
2018-12-12,international_cup,Berner Sport Club Young Boys,Juventus Football Club,3.0,1.0,0.0,0.0,,,False
2018-12-12,international_cup,FC Shakhtar Donetsk,Olympique Lyonnais,1.0,2.0,0.0,0.0,,,False
2018-12-12,international_cup,"FC Viktoria Plzeň, a.s.",Associazione Sportiva Roma,1.0,2.0,0.0,1.0,,,False
2018-12-12,international_cup,Manchester City Football Club,Turn- und Sportgemeinschaft 1899 Hoffenheim Fußball-Spielbetriebs,0.0,2.0,0.0,0.0,,,False
2018-12-12,international_cup,Real Madrid Club de Fútbol,PFK CSKA Moskva,1.0,1.0,0.0,0.0,,,False
2018-12-12,international_cup,Sport Lisboa e Benfica,Athlitiki Enosi Konstantinoupoleos,1.0,2.0,0.0,1.0,,,False
2018-12-12,international_cup,Valencia Club de Fútbol S. A. D.,Manchester United Football Club,1.0,3.0,0.0,0.0,,,False
2019-02-12,international_cup,Associazione Sportiva Roma,Futebol Clube do Porto,1.0,1.0,0.0,0.0,,,False
2019-02-12,international_cup,Manchester United Football Club,Paris Saint-Germain Football Club,5.0,4.0,1.0,0.0,,,False
2019-02-13,international_cup,AFC Ajax Amsterdam,Real Madrid Club de Fútbol,1.0,3.0,0.0,0.0,,,False
2019-02-13,international_cup,Tottenham Hotspur Football Club,Borussia Dortmund,1.0,1.0,0.0,0.0,,,False
2019-02-19,international_cup,Liverpool Football Club,FC Bayern München,1.0,1.0,0.0,0.0,,,False
2019-02-19,international_cup,Olympique Lyonnais,Futbol Club Barcelona,2.0,2.0,0.0,0.0,,,False
2019-02-20,international_cup,Club Atlético de Madrid S.A.D.,Juventus Football Club,3.0,1.0,0.0,0.0,,,False
2019-02-20,international_cup,FC Schalke 04,Manchester City Football Club,2.0,3.0,0.0,1.0,,,False
2019-03-05,international_cup,Borussia Dortmund,Tottenham Hotspur Football Club,0.0,0.0,0.0,0.0,,,False
2019-03-05,international_cup,Real Madrid Club de Fútbol,AFC Ajax Amsterdam,2.0,1.0,1.0,0.0,,,False
2019-03-06,international_cup,Futebol Clube do Porto,Associazione Sportiva Roma,4.0,5.0,0.0,0.0,,,False
2019-03-06,international_cup,Paris Saint-Germain Football Club,Manchester United Football Club,2.0,1.0,0.0,0.0,,,False
2019-03-12,international_cup,Juventus Football Club,Club Atlético de Madrid S.A.D.,1.0,3.0,0.0,0.0,,,False
2019-03-12,international_cup,Manchester City Football Club,FC Schalke 04,2.0,1.0,0.0,0.0,,,False
2019-03-13,international_cup,FC Bayern München,Liverpool Football Club,2.0,3.0,0.0,0.0,,,False
2019-03-13,international_cup,Futbol Club Barcelona,Olympique Lyonnais,1.0,2.0,0.0,0.0,,,False
2019-04-09,international_cup,Liverpool Football Club,Futebol Clube do Porto,0.0,2.0,0.0,0.0,,,False
2019-04-09,international_cup,Tottenham Hotspur Football Club,Manchester City Football Club,1.0,2.0,0.0,0.0,,,False
2019-04-10,international_cup,AFC Ajax Amsterdam,Juventus Football Club,4.0,1.0,0.0,0.0,,,False
2019-04-10,international_cup,Manchester United Football Club,Futbol Club Barcelona,3.0,2.0,0.0,0.0,,,False
2019-04-16,international_cup,Futbol Club Barcelona,Manchester United Football Club,1.0,0.0,0.0,0.0,,,False
2019-04-16,international_cup,Juventus Football Club,AFC Ajax Amsterdam,2.0,0.0,0.0,0.0,,,False
2019-04-17,international_cup,Futebol Clube do Porto,Liverpool Football Club,1.0,1.0,0.0,0.0,,,False
2019-04-17,international_cup,Manchester City Football Club,Tottenham Hotspur Football Club,0.0,4.0,0.0,0.0,,,False
2019-04-30,international_cup,Tottenham Hotspur Football Club,AFC Ajax Amsterdam,0.0,2.0,0.0,0.0,,,False
2019-05-01,international_cup,Futbol Club Barcelona,Liverpool Football Club,3.0,1.0,0.0,0.0,,,False
2019-05-07,international_cup,Liverpool Football Club,Futbol Club Barcelona,2.0,3.0,0.0,0.0,,,False
2019-05-08,international_cup,AFC Ajax Amsterdam,Tottenham Hotspur Football Club,3.0,2.0,0.0,0.0,,,False
2019-06-01,international_cup,Tottenham Hotspur Football Club,Liverpool Football Club,0.0,0.0,0.0,0.0,,,False
2019-06-07,Women's World Cup,France Women's,Korea Republic Women's,,,,,13.0,1.0,False
2019-06-08,Women's World Cup,Germany Women's,China PR Women's,,,,,8.0,3.0,False
2019-06-08,Women's World Cup,Norway Women's,Nigeria Women's,,,,,5.0,5.0,False
2019-06-08,Women's World Cup,Spain Women's,South Africa Women's,,,,,5.0,2.0,False
2019-06-09,Women's World Cup,Australia Women's,Italy Women's,,,,,6.0,3.0,False
2019-06-09,Women's World Cup,Brazil Women's,Jamaica Women's,,,,,10.0,3.0,False
2019-06-09,Women's World Cup,England Women's,Scotland Women's,,,,,9.0,2.0,False
2019-06-10,Women's World Cup,Argentina Women's,Japan Women's,,,,,0.0,5.0,False
2019-06-10,Women's World Cup,Canada Women's,Cameroon Women's,,,,,10.0,4.0,False
2019-06-11,Women's World Cup,Chile Women's,Sweden Women's,,,,,0.0,11.0,False
2019-06-11,Women's World Cup,New Zealand Women's,Netherlands Women's,,,,,1.0,8.0,False
2019-06-11,Women's World Cup,United States Women's,Thailand Women's,,,,,9.0,0.0,False
2019-06-12,Women's World Cup,France Women's,Norway Women's,,,,,9.0,5.0,False
2019-06-12,Women's World Cup,Germany Women's,Spain Women's,,,,,2.0,7.0,False
2019-06-12,Women's World Cup,Nigeria Women's,Korea Republic Women's,,,,,3.0,6.0,False
2019-06-13,Women's World Cup,Australia Women's,Brazil Women's,,,,,4.0,3.0,False
2019-06-13,Women's World Cup,South Africa Women's,China PR Women's,,,,,3.0,7.0,False
2019-06-14,Women's World Cup,England Women's,Argentina Women's,,,,,7.0,0.0,False
2019-06-14,Women's World Cup,Jamaica Women's,Italy Women's,,,,,4.0,7.0,False
2019-06-14,Women's World Cup,Japan Women's,Scotland Women's,,,,,6.0,6.0,False
2019-06-15,Women's World Cup,Canada Women's,New Zealand Women's,,,,,8.0,1.0,False
2019-06-15,Women's World Cup,Netherlands Women's,Cameroon Women's,,,,,0.0,3.0,False
2019-06-16,Women's World Cup,Sweden Women's,Thailand Women's,,,,,6.0,0.0,False
2019-06-16,Women's World Cup,United States Women's,Chile Women's,,,,,15.0,1.0,False
2019-06-17,Women's World Cup,China PR Women's,Spain Women's,,,,,0.0,8.0,False
2019-06-17,Women's World Cup,Korea Republic Women's,Norway Women's,,,,,4.0,3.0,False
2019-06-17,Women's World Cup,Nigeria Women's,France Women's,,,,,2.0,9.0,False
2019-06-17,Women's World Cup,South Africa Women's,Germany Women's,,,,,1.0,8.0,False
2019-06-18,Women's World Cup,Italy Women's,Brazil Women's,,,,,4.0,7.0,False
2019-06-18,Women's World Cup,Jamaica Women's,Australia Women's,,,,,1.0,8.0,False
2019-06-19,Women's World Cup,Japan Women's,England Women's,,,,,4.0,6.0,False
2019-06-19,Women's World Cup,Scotland Women's,Argentina Women's,,,,,5.0,1.0,False
2019-06-20,Women's World Cup,Cameroon Women's,New Zealand Women's,,,,,3.0,4.0,False
2019-06-20,Women's World Cup,Netherlands Women's,Canada Women's,,,,,0.0,1.0,False
2019-06-20,Women's World Cup,Sweden Women's,United States Women's,,,,,1.0,5.0,False
2019-06-20,Women's World Cup,Thailand Women's,Chile Women's,,,,,3.0,4.0,False
2019-06-22,Women's World Cup,Germany Women's,Nigeria Women's,,,,,13.0,5.0,False
2019-06-22,Women's World Cup,Norway Women's,Australia Women's,,,,,12.0,5.0,False
2019-06-23,Women's World Cup,England Women's,Cameroon Women's,,,,,4.0,2.0,False
2019-06-23,Women's World Cup,France Women's,Brazil Women's,,,,,7.0,4.0,False
2019-06-24,Women's World Cup,Spain Women's,United States Women's,,,,,2.0,3.0,False
2019-06-24,Women's World Cup,Sweden Women's,Canada Women's,,,,,3.0,8.0,False
2019-06-25,Women's World Cup,Italy Women's,China PR Women's,,,,,0.0,9.0,False
2019-06-25,international_cup,KF Feronikeli Drenas,Lincoln Red Imps FC,4.0,4.0,0.0,0.0,,,False
2019-06-25,Women's World Cup,Netherlands Women's,Japan Women's,,,,,3.0,2.0,False
2019-06-25,international_cup,SP Tre Penne,FC Santa Coloma,2.0,2.0,0.0,0.0,,,False
2019-06-27,Women's World Cup,Norway Women's,England Women's,,,,,2.0,5.0,False
2019-06-28,Women's World Cup,France Women's,United States Women's,,,,,7.0,3.0,False
2019-06-28,international_cup,KF Feronikeli Drenas,FC Santa Coloma,4.0,6.0,1.0,0.0,,,False
2019-06-29,Women's World Cup,Germany Women's,Sweden Women's,,,,,5.0,3.0,False
2019-06-29,Women's World Cup,Italy Women's,Netherlands Women's,,,,,2.0,2.0,False
2019-07-02,Women's World Cup,England Women's,United States Women's,,,,,2.0,2.0,False
2019-07-03,Women's World Cup,Netherlands Women's,Sweden Women's,,,,,4.0,12.0,False
2019-07-06,Women's World Cup,England Women's,Sweden Women's,,,,,4.0,2.0,False
2019-07-07,Women's World Cup,United States Women's,Netherlands Women's,,,,,8.0,2.0,False
2019-07-09,international_cup,F91 Dudelange,Valletta FC,2.0,5.0,0.0,1.0,,,False
2019-07-09,international_cup,FC Ararat-Armenia ,Allmänna Idrottsklubben,2.0,1.0,0.0,1.0,,,False
2019-07-09,international_cup,FC Astana,Fotbal Club CFR 1907 Cluj SA,1.0,1.0,0.0,0.0,,,False
2019-07-09,international_cup,FK Sarajevo,The Celtic Football Club,4.0,1.0,0.0,0.0,,,False
2019-07-09,international_cup,FK Suduva Marijampole,Fudbalski klub Crvena zvezda Beograd,2.0,3.0,0.0,0.0,,,False
2019-07-09,international_cup,HJK Helsinki,HB Tórshavn,1.0,3.0,1.0,0.0,,,False
2019-07-09,international_cup,Kalju FC,Shkendija Tetovo,4.0,0.0,0.0,0.0,,,False
2019-07-09,international_cup,The New Saints,KF Feronikeli Drenas,2.0,1.0,0.0,0.0,,,False
2019-07-10,international_cup,BATE Borisov,Gliwicki Klub Sportowy Piast Spółka Akcyjna,3.0,3.0,1.0,0.0,,,False
2019-07-10,international_cup,Dundalk FC,Riga FC,1.0,3.0,0.0,0.0,,,False
2019-07-10,international_cup,FC Sheriff Tiraspol,Iberia 1999 Tbilisi,1.0,3.0,0.0,0.0,,,False
2019-07-10,international_cup,FK Partizani,Qarabağ FK,1.0,0.0,0.0,0.0,,,False
2019-07-10,international_cup,Ferencvárosi TC,Ludogorets Razgrad,1.0,2.0,0.0,0.0,,,False
2019-07-10,international_cup,Linfield FC,Rosenborg Ballklub,4.0,3.0,0.0,0.0,,,False
2019-07-10,international_cup,Slovan Bratislava,FK Sutjeska Niksic,1.0,0.0,0.0,0.0,,,False
2019-07-10,international_cup,Valur Reykjavík,NK Maribor,1.0,3.0,0.0,0.0,,,False
2019-07-16,international_cup,Fudbalski klub Crvena zvezda Beograd,FK Suduva Marijampole,3.0,2.0,1.0,0.0,,,False
2019-07-16,international_cup,HB Tórshavn,HJK Helsinki,4.0,3.0,0.0,0.0,,,False
2019-07-16,international_cup,Iberia 1999 Tbilisi,FC Sheriff Tiraspol,3.0,4.0,0.0,1.0,,,False
2019-07-16,international_cup,KF Feronikeli Drenas,The New Saints,5.0,2.0,0.0,0.0,,,False
2019-07-16,international_cup,Shkendija Tetovo,Kalju FC,3.0,2.0,0.0,0.0,,,False
2019-07-16,international_cup,Valletta FC,F91 Dudelange,7.0,4.0,0.0,0.0,,,False
2019-07-17,international_cup,Allmänna Idrottsklubben,FC Ararat-Armenia ,1.0,0.0,0.0,0.0,,,False
2019-07-17,international_cup,FK Sutjeska Niksic,Slovan Bratislava,4.0,3.0,0.0,0.0,,,False
2019-07-17,international_cup,Fotbal Club CFR 1907 Cluj SA,FC Astana,0.0,0.0,0.0,0.0,,,False
2019-07-17,international_cup,Gliwicki Klub Sportowy Piast Spółka Akcyjna,BATE Borisov,1.0,1.0,0.0,0.0,,,False
2019-07-17,international_cup,Ludogorets Razgrad,Ferencvárosi TC,1.0,3.0,1.0,0.0,,,False
2019-07-17,international_cup,NK Maribor,Valur Reykjavík,1.0,2.0,0.0,0.0,,,False
2019-07-17,international_cup,Qarabağ FK,FK Partizani,3.0,2.0,0.0,0.0,,,False
2019-07-17,international_cup,Riga FC,Dundalk FC,3.0,2.0,1.0,0.0,,,False
2019-07-17,international_cup,Rosenborg Ballklub,Linfield FC,0.0,3.0,0.0,0.0,,,False
2019-07-17,international_cup,The Celtic Football Club,FK Sarajevo,0.0,5.0,0.0,0.0,,,False
2019-07-23,international_cup,Eindhovense Voetbalvereniging Philips Sport Vereniging,FC Basel 1893 AG,2.0,3.0,0.0,0.0,,,False
2019-07-23,international_cup,"FC Viktoria Plzeň, a.s.",Olympiakos Syndesmos Filathlon Peiraios,1.0,1.0,0.0,0.0,,,False
2019-07-23,international_cup,FK Sutjeska Niksic,APOEL Nicosia,3.0,3.0,0.0,0.0,,,False
2019-07-23,international_cup,Iberia 1999 Tbilisi,GNK Dinamo Zagreb,5.0,3.0,0.0,0.0,,,False
2019-07-23,international_cup,The Celtic Football Club,Kalju FC,2.0,0.0,0.0,0.0,,,False
2019-07-23,international_cup,The New Saints,Football Club København,1.0,0.0,0.0,0.0,,,False
2019-07-24,international_cup,BATE Borisov,Rosenborg Ballklub,1.0,2.0,0.0,0.0,,,False
2019-07-24,international_cup,Dundalk FC,Qarabağ FK,0.0,2.0,0.0,0.0,,,False
2019-07-24,international_cup,Ferencvárosi TC,Valletta FC,0.0,4.0,0.0,1.0,,,False
2019-07-24,international_cup,Fotbal Club CFR 1907 Cluj SA,Maccabi Tel Aviv,1.0,1.0,0.0,0.0,,,False
2019-07-24,international_cup,Fudbalski klub Crvena zvezda Beograd,HJK Helsinki,2.0,1.0,0.0,0.0,,,False
2019-07-24,international_cup,NK Maribor,Allmänna Idrottsklubben,1.0,0.0,0.0,0.0,,,False
2019-07-30,international_cup,APOEL Nicosia,FK Sutjeska Niksic,1.0,2.0,0.0,0.0,,,False
2019-07-30,international_cup,FC Basel 1893 AG,Eindhovense Voetbalvereniging Philips Sport Vereniging,3.0,3.0,0.0,0.0,,,False
2019-07-30,international_cup,GNK Dinamo Zagreb,Iberia 1999 Tbilisi,1.0,1.0,0.0,0.0,,,False
2019-07-30,international_cup,Kalju FC,The Celtic Football Club,1.0,1.0,0.0,0.0,,,False
2019-07-30,international_cup,Maccabi Tel Aviv,Fotbal Club CFR 1907 Cluj SA,1.0,2.0,0.0,0.0,,,False
2019-07-30,international_cup,Olympiakos Syndesmos Filathlon Peiraios,"FC Viktoria Plzeň, a.s.",1.0,2.0,0.0,0.0,,,False
2019-07-30,international_cup,Valletta FC,Ferencvárosi TC,2.0,2.0,0.0,0.0,,,False
2019-07-31,international_cup,Allmänna Idrottsklubben,NK Maribor,3.0,4.0,0.0,0.0,,,False
2019-07-31,international_cup,Football Club København,The New Saints,0.0,1.0,0.0,0.0,,,False
2019-07-31,international_cup,HJK Helsinki,Fudbalski klub Crvena zvezda Beograd,1.0,1.0,0.0,0.0,,,False
2019-07-31,international_cup,Qarabağ FK,Dundalk FC,0.0,0.0,0.0,0.0,,,False
2019-07-31,international_cup,Rosenborg Ballklub,BATE Borisov,2.0,3.0,0.0,0.0,,,False
2019-08-06,international_cup,APOEL Nicosia,Qarabağ FK,2.0,3.0,0.0,0.0,,,False
2019-08-06,international_cup,Club Brugge Koninklijke Voetbalvereniging,Futbolniy Klub Dynamo Kyiv,2.0,4.0,0.0,0.0,,,False
2019-08-06,international_cup,Fudbalski klub Crvena zvezda Beograd,Football Club København,5.0,2.0,0.0,0.0,,,False
2019-08-06,international_cup,GNK Dinamo Zagreb,Ferencvárosi TC,2.0,5.0,0.0,0.0,,,False
2019-08-06,international_cup,Panthessalonikios Athlitikos Omilos Konstantinoupoliton,AFC Ajax Amsterdam,1.0,1.0,0.0,0.0,,,False
2019-08-07,international_cup,FC Basel 1893 AG,Linzer Athletik-Sport-Klub,1.0,1.0,0.0,0.0,,,False
2019-08-07,international_cup,FK Krasnodar,Futebol Clube do Porto,1.0,3.0,0.0,0.0,,,False
2019-08-07,international_cup,Fotbal Club CFR 1907 Cluj SA,The Celtic Football Club,3.0,3.0,0.0,0.0,,,False
2019-08-07,international_cup,NK Maribor,Rosenborg Ballklub,2.0,2.0,0.0,0.0,,,False
2019-08-07,international_cup,İstanbul Başakşehir Futbol Kulübü,Olympiakos Syndesmos Filathlon Peiraios,5.0,3.0,2.0,0.0,,,False
2019-08-13,international_cup,AFC Ajax Amsterdam,Panthessalonikios Athlitikos Omilos Konstantinoupoliton,3.0,7.0,0.0,0.0,,,False
2019-08-13,international_cup,Ferencvárosi TC,GNK Dinamo Zagreb,2.0,3.0,1.0,0.0,,,False
2019-08-13,international_cup,Football Club København,Fudbalski klub Crvena zvezda Beograd,3.0,6.0,1.0,1.0,,,False
2019-08-13,international_cup,Futbolniy Klub Dynamo Kyiv,Club Brugge Koninklijke Voetbalvereniging,3.0,4.0,1.0,1.0,,,False
2019-08-13,international_cup,Futebol Clube do Porto,FK Krasnodar,3.0,4.0,0.0,0.0,,,False
2019-08-13,international_cup,Linzer Athletik-Sport-Klub,FC Basel 1893 AG,1.0,1.0,0.0,0.0,,,False
2019-08-13,international_cup,Olympiakos Syndesmos Filathlon Peiraios,İstanbul Başakşehir Futbol Kulübü,2.0,2.0,0.0,0.0,,,False
2019-08-13,international_cup,Qarabağ FK,APOEL Nicosia,2.0,2.0,1.0,0.0,,,False
2019-08-13,international_cup,Rosenborg Ballklub,NK Maribor,2.0,0.0,0.0,0.0,,,False
2019-08-13,international_cup,The Celtic Football Club,Fotbal Club CFR 1907 Cluj SA,1.0,3.0,0.0,0.0,,,False
2019-08-14,international_cup,Liverpool Football Club,Chelsea Football Club,2.0,1.0,0.0,0.0,,,False
2019-08-20,international_cup,APOEL Nicosia,AFC Ajax Amsterdam,2.0,6.0,0.0,1.0,,,False
2019-08-20,international_cup,Fotbal Club CFR 1907 Cluj SA,"SK Slavia Praha, a.s.",3.0,3.0,0.0,0.0,,,False
2019-08-20,international_cup,Linzer Athletik-Sport-Klub,Club Brugge Koninklijke Voetbalvereniging,4.0,1.0,0.0,0.0,,,False
2019-08-21,international_cup,Berner Sport Club Young Boys,Fudbalski klub Crvena zvezda Beograd,3.0,1.0,0.0,0.0,,,False
2019-08-21,international_cup,GNK Dinamo Zagreb,Rosenborg Ballklub,2.0,2.0,0.0,0.0,,,False
2019-08-21,international_cup,Olympiakos Syndesmos Filathlon Peiraios,FK Krasnodar,2.0,0.0,0.0,0.0,,,False
2019-08-27,international_cup,FK Krasnodar,Olympiakos Syndesmos Filathlon Peiraios,4.0,0.0,0.0,0.0,,,False
2019-08-27,international_cup,Fudbalski klub Crvena zvezda Beograd,Berner Sport Club Young Boys,5.0,2.0,1.0,0.0,,,False
2019-08-27,international_cup,Rosenborg Ballklub,GNK Dinamo Zagreb,1.0,2.0,0.0,0.0,,,False
2019-08-28,international_cup,AFC Ajax Amsterdam,APOEL Nicosia,2.0,6.0,0.0,0.0,,,False
2019-08-28,international_cup,Club Brugge Koninklijke Voetbalvereniging,Linzer Athletik-Sport-Klub,1.0,3.0,0.0,1.0,,,False
2019-08-28,international_cup,"SK Slavia Praha, a.s.",Fotbal Club CFR 1907 Cluj SA,2.0,4.0,0.0,0.0,,,False
2019-09-17,international_cup,AFC Ajax Amsterdam,Lille Olympique Sporting Club,1.0,1.0,0.0,0.0,,,False
2019-09-17,international_cup,Borussia Dortmund,Futbol Club Barcelona,2.0,3.0,0.0,0.0,,,False
2019-09-17,international_cup,Chelsea Football Club,Valencia Club de Fútbol S. A. D.,2.0,1.0,0.0,0.0,,,False
2019-09-17,international_cup,Football Club Internazionale Milano S.p.A.,"SK Slavia Praha, a.s.",3.0,2.0,0.0,0.0,,,False
2019-09-17,international_cup,Fußballclub Red Bull Salzburg,Koninklijke Racing Club Genk,3.0,2.0,0.0,0.0,,,False
2019-09-17,international_cup,Olympique Lyonnais,AO FK Zenit Sankt-Peterburg,1.0,4.0,0.0,0.0,,,False
2019-09-17,international_cup,Società Sportiva Calcio Napoli,Liverpool Football Club,1.0,2.0,0.0,0.0,,,False
2019-09-17,international_cup,Sport Lisboa e Benfica,RasenBallsport Leipzig,1.0,3.0,0.0,0.0,,,False
2019-09-18,international_cup,Bayer 04 Leverkusen Fußball,"Футбольный клуб ""Локомотив"" Москва",1.0,1.0,0.0,0.0,,,False
2019-09-18,international_cup,Club Atlético de Madrid S.A.D.,Juventus Football Club,1.0,2.0,0.0,0.0,,,False
2019-09-18,international_cup,Club Brugge Koninklijke Voetbalvereniging,Galatasaray Spor Kulübü,2.0,3.0,0.0,0.0,,,False
2019-09-18,international_cup,FC Bayern München,Fudbalski klub Crvena zvezda Beograd,0.0,2.0,0.0,0.0,,,False
2019-09-18,international_cup,FC Shakhtar Donetsk,Manchester City Football Club,0.0,1.0,0.0,0.0,,,False
2019-09-18,international_cup,GNK Dinamo Zagreb,Atalanta Bergamasca Calcio S.p.a.,2.0,3.0,0.0,0.0,,,False
2019-09-18,international_cup,Olympiakos Syndesmos Filathlon Peiraios,Tottenham Hotspur Football Club,1.0,1.0,0.0,0.0,,,False
2019-09-18,international_cup,Paris Saint-Germain Football Club,Real Madrid Club de Fútbol,2.0,3.0,0.0,0.0,,,False
2019-10-01,international_cup,Atalanta Bergamasca Calcio S.p.a.,FC Shakhtar Donetsk,4.0,4.0,0.0,0.0,,,False
2019-10-01,international_cup,Fudbalski klub Crvena zvezda Beograd,Olympiakos Syndesmos Filathlon Peiraios,5.0,2.0,0.0,1.0,,,False
2019-10-01,international_cup,Galatasaray Spor Kulübü,Paris Saint-Germain Football Club,1.0,3.0,0.0,0.0,,,False
2019-10-01,international_cup,Juventus Football Club,Bayer 04 Leverkusen Fußball,1.0,1.0,0.0,0.0,,,False
2019-10-01,international_cup,Manchester City Football Club,GNK Dinamo Zagreb,2.0,1.0,0.0,0.0,,,False
2019-10-01,international_cup,Real Madrid Club de Fútbol,Club Brugge Koninklijke Voetbalvereniging,1.0,3.0,0.0,1.0,,,False
2019-10-01,international_cup,Tottenham Hotspur Football Club,FC Bayern München,2.0,1.0,0.0,0.0,,,False
2019-10-01,international_cup,"Футбольный клуб ""Локомотив"" Москва",Club Atlético de Madrid S.A.D.,2.0,2.0,0.0,0.0,,,False
2019-10-02,international_cup,AO FK Zenit Sankt-Peterburg,Sport Lisboa e Benfica,1.0,0.0,0.0,0.0,,,False
2019-10-02,international_cup,Futbol Club Barcelona,Football Club Internazionale Milano S.p.A.,4.0,2.0,0.0,0.0,,,False
2019-10-02,international_cup,Koninklijke Racing Club Genk,Società Sportiva Calcio Napoli,1.0,2.0,0.0,0.0,,,False
2019-10-02,international_cup,Lille Olympique Sporting Club,Chelsea Football Club,1.0,1.0,0.0,0.0,,,False
2019-10-02,international_cup,Liverpool Football Club,Fußballclub Red Bull Salzburg,1.0,0.0,0.0,0.0,,,False
2019-10-02,international_cup,RasenBallsport Leipzig,Olympique Lyonnais,3.0,0.0,0.0,0.0,,,False
2019-10-02,international_cup,"SK Slavia Praha, a.s.",Borussia Dortmund,2.0,1.0,0.0,0.0,,,False
2019-10-02,international_cup,Valencia Club de Fútbol S. A. D.,AFC Ajax Amsterdam,3.0,6.0,0.0,0.0,,,False
2019-10-22,international_cup,Club Atlético de Madrid S.A.D.,Bayer 04 Leverkusen Fußball,1.0,1.0,0.0,0.0,,,False
2019-10-22,international_cup,Club Brugge Koninklijke Voetbalvereniging,Paris Saint-Germain Football Club,2.0,3.0,0.0,0.0,,,False
2019-10-22,international_cup,FC Shakhtar Donetsk,GNK Dinamo Zagreb,3.0,4.0,0.0,0.0,,,False
2019-10-22,international_cup,Galatasaray Spor Kulübü,Real Madrid Club de Fútbol,4.0,2.0,0.0,0.0,,,False
2019-10-22,international_cup,Juventus Football Club,"Футбольный клуб ""Локомотив"" Москва",2.0,2.0,0.0,0.0,,,False
2019-10-22,international_cup,Manchester City Football Club,Atalanta Bergamasca Calcio S.p.a.,4.0,1.0,1.0,0.0,,,False
2019-10-22,international_cup,Olympiakos Syndesmos Filathlon Peiraios,FC Bayern München,2.0,2.0,0.0,0.0,,,False
2019-10-22,international_cup,Tottenham Hotspur Football Club,Fudbalski klub Crvena zvezda Beograd,0.0,1.0,0.0,0.0,,,False
2019-10-23,international_cup,AFC Ajax Amsterdam,Chelsea Football Club,2.0,1.0,0.0,0.0,,,False
2019-10-23,international_cup,Football Club Internazionale Milano S.p.A.,Borussia Dortmund,4.0,2.0,0.0,0.0,,,False
2019-10-23,international_cup,Fußballclub Red Bull Salzburg,Società Sportiva Calcio Napoli,1.0,3.0,0.0,0.0,,,False
2019-10-23,international_cup,Koninklijke Racing Club Genk,Liverpool Football Club,1.0,1.0,0.0,0.0,,,False
2019-10-23,international_cup,Lille Olympique Sporting Club,Valencia Club de Fútbol S. A. D.,4.0,2.0,0.0,1.0,,,False
2019-10-23,international_cup,RasenBallsport Leipzig,AO FK Zenit Sankt-Peterburg,0.0,1.0,0.0,0.0,,,False
2019-10-23,international_cup,"SK Slavia Praha, a.s.",Futbol Club Barcelona,4.0,2.0,0.0,0.0,,,False
2019-10-23,international_cup,Sport Lisboa e Benfica,Olympique Lyonnais,2.0,3.0,0.0,0.0,,,False
2019-11-05,international_cup,AO FK Zenit Sankt-Peterburg,RasenBallsport Leipzig,3.0,1.0,0.0,0.0,,,False
2019-11-05,international_cup,Borussia Dortmund,Football Club Internazionale Milano S.p.A.,1.0,3.0,0.0,0.0,,,False
2019-11-05,international_cup,Chelsea Football Club,AFC Ajax Amsterdam,2.0,3.0,0.0,2.0,,,False
2019-11-05,international_cup,Futbol Club Barcelona,"SK Slavia Praha, a.s.",3.0,5.0,0.0,0.0,,,False
2019-11-05,international_cup,Liverpool Football Club,Koninklijke Racing Club Genk,0.0,2.0,0.0,0.0,,,False
2019-11-05,international_cup,Olympique Lyonnais,Sport Lisboa e Benfica,0.0,2.0,0.0,0.0,,,False
2019-11-05,international_cup,Società Sportiva Calcio Napoli,Fußballclub Red Bull Salzburg,1.0,2.0,0.0,0.0,,,False
2019-11-05,international_cup,Valencia Club de Fútbol S. A. D.,Lille Olympique Sporting Club,2.0,4.0,0.0,0.0,,,False
2019-11-06,international_cup,Atalanta Bergamasca Calcio S.p.a.,Manchester City Football Club,4.0,3.0,0.0,1.0,,,False
2019-11-06,international_cup,Bayer 04 Leverkusen Fußball,Club Atlético de Madrid S.A.D.,3.0,2.0,1.0,0.0,,,False
2019-11-06,international_cup,FC Bayern München,Olympiakos Syndesmos Filathlon Peiraios,0.0,0.0,0.0,0.0,,,False
2019-11-06,international_cup,Fudbalski klub Crvena zvezda Beograd,Tottenham Hotspur Football Club,1.0,2.0,0.0,0.0,,,False
2019-11-06,international_cup,GNK Dinamo Zagreb,FC Shakhtar Donetsk,4.0,1.0,1.0,1.0,,,False
2019-11-06,international_cup,Paris Saint-Germain Football Club,Club Brugge Koninklijke Voetbalvereniging,2.0,1.0,0.0,0.0,,,False
2019-11-06,international_cup,Real Madrid Club de Fútbol,Galatasaray Spor Kulübü,1.0,2.0,0.0,0.0,,,False
2019-11-06,international_cup,"Футбольный клуб ""Локомотив"" Москва",Juventus Football Club,1.0,2.0,0.0,0.0,,,False
2019-11-26,international_cup,Atalanta Bergamasca Calcio S.p.a.,GNK Dinamo Zagreb,2.0,3.0,0.0,0.0,,,False
2019-11-26,international_cup,Fudbalski klub Crvena zvezda Beograd,FC Bayern München,1.0,0.0,0.0,0.0,,,False
2019-11-26,international_cup,Galatasaray Spor Kulübü,Club Brugge Koninklijke Voetbalvereniging,5.0,3.0,0.0,2.0,,,False
2019-11-26,international_cup,Juventus Football Club,Club Atlético de Madrid S.A.D.,1.0,4.0,0.0,0.0,,,False
2019-11-26,international_cup,Manchester City Football Club,FC Shakhtar Donetsk,1.0,0.0,0.0,0.0,,,False
2019-11-26,international_cup,Real Madrid Club de Fútbol,Paris Saint-Germain Football Club,1.0,1.0,0.0,0.0,,,False
2019-11-26,international_cup,Tottenham Hotspur Football Club,Olympiakos Syndesmos Filathlon Peiraios,1.0,4.0,0.0,0.0,,,False
2019-11-26,international_cup,"Футбольный клуб ""Локомотив"" Москва",Bayer 04 Leverkusen Fußball,4.0,1.0,0.0,0.0,,,False
2019-11-27,international_cup,AO FK Zenit Sankt-Peterburg,Olympique Lyonnais,4.0,3.0,0.0,0.0,,,False
2019-11-27,international_cup,Futbol Club Barcelona,Borussia Dortmund,2.0,1.0,0.0,0.0,,,False
2019-11-27,international_cup,Koninklijke Racing Club Genk,Fußballclub Red Bull Salzburg,1.0,2.0,0.0,0.0,,,False
2019-11-27,international_cup,Lille Olympique Sporting Club,AFC Ajax Amsterdam,2.0,1.0,0.0,0.0,,,False
2019-11-27,international_cup,Liverpool Football Club,Società Sportiva Calcio Napoli,1.0,2.0,0.0,0.0,,,False
2019-11-27,international_cup,RasenBallsport Leipzig,Sport Lisboa e Benfica,0.0,2.0,0.0,0.0,,,False
2019-11-27,international_cup,"SK Slavia Praha, a.s.",Football Club Internazionale Milano S.p.A.,1.0,2.0,0.0,0.0,,,False
2019-11-27,international_cup,Valencia Club de Fútbol S. A. D.,Chelsea Football Club,3.0,4.0,0.0,0.0,,,False
2019-12-10,international_cup,AFC Ajax Amsterdam,Valencia Club de Fútbol S. A. D.,5.0,3.0,0.0,1.0,,,False
2019-12-10,international_cup,Borussia Dortmund,"SK Slavia Praha, a.s.",3.0,2.0,1.0,0.0,,,False
2019-12-10,international_cup,Chelsea Football Club,Lille Olympique Sporting Club,1.0,2.0,0.0,0.0,,,False
2019-12-10,international_cup,Football Club Internazionale Milano S.p.A.,Futbol Club Barcelona,3.0,2.0,0.0,0.0,,,False
2019-12-10,international_cup,Fußballclub Red Bull Salzburg,Liverpool Football Club,0.0,1.0,0.0,0.0,,,False
2019-12-10,international_cup,Olympique Lyonnais,RasenBallsport Leipzig,1.0,3.0,0.0,0.0,,,False
2019-12-10,international_cup,Società Sportiva Calcio Napoli,Koninklijke Racing Club Genk,2.0,3.0,0.0,0.0,,,False
2019-12-10,international_cup,Sport Lisboa e Benfica,AO FK Zenit Sankt-Peterburg,1.0,3.0,0.0,1.0,,,False
2019-12-11,international_cup,Bayer 04 Leverkusen Fußball,Juventus Football Club,0.0,0.0,0.0,0.0,,,False
2019-12-11,international_cup,Club Atlético de Madrid S.A.D.,"Футбольный клуб ""Локомотив"" Москва",1.0,2.0,0.0,0.0,,,False
2019-12-11,international_cup,Club Brugge Koninklijke Voetbalvereniging,Real Madrid Club de Fútbol,3.0,2.0,0.0,0.0,,,False
2019-12-11,international_cup,FC Bayern München,Tottenham Hotspur Football Club,1.0,1.0,0.0,0.0,,,False
2019-12-11,international_cup,FC Shakhtar Donetsk,Atalanta Bergamasca Calcio S.p.a.,2.0,3.0,1.0,0.0,,,False
2019-12-11,international_cup,GNK Dinamo Zagreb,Manchester City Football Club,1.0,0.0,0.0,0.0,,,False
2019-12-11,international_cup,Olympiakos Syndesmos Filathlon Peiraios,Fudbalski klub Crvena zvezda Beograd,4.0,4.0,0.0,0.0,,,False
2019-12-11,international_cup,Paris Saint-Germain Football Club,Galatasaray Spor Kulübü,1.0,6.0,0.0,0.0,,,False
2020-02-18,international_cup,Borussia Dortmund,Paris Saint-Germain Football Club,1.0,4.0,0.0,0.0,,,False
2020-02-18,international_cup,Club Atlético de Madrid S.A.D.,Liverpool Football Club,1.0,2.0,0.0,0.0,,,False
2020-02-19,international_cup,Atalanta Bergamasca Calcio S.p.a.,Valencia Club de Fútbol S. A. D.,1.0,0.0,0.0,0.0,,,False
2020-02-19,international_cup,Tottenham Hotspur Football Club,RasenBallsport Leipzig,3.0,3.0,0.0,0.0,,,False
2020-02-25,international_cup,Chelsea Football Club,FC Bayern München,1.0,2.0,1.0,0.0,,,False
2020-02-25,international_cup,Società Sportiva Calcio Napoli,Futbol Club Barcelona,2.0,4.0,0.0,1.0,,,False
2020-02-26,international_cup,Olympique Lyonnais,Juventus Football Club,2.0,0.0,0.0,0.0,,,False
2020-02-26,international_cup,Real Madrid Club de Fútbol,Manchester City Football Club,2.0,1.0,1.0,0.0,,,False
2020-03-10,international_cup,RasenBallsport Leipzig,Tottenham Hotspur Football Club,2.0,4.0,0.0,0.0,,,False
2020-03-10,international_cup,Valencia Club de Fútbol S. A. D.,Atalanta Bergamasca Calcio S.p.a.,4.0,1.0,0.0,0.0,,,False
2020-03-11,international_cup,Liverpool Football Club,Club Atlético de Madrid S.A.D.,1.0,2.0,0.0,0.0,,,False
2020-03-11,international_cup,Paris Saint-Germain Football Club,Borussia Dortmund,5.0,2.0,0.0,1.0,,,False
2020-08-07,international_cup,Juventus Football Club,Olympique Lyonnais,2.0,7.0,0.0,0.0,,,False
2020-08-07,international_cup,Manchester City Football Club,Real Madrid Club de Fútbol,0.0,1.0,0.0,0.0,,,False
2020-08-08,international_cup,FC Bayern München,Chelsea Football Club,0.0,2.0,0.0,0.0,,,False
2020-08-08,international_cup,FC Drita,Inter Club d'Escaldes,0.0,2.0,0.0,0.0,,,False
2020-08-08,international_cup,Futbol Club Barcelona,Società Sportiva Calcio Napoli,1.0,1.0,0.0,0.0,,,False
2020-08-08,international_cup,Tre Fiori FC,Linfield FC,3.0,3.0,1.0,0.0,,,False
2020-08-11,international_cup,FC Drita,Linfield FC,0.0,0.0,0.0,0.0,,,False
2020-08-12,international_cup,Atalanta Bergamasca Calcio S.p.a.,Paris Saint-Germain Football Club,6.0,3.0,0.0,0.0,,,False
2020-08-13,international_cup,RasenBallsport Leipzig,Club Atlético de Madrid S.A.D.,3.0,2.0,0.0,0.0,,,False
2020-08-14,international_cup,Futbol Club Barcelona,FC Bayern München,3.0,3.0,0.0,0.0,,,False
2020-08-15,international_cup,Manchester City Football Club,Olympique Lyonnais,2.0,2.0,0.0,0.0,,,False
2020-08-18,international_cup,Dynamo Brest,FC Astana,1.0,0.0,0.0,0.0,,,False
2020-08-18,international_cup,Fudbalski klub Crvena zvezda Beograd,Europa FC,1.0,3.0,0.0,0.0,,,False
2020-08-18,international_cup,Legia Warszawa Spółka Akcyjna,Linfield FC,1.0,4.0,0.0,1.0,,,False
2020-08-18,international_cup,Qarabağ FK,Sileks Kratovo,0.0,1.0,0.0,0.0,,,False
2020-08-18,international_cup,RasenBallsport Leipzig,Paris Saint-Germain Football Club,3.0,1.0,0.0,0.0,,,False
2020-08-18,international_cup,The Celtic Football Club,KR Reykjavík,0.0,0.0,0.0,0.0,,,False
2020-08-19,international_cup,Buducnost Podgorica,Ludogorets Razgrad,3.0,5.0,0.0,0.0,,,False
2020-08-19,international_cup,Connah's Quay Nomads,FK Sarajevo,1.0,2.0,0.0,0.0,,,False
2020-08-19,international_cup,Dinamo Tbilisi,KF Tirana,3.0,3.0,0.0,0.0,,,False
2020-08-19,international_cup,FC Ararat-Armenia ,Omonia Nicosia,4.0,4.0,1.0,0.0,,,False
2020-08-19,international_cup,FC Flora Tallinn,FK Suduva Marijampole,3.0,3.0,0.0,0.0,,,False
2020-08-19,international_cup,FC Sheriff Tiraspol,CS Fola Esch,1.0,3.0,0.0,0.0,,,False
2020-08-19,international_cup,Ferencvárosi TC,Djurgårdens Idrottsförening,2.0,2.0,0.0,0.0,,,False
2020-08-19,international_cup,Floriana FC,Fotbal Club CFR 1907 Cluj SA,4.0,4.0,0.0,0.0,,,False
2020-08-19,international_cup,Maccabi Tel Aviv,Riga FC,2.0,3.0,0.0,0.0,,,False
2020-08-19,international_cup,Molde Fotballklubb,Kuopion Palloseura,1.0,0.0,0.0,0.0,,,False
2020-08-19,international_cup,NK Celje,Dundalk FC,1.0,2.0,0.0,0.0,,,False
2020-08-19,international_cup,Olympique Lyonnais,FC Bayern München,3.0,0.0,0.0,0.0,,,False
2020-08-21,international_cup,KÍ Klaksvík,Slovan Bratislava,0.0,0.0,0.0,0.0,,,False
2020-08-23,international_cup,Paris Saint-Germain Football Club,FC Bayern München,4.0,4.0,0.0,0.0,,,False
2020-08-25,international_cup,KF Tirana,Fudbalski klub Crvena zvezda Beograd,3.0,1.0,0.0,0.0,,,False
2020-08-25,international_cup,Panthessalonikios Athlitikos Omilos Konstantinoupoliton,Beşiktaş Jimnastik Kulübü,4.0,1.0,0.0,0.0,,,False
2020-08-26,international_cup,Alkmaar Zaanstreek,"FC Viktoria Plzeň, a.s.",4.0,2.0,0.0,0.0,,,False
2020-08-26,international_cup,Berner Sport Club Young Boys,KÍ Klaksvík,1.0,5.0,0.0,0.0,,,False
2020-08-26,international_cup,Dynamo Brest,FK Sarajevo,4.0,5.0,0.0,0.0,,,False
2020-08-26,international_cup,FK Suduva Marijampole,Maccabi Tel Aviv,2.0,3.0,0.0,0.0,,,False
2020-08-26,international_cup,Fotbal Club CFR 1907 Cluj SA,GNK Dinamo Zagreb,6.0,5.0,0.0,1.0,,,False
2020-08-26,international_cup,Legia Warszawa Spółka Akcyjna,Omonia Nicosia,4.0,3.0,1.0,0.0,,,False
2020-08-26,international_cup,Ludogorets Razgrad,Fodbold Club Midtjylland,3.0,3.0,0.0,0.0,,,False
2020-08-26,international_cup,NK Celje,Molde Fotballklubb,2.0,1.0,0.0,0.0,,,False
2020-08-26,international_cup,NK Lokomotiva Zagreb,Sportklub Rapid,4.0,3.0,0.0,0.0,,,False
2020-08-26,international_cup,Qarabağ FK,FC Sheriff Tiraspol,1.0,1.0,0.0,1.0,,,False
2020-08-26,international_cup,The Celtic Football Club,Ferencvárosi TC,2.0,3.0,0.0,0.0,,,False
2020-09-15,international_cup,Futbolniy Klub Dynamo Kyiv,Alkmaar Zaanstreek,3.0,3.0,0.0,0.0,,,False
2020-09-15,international_cup,Koninklijke Atletiek Associatie Gent,Sportklub Rapid,0.0,3.0,0.0,0.0,,,False
2020-09-15,international_cup,Panthessalonikios Athlitikos Omilos Konstantinoupoliton,Sport Lisboa e Benfica,5.0,1.0,0.0,0.0,,,False
2020-09-16,international_cup,Ferencvárosi TC,GNK Dinamo Zagreb,4.0,3.0,0.0,0.0,,,False
2020-09-16,international_cup,Fodbold Club Midtjylland,Berner Sport Club Young Boys,3.0,2.0,0.0,0.0,,,False
2020-09-16,international_cup,Maccabi Tel Aviv,Dynamo Brest,3.0,2.0,0.0,0.0,,,False
2020-09-16,international_cup,Omonia Nicosia,Fudbalski klub Crvena zvezda Beograd,5.0,4.0,0.0,0.0,,,False
2020-09-16,international_cup,Qarabağ FK,Molde Fotballklubb,3.0,2.0,0.0,0.0,,,False
2020-09-22,international_cup,FK Krasnodar,Panthessalonikios Athlitikos Omilos Konstantinoupoliton,4.0,3.0,0.0,0.0,,,False
2020-09-22,international_cup,Maccabi Tel Aviv,Fußballclub Red Bull Salzburg,1.0,1.0,0.0,0.0,,,False
2020-09-22,international_cup,"SK Slavia Praha, a.s.",Fodbold Club Midtjylland,2.0,1.0,0.0,0.0,,,False
2020-09-23,international_cup,Koninklijke Atletiek Associatie Gent,Futbolniy Klub Dynamo Kyiv,3.0,2.0,1.0,0.0,,,False
2020-09-23,international_cup,Molde Fotballklubb,Ferencvárosi TC,4.0,0.0,0.0,0.0,,,False
2020-09-23,international_cup,Olympiakos Syndesmos Filathlon Peiraios,Omonia Nicosia,1.0,4.0,0.0,0.0,,,False
2020-09-24,international_cup,FC Bayern München,Sevilla Fútbol Club S.A.D.,2.0,4.0,0.0,0.0,,,False
2020-09-29,international_cup,Ferencvárosi TC,Molde Fotballklubb,1.0,3.0,0.0,0.0,,,False
2020-09-29,international_cup,Futbolniy Klub Dynamo Kyiv,Koninklijke Atletiek Associatie Gent,0.0,3.0,0.0,0.0,,,False
2020-09-29,international_cup,Omonia Nicosia,Olympiakos Syndesmos Filathlon Peiraios,3.0,4.0,0.0,0.0,,,False
2020-09-30,international_cup,Fodbold Club Midtjylland,"SK Slavia Praha, a.s.",2.0,2.0,0.0,0.0,,,False
2020-09-30,international_cup,Fußballclub Red Bull Salzburg,Maccabi Tel Aviv,3.0,2.0,0.0,0.0,,,False
2020-09-30,international_cup,Panthessalonikios Athlitikos Omilos Konstantinoupoliton,FK Krasnodar,3.0,2.0,0.0,0.0,,,False
2020-10-20,international_cup,AO FK Zenit Sankt-Peterburg,Club Brugge Koninklijke Voetbalvereniging,1.0,4.0,0.0,0.0,,,False
2020-10-20,international_cup,Chelsea Football Club,Sevilla Fútbol Club S.A.D.,3.0,2.0,0.0,0.0,,,False
2020-10-20,international_cup,Futbol Club Barcelona,Ferencvárosi TC,0.0,4.0,1.0,0.0,,,False
2020-10-20,international_cup,Futbolniy Klub Dynamo Kyiv,Juventus Football Club,0.0,3.0,0.0,0.0,,,False
2020-10-20,international_cup,Paris Saint-Germain Football Club,Manchester United Football Club,3.0,2.0,0.0,0.0,,,False
2020-10-20,international_cup,RasenBallsport Leipzig,İstanbul Başakşehir Futbol Kulübü,4.0,3.0,0.0,0.0,,,False
2020-10-20,international_cup,Società Sportiva Lazio S.p.A.,Borussia Dortmund,2.0,2.0,0.0,0.0,,,False
2020-10-20,international_cup,Stade Rennais Football Club,FK Krasnodar,3.0,2.0,0.0,0.0,,,False
2020-10-21,international_cup,AFC Ajax Amsterdam,Liverpool Football Club,1.0,2.0,0.0,0.0,,,False
2020-10-21,international_cup,FC Bayern München,Club Atlético de Madrid S.A.D.,2.0,4.0,0.0,0.0,,,False
2020-10-21,international_cup,Fodbold Club Midtjylland,Atalanta Bergamasca Calcio S.p.a.,1.0,1.0,0.0,0.0,,,False
2020-10-21,international_cup,Football Club Internazionale Milano S.p.A.,Borussia Verein für Leibesübungen 1900 Mönchengladbach,3.0,1.0,0.0,0.0,,,False
2020-10-21,international_cup,Fußballclub Red Bull Salzburg,"Футбольный клуб ""Локомотив"" Москва",1.0,1.0,0.0,0.0,,,False
2020-10-21,international_cup,Manchester City Football Club,Futebol Clube do Porto,5.0,1.0,0.0,0.0,,,False
2020-10-21,international_cup,Olympiakos Syndesmos Filathlon Peiraios,Olympique de Marseille,1.0,0.0,0.0,0.0,,,False
2020-10-21,international_cup,Real Madrid Club de Fútbol,FC Shakhtar Donetsk,2.0,2.0,0.0,0.0,,,False
2020-10-27,international_cup,Atalanta Bergamasca Calcio S.p.a.,AFC Ajax Amsterdam,3.0,3.0,0.0,0.0,,,False
2020-10-27,international_cup,Borussia Verein für Leibesübungen 1900 Mönchengladbach,Real Madrid Club de Fútbol,3.0,1.0,0.0,0.0,,,False
2020-10-27,international_cup,Club Atlético de Madrid S.A.D.,Fußballclub Red Bull Salzburg,1.0,2.0,0.0,0.0,,,False
2020-10-27,international_cup,FC Shakhtar Donetsk,Football Club Internazionale Milano S.p.A.,0.0,2.0,0.0,0.0,,,False
2020-10-27,international_cup,Futebol Clube do Porto,Olympiakos Syndesmos Filathlon Peiraios,3.0,1.0,0.0,0.0,,,False
2020-10-27,international_cup,Liverpool Football Club,Fodbold Club Midtjylland,1.0,4.0,0.0,0.0,,,False
2020-10-27,international_cup,Olympique de Marseille,Manchester City Football Club,2.0,1.0,0.0,0.0,,,False
2020-10-27,international_cup,"Футбольный клуб ""Локомотив"" Москва",FC Bayern München,3.0,1.0,0.0,0.0,,,False
2020-10-28,international_cup,Borussia Dortmund,AO FK Zenit Sankt-Peterburg,0.0,2.0,0.0,0.0,,,False
2020-10-28,international_cup,Club Brugge Koninklijke Voetbalvereniging,Società Sportiva Lazio S.p.A.,3.0,5.0,0.0,0.0,,,False
2020-10-28,international_cup,FK Krasnodar,Chelsea Football Club,2.0,0.0,0.0,0.0,,,False
2020-10-28,international_cup,Ferencvárosi TC,Futbolniy Klub Dynamo Kyiv,5.0,2.0,0.0,1.0,,,False
2020-10-28,international_cup,Juventus Football Club,Futbol Club Barcelona,4.0,1.0,1.0,0.0,,,False
2020-10-28,international_cup,Manchester United Football Club,RasenBallsport Leipzig,1.0,3.0,0.0,0.0,,,False
2020-10-28,international_cup,Sevilla Fútbol Club S.A.D.,Stade Rennais Football Club,2.0,3.0,0.0,0.0,,,False
2020-10-28,international_cup,İstanbul Başakşehir Futbol Kulübü,Paris Saint-Germain Football Club,3.0,1.0,0.0,0.0,,,False
2020-11-03,international_cup,Atalanta Bergamasca Calcio S.p.a.,Liverpool Football Club,0.0,2.0,0.0,0.0,,,False
2020-11-03,international_cup,FC Shakhtar Donetsk,Borussia Verein für Leibesübungen 1900 Mönchengladbach,2.0,1.0,0.0,0.0,,,False
2020-11-03,international_cup,Fodbold Club Midtjylland,AFC Ajax Amsterdam,1.0,1.0,0.0,0.0,,,False
2020-11-03,international_cup,Futebol Clube do Porto,Olympique de Marseille,1.0,5.0,0.0,0.0,,,False
2020-11-03,international_cup,Fußballclub Red Bull Salzburg,FC Bayern München,2.0,2.0,0.0,0.0,,,False
2020-11-03,international_cup,Manchester City Football Club,Olympiakos Syndesmos Filathlon Peiraios,0.0,1.0,0.0,0.0,,,False
2020-11-03,international_cup,Real Madrid Club de Fútbol,Football Club Internazionale Milano S.p.A.,4.0,3.0,0.0,0.0,,,False
2020-11-03,international_cup,"Футбольный клуб ""Локомотив"" Москва",Club Atlético de Madrid S.A.D.,4.0,4.0,0.0,0.0,,,False
2020-11-04,international_cup,AO FK Zenit Sankt-Peterburg,Società Sportiva Lazio S.p.A.,4.0,4.0,0.0,0.0,,,False
2020-11-04,international_cup,Chelsea Football Club,Stade Rennais Football Club,4.0,2.0,0.0,1.0,,,False
2020-11-04,international_cup,Club Brugge Koninklijke Voetbalvereniging,Borussia Dortmund,0.0,0.0,0.0,0.0,,,False
2020-11-04,international_cup,Ferencvárosi TC,Juventus Football Club,1.0,0.0,0.0,0.0,,,False
2020-11-04,international_cup,Futbol Club Barcelona,Futbolniy Klub Dynamo Kyiv,0.0,1.0,0.0,0.0,,,False
2020-11-04,international_cup,RasenBallsport Leipzig,Paris Saint-Germain Football Club,2.0,3.0,0.0,2.0,,,False
2020-11-04,international_cup,Sevilla Fútbol Club S.A.D.,FK Krasnodar,2.0,3.0,1.0,0.0,,,False
2020-11-04,international_cup,İstanbul Başakşehir Futbol Kulübü,Manchester United Football Club,1.0,1.0,0.0,0.0,,,False
2020-11-24,international_cup,Borussia Dortmund,Club Brugge Koninklijke Voetbalvereniging,0.0,1.0,0.0,0.0,,,False
2020-11-24,international_cup,FK Krasnodar,Sevilla Fútbol Club S.A.D.,1.0,1.0,0.0,0.0,,,False
2020-11-24,international_cup,Futbolniy Klub Dynamo Kyiv,Futbol Club Barcelona,1.0,1.0,0.0,0.0,,,False
2020-11-24,international_cup,Juventus Football Club,Ferencvárosi TC,2.0,1.0,0.0,0.0,,,False
2020-11-24,international_cup,Manchester United Football Club,İstanbul Başakşehir Futbol Kulübü,2.0,3.0,0.0,0.0,,,False
2020-11-24,international_cup,Paris Saint-Germain Football Club,RasenBallsport Leipzig,5.0,1.0,0.0,0.0,,,False
2020-11-24,international_cup,Società Sportiva Lazio S.p.A.,AO FK Zenit Sankt-Peterburg,1.0,3.0,0.0,0.0,,,False
2020-11-24,international_cup,Stade Rennais Football Club,Chelsea Football Club,2.0,0.0,0.0,0.0,,,False
2020-11-25,international_cup,AFC Ajax Amsterdam,Fodbold Club Midtjylland,1.0,1.0,0.0,1.0,,,False
2020-11-25,international_cup,Borussia Verein für Leibesübungen 1900 Mönchengladbach,FC Shakhtar Donetsk,2.0,1.0,0.0,0.0,,,False
2020-11-25,international_cup,Club Atlético de Madrid S.A.D.,"Футбольный клуб ""Локомотив"" Москва",0.0,0.0,0.0,0.0,,,False
2020-11-25,international_cup,FC Bayern München,Fußballclub Red Bull Salzburg,2.0,2.0,1.0,0.0,,,False
2020-11-25,international_cup,Football Club Internazionale Milano S.p.A.,Real Madrid Club de Fútbol,3.0,0.0,1.0,0.0,,,False
2020-11-25,international_cup,Liverpool Football Club,Atalanta Bergamasca Calcio S.p.a.,1.0,1.0,0.0,0.0,,,False
2020-11-25,international_cup,Olympiakos Syndesmos Filathlon Peiraios,Manchester City Football Club,1.0,3.0,0.0,0.0,,,False
2020-11-25,international_cup,Olympique de Marseille,Futebol Clube do Porto,5.0,2.0,1.0,1.0,,,False
2020-12-01,international_cup,Atalanta Bergamasca Calcio S.p.a.,Fodbold Club Midtjylland,2.0,2.0,0.0,0.0,,,False
2020-12-01,international_cup,Borussia Verein für Leibesübungen 1900 Mönchengladbach,Football Club Internazionale Milano S.p.A.,3.0,7.0,0.0,0.0,,,False
2020-12-01,international_cup,Club Atlético de Madrid S.A.D.,FC Bayern München,1.0,1.0,0.0,0.0,,,False
2020-12-01,international_cup,FC Shakhtar Donetsk,Real Madrid Club de Fútbol,0.0,1.0,0.0,0.0,,,False
2020-12-01,international_cup,Futebol Clube do Porto,Manchester City Football Club,1.0,1.0,0.0,0.0,,,False
2020-12-01,international_cup,Liverpool Football Club,AFC Ajax Amsterdam,3.0,2.0,0.0,0.0,,,False
2020-12-01,international_cup,Olympique de Marseille,Olympiakos Syndesmos Filathlon Peiraios,1.0,3.0,0.0,0.0,,,False
2020-12-01,international_cup,"Футбольный клуб ""Локомотив"" Москва",Fußballclub Red Bull Salzburg,3.0,3.0,0.0,0.0,,,False
2020-12-02,international_cup,Borussia Dortmund,Società Sportiva Lazio S.p.A.,0.0,0.0,0.0,0.0,,,False
2020-12-02,international_cup,Club Brugge Koninklijke Voetbalvereniging,AO FK Zenit Sankt-Peterburg,0.0,2.0,0.0,0.0,,,False
2020-12-02,international_cup,FK Krasnodar,Stade Rennais Football Club,2.0,2.0,0.0,0.0,,,False
2020-12-02,international_cup,Ferencvárosi TC,Futbol Club Barcelona,1.0,3.0,0.0,0.0,,,False
2020-12-02,international_cup,Juventus Football Club,Futbolniy Klub Dynamo Kyiv,1.0,2.0,0.0,0.0,,,False
2020-12-02,international_cup,Manchester United Football Club,Paris Saint-Germain Football Club,1.0,2.0,1.0,0.0,,,False
2020-12-02,international_cup,Sevilla Fútbol Club S.A.D.,Chelsea Football Club,4.0,4.0,0.0,0.0,,,False
2020-12-02,international_cup,İstanbul Başakşehir Futbol Kulübü,RasenBallsport Leipzig,4.0,2.0,0.0,0.0,,,False
2020-12-08,international_cup,AO FK Zenit Sankt-Peterburg,Borussia Dortmund,1.0,0.0,0.0,0.0,,,False
2020-12-08,international_cup,Chelsea Football Club,FK Krasnodar,1.0,0.0,0.0,0.0,,,False
2020-12-08,international_cup,Futbol Club Barcelona,Juventus Football Club,4.0,3.0,0.0,0.0,,,False
2020-12-08,international_cup,Futbolniy Klub Dynamo Kyiv,Ferencvárosi TC,2.0,4.0,0.0,0.0,,,False
2020-12-08,international_cup,RasenBallsport Leipzig,Manchester United Football Club,4.0,5.0,0.0,0.0,,,False
2020-12-08,international_cup,Società Sportiva Lazio S.p.A.,Club Brugge Koninklijke Voetbalvereniging,2.0,1.0,0.0,1.0,,,False
2020-12-08,international_cup,Stade Rennais Football Club,Sevilla Fútbol Club S.A.D.,4.0,2.0,0.0,0.0,,,False
2020-12-09,international_cup,AFC Ajax Amsterdam,Atalanta Bergamasca Calcio S.p.a.,2.0,2.0,1.0,0.0,,,False
2020-12-09,international_cup,FC Bayern München,"Футбольный клуб ""Локомотив"" Москва",2.0,1.0,0.0,0.0,,,False
2020-12-09,international_cup,Fodbold Club Midtjylland,Liverpool Football Club,3.0,1.0,0.0,0.0,,,False
2020-12-09,international_cup,Football Club Internazionale Milano S.p.A.,FC Shakhtar Donetsk,3.0,2.0,0.0,0.0,,,False
2020-12-09,international_cup,Fußballclub Red Bull Salzburg,Club Atlético de Madrid S.A.D.,1.0,2.0,0.0,0.0,,,False
2020-12-09,international_cup,Manchester City Football Club,Olympique de Marseille,0.0,1.0,0.0,0.0,,,False
2020-12-09,international_cup,Olympiakos Syndesmos Filathlon Peiraios,Futebol Clube do Porto,3.0,2.0,1.0,0.0,,,False
2020-12-09,international_cup,Paris Saint-Germain Football Club,İstanbul Başakşehir Futbol Kulübü,1.0,4.0,0.0,0.0,,,False
2020-12-09,international_cup,Real Madrid Club de Fútbol,Borussia Verein für Leibesübungen 1900 Mönchengladbach,0.0,1.0,0.0,0.0,,,False
2021-02-16,international_cup,Futbol Club Barcelona,Paris Saint-Germain Football Club,0.0,1.0,0.0,0.0,,,False
2021-02-16,international_cup,RasenBallsport Leipzig,Liverpool Football Club,5.0,2.0,0.0,0.0,,,False
2021-02-17,international_cup,Futebol Clube do Porto,Juventus Football Club,0.0,4.0,0.0,0.0,,,False
2021-02-17,international_cup,Sevilla Fútbol Club S.A.D.,Borussia Dortmund,1.0,2.0,0.0,0.0,,,False
2021-02-23,international_cup,Club Atlético de Madrid S.A.D.,Chelsea Football Club,2.0,2.0,0.0,0.0,,,False
2021-02-23,international_cup,Società Sportiva Lazio S.p.A.,FC Bayern München,5.0,2.0,0.0,0.0,,,False
2021-02-24,international_cup,Atalanta Bergamasca Calcio S.p.a.,Real Madrid Club de Fútbol,1.0,2.0,1.0,0.0,,,False
2021-02-24,international_cup,Borussia Verein für Leibesübungen 1900 Mönchengladbach,Manchester City Football Club,0.0,0.0,0.0,0.0,,,False
2021-03-09,international_cup,Borussia Dortmund,Sevilla Fútbol Club S.A.D.,3.0,6.0,0.0,0.0,,,False
2021-03-09,international_cup,Juventus Football Club,Futebol Clube do Porto,4.0,4.0,0.0,1.0,,,False
2021-03-10,international_cup,Liverpool Football Club,RasenBallsport Leipzig,0.0,0.0,0.0,0.0,,,False
2021-03-10,international_cup,Paris Saint-Germain Football Club,Futbol Club Barcelona,4.0,3.0,0.0,0.0,,,False
2021-03-16,international_cup,Manchester City Football Club,Borussia Verein für Leibesübungen 1900 Mönchengladbach,2.0,1.0,0.0,0.0,,,False
2021-03-16,international_cup,Real Madrid Club de Fútbol,Atalanta Bergamasca Calcio S.p.a.,3.0,1.0,0.0,0.0,,,False
2021-03-17,international_cup,Chelsea Football Club,Club Atlético de Madrid S.A.D.,1.0,4.0,0.0,1.0,,,False
2021-03-17,international_cup,FC Bayern München,Società Sportiva Lazio S.p.A.,1.0,4.0,0.0,0.0,,,False
2021-04-06,international_cup,Manchester City Football Club,Borussia Dortmund,0.0,2.0,0.0,0.0,,,False
2021-04-06,international_cup,Real Madrid Club de Fútbol,Liverpool Football Club,1.0,3.0,0.0,0.0,,,False
2021-04-07,international_cup,FC Bayern München,Paris Saint-Germain Football Club,4.0,1.0,0.0,0.0,,,False
2021-04-07,international_cup,Futebol Clube do Porto,Chelsea Football Club,2.0,0.0,0.0,0.0,,,False
2021-04-13,international_cup,Chelsea Football Club,Futebol Clube do Porto,0.0,5.0,0.0,0.0,,,False
2021-04-13,international_cup,Paris Saint-Germain Football Club,FC Bayern München,2.0,2.0,0.0,0.0,,,False
2021-04-14,international_cup,Borussia Dortmund,Manchester City Football Club,1.0,0.0,0.0,0.0,,,False
2021-04-14,international_cup,Liverpool Football Club,Real Madrid Club de Fútbol,2.0,1.0,0.0,0.0,,,False
2021-04-27,international_cup,Real Madrid Club de Fútbol,Chelsea Football Club,5.0,1.0,0.0,0.0,,,False
2021-04-28,international_cup,Paris Saint-Germain Football Club,Manchester City Football Club,2.0,2.0,1.0,0.0,,,False
2021-05-04,international_cup,Manchester City Football Club,Paris Saint-Germain Football Club,2.0,4.0,0.0,1.0,,,False
2021-05-05,international_cup,Chelsea Football Club,Real Madrid Club de Fútbol,3.0,4.0,0.0,0.0,,,False
2021-05-29,international_cup,Manchester City Football Club,Chelsea Football Club,2.0,1.0,0.0,0.0,,,False
2021-06-11,UEFA Euro,Turkey,Italy,,,,,2.0,8.0,False
2021-06-11,national_team_competition,Turkiye,Italy,2.0,0.0,0.0,0.0,,,False
2021-06-12,national_team_competition,Belgium,Russia,0.0,0.0,0.0,0.0,2.0,4.0,False
2021-06-12,national_team_competition,Denmark,Finland,0.0,2.0,0.0,0.0,9.0,0.0,False
2021-06-12,national_team_competition,Wales,Switzerland,1.0,2.0,0.0,0.0,4.0,12.0,False
2021-06-13,national_team_competition,Austria,North Macedonia,1.0,2.0,0.0,0.0,4.0,0.0,False
2021-06-13,national_team_competition,England,Croatia,1.0,3.0,0.0,0.0,1.0,1.0,False
2021-06-13,national_team_competition,Netherlands,Ukraine,0.0,1.0,0.0,0.0,5.0,1.0,False
2021-06-14,national_team_competition,Poland,Slovakia,1.0,1.0,1.0,0.0,5.0,2.0,False
2021-06-14,national_team_competition,Scotland,Czech Republic,0.0,0.0,0.0,0.0,6.0,6.0,False
2021-06-14,national_team_competition,Spain,Sweden,0.0,1.0,0.0,0.0,6.0,1.0,False
2021-06-15,national_team_competition,France,Germany,0.0,1.0,0.0,0.0,3.0,5.0,False
2021-06-15,national_team_competition,Hungary,Portugal,2.0,1.0,0.0,0.0,0.0,6.0,False
2021-06-16,national_team_competition,Finland,Russia,2.0,3.0,0.0,0.0,1.0,4.0,False
2021-06-16,national_team_competition,Italy,Switzerland,0.0,2.0,0.0,0.0,3.0,2.0,False
2021-06-16,UEFA Euro,Turkey,Wales,,,,,10.0,7.0,False
2021-06-16,national_team_competition,Turkiye,Wales,2.0,2.0,0.0,0.0,,,False
2021-06-17,national_team_competition,Denmark,Belgium,3.0,1.0,0.0,0.0,2.0,4.0,False
2021-06-17,national_team_competition,Netherlands,Austria,1.0,2.0,0.0,0.0,2.0,5.0,False
2021-06-17,national_team_competition,Ukraine,North Macedonia,1.0,2.0,0.0,0.0,5.0,5.0,False
2021-06-18,national_team_competition,Croatia,Czech Republic,1.0,3.0,0.0,0.0,4.0,4.0,False
2021-06-18,national_team_competition,England,Scotland,0.0,2.0,0.0,0.0,6.0,5.0,False
2021-06-18,national_team_competition,Sweden,Slovakia,1.0,3.0,0.0,0.0,7.0,6.0,False
2021-06-19,national_team_competition,Hungary,France,1.0,1.0,0.0,0.0,1.0,3.0,False
2021-06-19,national_team_competition,Portugal,Germany,0.0,2.0,0.0,0.0,6.0,3.0,False
2021-06-19,national_team_competition,Spain,Poland,2.0,4.0,0.0,0.0,7.0,1.0,False
2021-06-20,national_team_competition,Italy,Wales,1.0,2.0,0.0,1.0,7.0,1.0,False
2021-06-20,UEFA Euro,Switzerland,Turkey,,,,,8.0,8.0,False
2021-06-20,national_team_competition,Switzerland,Turkiye,1.0,3.0,0.0,0.0,,,False
2021-06-21,national_team_competition,Finland,Belgium,0.0,0.0,0.0,0.0,0.0,5.0,False
2021-06-21,national_team_competition,North Macedonia,Netherlands,4.0,0.0,0.0,0.0,5.0,7.0,False
2021-06-21,national_team_competition,Russia,Denmark,2.0,1.0,0.0,0.0,1.0,7.0,False
2021-06-21,national_team_competition,Ukraine,Austria,0.0,0.0,0.0,0.0,4.0,9.0,False
2021-06-22,national_team_competition,Croatia,Scotland,1.0,1.0,0.0,0.0,5.0,7.0,False
2021-06-22,national_team_competition,Czech Republic,England,1.0,0.0,0.0,0.0,4.0,6.0,False
2021-06-22,international_cup,HB Tórshavn,Inter Club d'Escaldes,0.0,0.0,0.0,0.0,,,False
2021-06-22,international_cup,SS Folgore/Falciano,FC Prishtina,3.0,3.0,0.0,0.0,,,False
2021-06-23,national_team_competition,Germany,Hungary,2.0,3.0,0.0,0.0,6.0,1.0,False
2021-06-23,national_team_competition,Portugal,France,0.0,4.0,0.0,0.0,0.0,1.0,False
2021-06-23,national_team_competition,Slovakia,Spain,2.0,2.0,0.0,0.0,0.0,7.0,False
2021-06-23,national_team_competition,Sweden,Poland,1.0,2.0,0.0,0.0,6.0,10.0,False
2021-06-25,international_cup,FC Prishtina,Inter Club d'Escaldes,2.0,2.0,0.0,0.0,,,False
2021-06-26,national_team_competition,Italy,Austria,2.0,3.0,0.0,0.0,4.0,3.0,False
2021-06-26,national_team_competition,Wales,Denmark,4.0,0.0,1.0,0.0,1.0,9.0,False
2021-06-27,national_team_competition,Belgium,Portugal,2.0,3.0,0.0,0.0,0.0,3.0,False
2021-06-27,national_team_competition,Netherlands,Czech Republic,2.0,1.0,1.0,0.0,6.0,5.0,False
2021-06-28,national_team_competition,Croatia,Spain,2.0,0.0,0.0,0.0,1.0,8.0,False
2021-06-28,national_team_competition,France,Switzerland,3.0,4.0,0.0,0.0,8.0,5.0,True
2021-06-29,national_team_competition,England,Germany,3.0,2.0,0.0,0.0,3.0,3.0,False
2021-06-29,national_team_competition,Sweden,Ukraine,2.0,2.0,1.0,0.0,6.0,2.0,False
2021-07-02,national_team_competition,Belgium,Italy,1.0,2.0,0.0,0.0,9.0,5.0,False
2021-07-02,national_team_competition,Switzerland,Spain,2.0,1.0,1.0,0.0,9.0,13.0,True
2021-07-03,national_team_competition,Czech Republic,Denmark,2.0,0.0,0.0,0.0,9.0,7.0,False
2021-07-03,national_team_competition,Ukraine,England,0.0,0.0,0.0,0.0,3.0,2.0,False
2021-07-06,international_cup,CS Fola Esch,Lincoln Red Imps FC,3.0,3.0,0.0,0.0,,,False
2021-07-06,international_cup,FC Flora Tallinn,Hibernians FC,0.0,3.0,0.0,1.0,,,False
2021-07-06,international_cup,FK Zalgiris Vilnius,Linfield FC,2.0,0.0,0.0,0.0,,,False
2021-07-06,international_cup,Ferencvárosi TC,FC Prishtina,2.0,5.0,0.0,0.0,,,False
2021-07-06,international_cup,Fotbal Club CFR 1907 Cluj SA,FK Borac Banja Luka,3.0,2.0,0.0,0.0,,,False
2021-07-06,international_cup,HJK Helsinki,Buducnost Podgorica,2.0,3.0,0.0,0.0,,,False
2021-07-06,national_team_competition,Italy,Spain,2.0,1.0,0.0,0.0,1.0,6.0,True
2021-07-06,international_cup,Shkendija Tetovo,NS Mura,0.0,0.0,0.0,0.0,,,False
2021-07-07,international_cup,Connah's Quay Nomads,Alashkert Yerevan FC,2.0,0.0,0.0,0.0,,,False
2021-07-07,international_cup,Dinamo Tbilisi,Neftchi Baku,1.0,1.0,0.0,0.0,,,False
2021-07-07,national_team_competition,England,Denmark,1.0,1.0,0.0,0.0,6.0,5.0,False
2021-07-07,international_cup,Fotballklubben Bodø/Glimt,Legia Warszawa Spółka Akcyjna,2.0,3.0,1.0,0.0,,,False
2021-07-07,international_cup,GNK Dinamo Zagreb,Valur Reykjavík,0.0,2.0,0.0,0.0,,,False
2021-07-07,international_cup,KF Teuta,FC Sheriff Tiraspol,3.0,1.0,0.0,0.0,,,False
2021-07-07,international_cup,Ludogorets Razgrad,Shakhter Soligorsk,1.0,3.0,0.0,0.0,,,False
2021-07-07,international_cup,Maccabi Haifa,Kairat Almaty,2.0,3.0,0.0,0.0,,,False
2021-07-07,international_cup,Malmö Fotbollförening,Riga FC,2.0,4.0,0.0,1.0,,,False
2021-07-07,international_cup,Slovan Bratislava,Shamrock Rovers,1.0,1.0,0.0,0.0,,,False
2021-07-11,national_team_competition,Italy,England,5.0,1.0,0.0,0.0,3.0,5.0,True
2021-07-13,international_cup,Buducnost Podgorica,HJK Helsinki,2.0,0.0,0.0,0.0,,,False
2021-07-13,international_cup,FC Prishtina,Ferencvárosi TC,1.0,1.0,0.0,0.0,,,False
2021-07-13,international_cup,FC Sheriff Tiraspol,KF Teuta,0.0,1.0,0.0,0.0,,,False
2021-07-13,international_cup,FK Borac Banja Luka,Fotbal Club CFR 1907 Cluj SA,4.0,4.0,0.0,0.0,,,False
2021-07-13,international_cup,Hibernians FC,FC Flora Tallinn,5.0,1.0,0.0,0.0,,,False
2021-07-13,international_cup,Lincoln Red Imps FC,CS Fola Esch,1.0,3.0,0.0,1.0,,,False
2021-07-13,international_cup,Linfield FC,FK Zalgiris Vilnius,2.0,4.0,0.0,2.0,,,False
2021-07-13,international_cup,NS Mura,Shkendija Tetovo,1.0,1.0,0.0,1.0,,,False
2021-07-13,international_cup,Riga FC,Malmö Fotbollförening,4.0,1.0,0.0,0.0,,,False
2021-07-13,international_cup,Shakhter Soligorsk,Ludogorets Razgrad,1.0,0.0,0.0,0.0,,,False
2021-07-13,international_cup,Shamrock Rovers,Slovan Bratislava,3.0,3.0,0.0,0.0,,,False
2021-07-13,international_cup,Valur Reykjavík,GNK Dinamo Zagreb,1.0,1.0,0.0,0.0,,,False
2021-07-14,international_cup,Alashkert Yerevan FC,Connah's Quay Nomads,3.0,2.0,0.0,0.0,,,False
2021-07-14,international_cup,Kairat Almaty,Maccabi Haifa,4.0,3.0,1.0,1.0,,,False
2021-07-14,international_cup,Legia Warszawa Spółka Akcyjna,Fotballklubben Bodø/Glimt,2.0,1.0,0.0,0.0,,,False
2021-07-14,international_cup,Neftchi Baku,Dinamo Tbilisi,4.0,6.0,0.0,0.0,,,False
2021-07-20,international_cup,Alashkert Yerevan FC,FC Sheriff Tiraspol,2.0,0.0,0.0,0.0,,,False
2021-07-20,international_cup,Ferencvárosi TC,FK Zalgiris Vilnius,1.0,1.0,0.0,0.0,,,False
2021-07-20,international_cup,GNK Dinamo Zagreb,Omonia Nicosia,1.0,1.0,0.0,0.0,,,False
2021-07-20,international_cup,Lincoln Red Imps FC,Fotbal Club CFR 1907 Cluj SA,3.0,1.0,0.0,0.0,,,False
2021-07-20,international_cup,Sportklub Rapid,"AC Sparta Praha, a. s.",4.0,2.0,0.0,0.0,,,False
2021-07-20,international_cup,The Celtic Football Club,Fodbold Club Midtjylland,1.0,3.0,1.0,1.0,,,False
2021-07-21,international_cup,Eindhovense Voetbalvereniging Philips Sport Vereniging,Galatasaray Spor Kulübü,0.0,2.0,0.0,0.0,,,False
2021-07-21,international_cup,Kairat Almaty,Fudbalski klub Crvena zvezda Beograd,3.0,1.0,0.0,0.0,,,False
2021-07-21,international_cup,Legia Warszawa Spółka Akcyjna,FC Flora Tallinn,0.0,2.0,0.0,0.0,,,False
2021-07-21,international_cup,Malmö Fotbollförening,HJK Helsinki,2.0,1.0,0.0,0.0,,,False
2021-07-21,international_cup,NS Mura,Ludogorets Razgrad,1.0,1.0,0.0,0.0,,,False
2021-07-21,international_cup,Olympiakos Syndesmos Filathlon Peiraios,Neftchi Baku,3.0,2.0,1.0,1.0,,,False
2021-07-21,international_cup,Slovan Bratislava,Berner Sport Club Young Boys,1.0,4.0,0.0,0.0,,,False
2021-07-27,international_cup,FC Flora Tallinn,Legia Warszawa Spółka Akcyjna,2.0,2.0,0.0,0.0,,,False
2021-07-27,international_cup,FK Zalgiris Vilnius,Ferencvárosi TC,2.0,2.0,0.0,0.0,,,False
2021-07-27,international_cup,HJK Helsinki,Malmö Fotbollförening,4.0,2.0,0.0,0.0,,,False
2021-07-27,international_cup,Omonia Nicosia,GNK Dinamo Zagreb,1.0,3.0,0.0,0.0,,,False
2021-07-28,international_cup,"AC Sparta Praha, a. s.",Sportklub Rapid,2.0,2.0,0.0,0.0,,,False
2021-07-28,international_cup,Berner Sport Club Young Boys,Slovan Bratislava,3.0,4.0,0.0,0.0,,,False
2021-07-28,international_cup,FC Sheriff Tiraspol,Alashkert Yerevan FC,2.0,0.0,0.0,0.0,,,False
2021-07-28,international_cup,Fodbold Club Midtjylland,The Celtic Football Club,3.0,4.0,0.0,0.0,,,False
2021-07-28,international_cup,Fotbal Club CFR 1907 Cluj SA,Lincoln Red Imps FC,0.0,2.0,0.0,0.0,,,False
2021-07-28,international_cup,Fudbalski klub Crvena zvezda Beograd,Kairat Almaty,2.0,2.0,0.0,0.0,,,False
2021-07-28,international_cup,Galatasaray Spor Kulübü,Eindhovense Voetbalvereniging Philips Sport Vereniging,1.0,1.0,0.0,1.0,,,False
2021-07-28,international_cup,Ludogorets Razgrad,NS Mura,3.0,0.0,0.0,0.0,,,False
2021-07-28,international_cup,Neftchi Baku,Olympiakos Syndesmos Filathlon Peiraios,0.0,0.0,0.0,0.0,,,False
2021-08-03,international_cup,"AC Sparta Praha, a. s.",Association sportive de Monaco Football Club,2.0,3.0,0.0,0.0,,,False
2021-08-03,international_cup,Eindhovense Voetbalvereniging Philips Sport Vereniging,Fodbold Club Midtjylland,0.0,1.0,0.0,0.0,,,False
2021-08-03,international_cup,Fotbal Club CFR 1907 Cluj SA,Berner Sport Club Young Boys,2.0,0.0,0.0,0.0,,,False
2021-08-03,international_cup,Fudbalski klub Crvena zvezda Beograd,FC Sheriff Tiraspol,4.0,4.0,1.0,0.0,,,False
2021-08-03,international_cup,Koninklijke Racing Club Genk,FC Shakhtar Donetsk,2.0,3.0,0.0,0.0,,,False
2021-08-03,international_cup,Malmö Fotbollförening,Rangers Football Club,3.0,3.0,0.0,0.0,,,False
2021-08-03,international_cup,Olympiakos Syndesmos Filathlon Peiraios,Ludogorets Razgrad,2.0,2.0,0.0,0.0,,,False
2021-08-04,international_cup,FK Spartak Moskva,Sport Lisboa e Benfica,2.0,1.0,0.0,0.0,,,False
2021-08-04,international_cup,Ferencvárosi TC,"SK Slavia Praha, a.s.",1.0,2.0,0.0,0.0,,,False
2021-08-04,international_cup,GNK Dinamo Zagreb,Legia Warszawa Spółka Akcyjna,1.0,3.0,0.0,0.0,,,False
2021-08-10,international_cup,Association sportive de Monaco Football Club,"AC Sparta Praha, a. s.",1.0,2.0,0.0,0.0,,,False
2021-08-10,international_cup,Berner Sport Club Young Boys,Fotbal Club CFR 1907 Cluj SA,3.0,3.0,0.0,1.0,,,False
2021-08-10,international_cup,FC Shakhtar Donetsk,Koninklijke Racing Club Genk,3.0,2.0,0.0,0.0,,,False
2021-08-10,international_cup,FC Sheriff Tiraspol,Fudbalski klub Crvena zvezda Beograd,4.0,4.0,0.0,0.0,,,False
2021-08-10,international_cup,Fodbold Club Midtjylland,Eindhovense Voetbalvereniging Philips Sport Vereniging,0.0,1.0,0.0,0.0,,,False
2021-08-10,international_cup,Legia Warszawa Spółka Akcyjna,GNK Dinamo Zagreb,4.0,4.0,0.0,0.0,,,False
2021-08-10,international_cup,Ludogorets Razgrad,Olympiakos Syndesmos Filathlon Peiraios,3.0,2.0,0.0,1.0,,,False
2021-08-10,international_cup,Rangers Football Club,Malmö Fotbollförening,2.0,2.0,0.0,1.0,,,False
2021-08-10,international_cup,"SK Slavia Praha, a.s.",Ferencvárosi TC,2.0,6.0,0.0,1.0,,,False
2021-08-10,international_cup,Sport Lisboa e Benfica,FK Spartak Moskva,2.0,2.0,0.0,0.0,,,False
2021-08-11,international_cup,Chelsea Football Club,Villarreal Club de Fútbol S.A.D.,2.0,2.0,0.0,0.0,,,False
2021-08-17,international_cup,Association sportive de Monaco Football Club,FC Shakhtar Donetsk,0.0,2.0,0.0,0.0,,,False
2021-08-17,international_cup,FC Sheriff Tiraspol,GNK Dinamo Zagreb,0.0,1.0,0.0,0.0,,,False
2021-08-17,international_cup,Fußballclub Red Bull Salzburg,Brøndby Idrætsforening,0.0,2.0,0.0,0.0,,,False
2021-08-18,international_cup,Berner Sport Club Young Boys,Ferencvárosi TC,3.0,3.0,1.0,0.0,,,False
2021-08-18,international_cup,Malmö Fotbollförening,Ludogorets Razgrad,2.0,1.0,0.0,0.0,,,False
2021-08-18,international_cup,Sport Lisboa e Benfica,Eindhovense Voetbalvereniging Philips Sport Vereniging,5.0,2.0,0.0,0.0,,,False
2021-08-24,international_cup,Eindhovense Voetbalvereniging Philips Sport Vereniging,Sport Lisboa e Benfica,3.0,4.0,0.0,1.0,,,False
2021-08-24,international_cup,Ferencvárosi TC,Berner Sport Club Young Boys,5.0,1.0,1.0,0.0,,,False
2021-08-24,international_cup,Ludogorets Razgrad,Malmö Fotbollförening,3.0,2.0,0.0,0.0,,,False
2021-08-25,international_cup,Brøndby Idrætsforening,Fußballclub Red Bull Salzburg,1.0,2.0,0.0,0.0,,,False
2021-08-25,international_cup,FC Shakhtar Donetsk,Association sportive de Monaco Football Club,6.0,4.0,0.0,0.0,,,False
2021-08-25,international_cup,GNK Dinamo Zagreb,FC Sheriff Tiraspol,1.0,3.0,0.0,0.0,,,False
2021-09-14,international_cup,Berner Sport Club Young Boys,Manchester United Football Club,2.0,1.0,0.0,1.0,,,False
2021-09-14,international_cup,Chelsea Football Club,AO FK Zenit Sankt-Peterburg,1.0,1.0,0.0,0.0,,,False
2021-09-14,international_cup,Futbol Club Barcelona,FC Bayern München,1.0,2.0,0.0,0.0,,,False
2021-09-14,international_cup,Futbolniy Klub Dynamo Kyiv,Sport Lisboa e Benfica,3.0,3.0,0.0,0.0,,,False
2021-09-14,international_cup,Lille Olympique Sporting Club,Verein für Leibesübungen Wolfsburg,2.0,5.0,0.0,1.0,,,False
2021-09-14,international_cup,Malmö Fotbollförening,Juventus Football Club,2.0,1.0,0.0,0.0,,,False
2021-09-14,international_cup,Sevilla Fútbol Club S.A.D.,Fußballclub Red Bull Salzburg,5.0,4.0,1.0,0.0,,,False
2021-09-14,international_cup,Villarreal Club de Fútbol S.A.D.,Atalanta Bergamasca Calcio S.p.a.,4.0,1.0,1.0,0.0,,,False
2021-09-15,international_cup,Beşiktaş Jimnastik Kulübü,Borussia Dortmund,3.0,2.0,0.0,0.0,,,False
2021-09-15,international_cup,Club Atlético de Madrid S.A.D.,Futebol Clube do Porto,3.0,6.0,0.0,1.0,,,False
2021-09-15,international_cup,Club Brugge Koninklijke Voetbalvereniging,Paris Saint-Germain Football Club,2.0,2.0,0.0,0.0,,,False
2021-09-15,international_cup,FC Sheriff Tiraspol,FC Shakhtar Donetsk,1.0,0.0,0.0,0.0,,,False
2021-09-15,international_cup,Football Club Internazionale Milano S.p.A.,Real Madrid Club de Fútbol,1.0,1.0,0.0,0.0,,,False
2021-09-15,international_cup,Liverpool Football Club,Associazione Calcio Milan,1.0,2.0,0.0,0.0,,,False
2021-09-15,international_cup,Manchester City Football Club,RasenBallsport Leipzig,1.0,3.0,0.0,1.0,,,False
2021-09-15,international_cup,Sporting Clube de Portugal,AFC Ajax Amsterdam,3.0,3.0,0.0,0.0,,,False
2021-09-28,international_cup,AFC Ajax Amsterdam,Beşiktaş Jimnastik Kulübü,0.0,2.0,0.0,0.0,,,False
2021-09-28,international_cup,Associazione Calcio Milan,Club Atlético de Madrid S.A.D.,5.0,1.0,1.0,0.0,,,False
2021-09-28,international_cup,Borussia Dortmund,Sporting Clube de Portugal,2.0,2.0,0.0,0.0,,,False
2021-09-28,international_cup,FC Shakhtar Donetsk,Football Club Internazionale Milano S.p.A.,0.0,1.0,0.0,0.0,,,False
2021-09-28,international_cup,Futebol Clube do Porto,Liverpool Football Club,0.0,0.0,0.0,0.0,,,False
2021-09-28,international_cup,Paris Saint-Germain Football Club,Manchester City Football Club,1.0,2.0,0.0,0.0,,,False
2021-09-28,international_cup,RasenBallsport Leipzig,Club Brugge Koninklijke Voetbalvereniging,0.0,2.0,0.0,0.0,,,False
2021-09-28,international_cup,Real Madrid Club de Fútbol,FC Sheriff Tiraspol,2.0,4.0,0.0,0.0,,,False
2021-09-29,international_cup,AO FK Zenit Sankt-Peterburg,Malmö Fotbollförening,0.0,2.0,0.0,1.0,,,False
2021-09-29,international_cup,Atalanta Bergamasca Calcio S.p.a.,Berner Sport Club Young Boys,1.0,1.0,0.0,0.0,,,False
2021-09-29,international_cup,FC Bayern München,Futbolniy Klub Dynamo Kyiv,1.0,1.0,0.0,0.0,,,False
2021-09-29,international_cup,Fußballclub Red Bull Salzburg,Lille Olympique Sporting Club,2.0,5.0,0.0,0.0,,,False
2021-09-29,international_cup,Juventus Football Club,Chelsea Football Club,1.0,3.0,0.0,0.0,,,False
2021-09-29,international_cup,Manchester United Football Club,Villarreal Club de Fútbol S.A.D.,3.0,4.0,0.0,0.0,,,False
2021-09-29,international_cup,Sport Lisboa e Benfica,Futbol Club Barcelona,4.0,4.0,0.0,1.0,,,False
2021-09-29,international_cup,Verein für Leibesübungen Wolfsburg,Sevilla Fútbol Club S.A.D.,6.0,3.0,1.0,0.0,,,False
2021-10-19,international_cup,AFC Ajax Amsterdam,Borussia Dortmund,2.0,1.0,0.0,0.0,,,False
2021-10-19,international_cup,Beşiktaş Jimnastik Kulübü,Sporting Clube de Portugal,4.0,3.0,0.0,0.0,,,False
2021-10-19,international_cup,Club Atlético de Madrid S.A.D.,Liverpool Football Club,1.0,2.0,1.0,0.0,,,False
2021-10-19,international_cup,Club Brugge Koninklijke Voetbalvereniging,Manchester City Football Club,3.0,1.0,0.0,0.0,,,False
2021-10-19,international_cup,FC Shakhtar Donetsk,Real Madrid Club de Fútbol,1.0,0.0,0.0,0.0,,,False
2021-10-19,international_cup,Football Club Internazionale Milano S.p.A.,FC Sheriff Tiraspol,1.0,1.0,0.0,0.0,,,False
2021-10-19,international_cup,Futebol Clube do Porto,Associazione Calcio Milan,2.0,5.0,0.0,0.0,,,False
2021-10-19,international_cup,Paris Saint-Germain Football Club,RasenBallsport Leipzig,2.0,3.0,0.0,0.0,,,False
2021-10-20,international_cup,AO FK Zenit Sankt-Peterburg,Juventus Football Club,2.0,2.0,0.0,0.0,,,False
2021-10-20,international_cup,Berner Sport Club Young Boys,Villarreal Club de Fútbol S.A.D.,1.0,1.0,0.0,0.0,,,False
2021-10-20,international_cup,Chelsea Football Club,Malmö Fotbollförening,0.0,3.0,0.0,0.0,,,False
2021-10-20,international_cup,Futbol Club Barcelona,Futbolniy Klub Dynamo Kyiv,1.0,0.0,0.0,0.0,,,False
2021-10-20,international_cup,Fußballclub Red Bull Salzburg,Verein für Leibesübungen Wolfsburg,2.0,2.0,0.0,0.0,,,False
2021-10-20,international_cup,Lille Olympique Sporting Club,Sevilla Fútbol Club S.A.D.,4.0,1.0,0.0,0.0,,,False
2021-10-20,international_cup,Manchester United Football Club,Atalanta Bergamasca Calcio S.p.a.,3.0,4.0,0.0,0.0,,,False
2021-10-20,international_cup,Sport Lisboa e Benfica,FC Bayern München,2.0,2.0,0.0,0.0,,,False
2021-11-02,international_cup,Atalanta Bergamasca Calcio S.p.a.,Manchester United Football Club,0.0,1.0,0.0,0.0,,,False
2021-11-02,international_cup,FC Bayern München,Sport Lisboa e Benfica,2.0,1.0,0.0,0.0,,,False
2021-11-02,international_cup,Futbolniy Klub Dynamo Kyiv,Futbol Club Barcelona,2.0,3.0,0.0,0.0,,,False
2021-11-02,international_cup,Juventus Football Club,AO FK Zenit Sankt-Peterburg,2.0,1.0,0.0,0.0,,,False
2021-11-02,international_cup,Malmö Fotbollförening,Chelsea Football Club,0.0,2.0,0.0,0.0,,,False
2021-11-02,international_cup,Sevilla Fútbol Club S.A.D.,Lille Olympique Sporting Club,5.0,6.0,0.0,0.0,,,False
2021-11-02,international_cup,Verein für Leibesübungen Wolfsburg,Fußballclub Red Bull Salzburg,3.0,1.0,0.0,0.0,,,False
2021-11-02,international_cup,Villarreal Club de Fútbol S.A.D.,Berner Sport Club Young Boys,3.0,4.0,0.0,0.0,,,False
2021-11-03,international_cup,Associazione Calcio Milan,Futebol Clube do Porto,1.0,4.0,0.0,0.0,,,False
2021-11-03,international_cup,Borussia Dortmund,AFC Ajax Amsterdam,1.0,1.0,1.0,0.0,,,False
2021-11-03,international_cup,FC Sheriff Tiraspol,Football Club Internazionale Milano S.p.A.,4.0,2.0,0.0,0.0,,,False
2021-11-03,international_cup,Liverpool Football Club,Club Atlético de Madrid S.A.D.,3.0,4.0,0.0,1.0,,,False
2021-11-03,international_cup,Manchester City Football Club,Club Brugge Koninklijke Voetbalvereniging,0.0,0.0,0.0,0.0,,,False
2021-11-03,international_cup,RasenBallsport Leipzig,Paris Saint-Germain Football Club,3.0,6.0,0.0,0.0,,,False
2021-11-03,international_cup,Real Madrid Club de Fútbol,FC Shakhtar Donetsk,2.0,1.0,0.0,0.0,,,False
2021-11-03,international_cup,Sporting Clube de Portugal,Beşiktaş Jimnastik Kulübü,0.0,2.0,0.0,1.0,,,False
2021-11-23,international_cup,Berner Sport Club Young Boys,Atalanta Bergamasca Calcio S.p.a.,3.0,2.0,0.0,0.0,,,False
2021-11-23,international_cup,Chelsea Football Club,Juventus Football Club,0.0,1.0,0.0,0.0,,,False
2021-11-23,international_cup,Futbol Club Barcelona,Sport Lisboa e Benfica,1.0,4.0,0.0,0.0,,,False
2021-11-23,international_cup,Futbolniy Klub Dynamo Kyiv,FC Bayern München,1.0,1.0,0.0,0.0,,,False
2021-11-23,international_cup,Lille Olympique Sporting Club,Fußballclub Red Bull Salzburg,3.0,4.0,0.0,0.0,,,False
2021-11-23,international_cup,Malmö Fotbollförening,AO FK Zenit Sankt-Peterburg,4.0,3.0,0.0,1.0,,,False
2021-11-23,international_cup,Sevilla Fútbol Club S.A.D.,Verein für Leibesübungen Wolfsburg,1.0,3.0,0.0,0.0,,,False
2021-11-23,international_cup,Villarreal Club de Fútbol S.A.D.,Manchester United Football Club,1.0,1.0,0.0,0.0,,,False
2021-11-24,international_cup,Beşiktaş Jimnastik Kulübü,AFC Ajax Amsterdam,1.0,1.0,0.0,0.0,,,False
2021-11-24,international_cup,Club Atlético de Madrid S.A.D.,Associazione Calcio Milan,1.0,3.0,0.0,0.0,,,False
2021-11-24,international_cup,Club Brugge Koninklijke Voetbalvereniging,RasenBallsport Leipzig,3.0,1.0,0.0,0.0,,,False
2021-11-24,international_cup,FC Sheriff Tiraspol,Real Madrid Club de Fútbol,1.0,1.0,0.0,0.0,,,False
2021-11-24,international_cup,Football Club Internazionale Milano S.p.A.,FC Shakhtar Donetsk,0.0,1.0,0.0,0.0,,,False
2021-11-24,international_cup,Liverpool Football Club,Futebol Clube do Porto,2.0,2.0,0.0,0.0,,,False
2021-11-24,international_cup,Manchester City Football Club,Paris Saint-Germain Football Club,3.0,0.0,0.0,0.0,,,False
2021-11-24,international_cup,Sporting Clube de Portugal,Borussia Dortmund,6.0,2.0,0.0,1.0,,,False
2021-12-07,international_cup,AFC Ajax Amsterdam,Sporting Clube de Portugal,2.0,2.0,0.0,0.0,,,False
2021-12-07,international_cup,Associazione Calcio Milan,Liverpool Football Club,0.0,0.0,0.0,0.0,,,False
2021-12-07,international_cup,Borussia Dortmund,Beşiktaş Jimnastik Kulübü,0.0,3.0,0.0,1.0,,,False
2021-12-07,international_cup,FC Shakhtar Donetsk,FC Sheriff Tiraspol,2.0,2.0,0.0,0.0,,,False
2021-12-07,international_cup,Futebol Clube do Porto,Club Atlético de Madrid S.A.D.,3.0,1.0,2.0,1.0,,,False
2021-12-07,international_cup,Paris Saint-Germain Football Club,Club Brugge Koninklijke Voetbalvereniging,2.0,1.0,0.0,0.0,,,False
2021-12-07,international_cup,RasenBallsport Leipzig,Manchester City Football Club,2.0,2.0,0.0,1.0,,,False
2021-12-07,international_cup,Real Madrid Club de Fútbol,Football Club Internazionale Milano S.p.A.,1.0,2.0,0.0,1.0,,,False
2021-12-08,international_cup,AO FK Zenit Sankt-Peterburg,Chelsea Football Club,1.0,1.0,0.0,0.0,,,False
2021-12-08,international_cup,FC Bayern München,Futbol Club Barcelona,1.0,2.0,0.0,0.0,,,False
2021-12-08,international_cup,Fußballclub Red Bull Salzburg,Sevilla Fútbol Club S.A.D.,2.0,3.0,0.0,1.0,,,False
2021-12-08,international_cup,Juventus Football Club,Malmö Fotbollförening,1.0,3.0,0.0,0.0,,,False
2021-12-08,international_cup,Manchester United Football Club,Berner Sport Club Young Boys,1.0,0.0,0.0,0.0,,,False
2021-12-08,international_cup,Sport Lisboa e Benfica,Futbolniy Klub Dynamo Kyiv,1.0,3.0,0.0,0.0,,,False
2021-12-08,international_cup,Verein für Leibesübungen Wolfsburg,Lille Olympique Sporting Club,4.0,3.0,0.0,0.0,,,False
2021-12-09,international_cup,Atalanta Bergamasca Calcio S.p.a.,Villarreal Club de Fútbol S.A.D.,1.0,2.0,0.0,0.0,,,False
2022-02-15,international_cup,Paris Saint-Germain Football Club,Real Madrid Club de Fútbol,4.0,4.0,0.0,0.0,,,False
2022-02-15,international_cup,Sporting Clube de Portugal,Manchester City Football Club,3.0,1.0,0.0,0.0,,,False
2022-02-16,international_cup,Football Club Internazionale Milano S.p.A.,Liverpool Football Club,0.0,0.0,0.0,0.0,,,False
2022-02-16,international_cup,Fußballclub Red Bull Salzburg,FC Bayern München,1.0,2.0,0.0,0.0,,,False
2022-02-22,international_cup,Chelsea Football Club,Lille Olympique Sporting Club,1.0,1.0,0.0,0.0,,,False
2022-02-22,international_cup,Villarreal Club de Fútbol S.A.D.,Juventus Football Club,1.0,1.0,0.0,0.0,,,False
2022-02-23,international_cup,Club Atlético de Madrid S.A.D.,Manchester United Football Club,4.0,5.0,0.0,0.0,,,False
2022-02-23,international_cup,Sport Lisboa e Benfica,AFC Ajax Amsterdam,3.0,3.0,0.0,0.0,,,False
2022-03-08,international_cup,FC Bayern München,Fußballclub Red Bull Salzburg,0.0,0.0,0.0,0.0,,,False
2022-03-08,international_cup,Liverpool Football Club,Football Club Internazionale Milano S.p.A.,3.0,4.0,0.0,1.0,,,False
2022-03-09,international_cup,Manchester City Football Club,Sporting Clube de Portugal,1.0,2.0,0.0,0.0,,,False
2022-03-09,international_cup,Real Madrid Club de Fútbol,Paris Saint-Germain Football Club,4.0,4.0,0.0,0.0,,,False
2022-03-15,international_cup,AFC Ajax Amsterdam,Sport Lisboa e Benfica,3.0,1.0,0.0,0.0,,,False
2022-03-15,international_cup,Manchester United Football Club,Club Atlético de Madrid S.A.D.,2.0,2.0,0.0,0.0,,,False
2022-03-16,international_cup,Juventus Football Club,Villarreal Club de Fútbol S.A.D.,1.0,0.0,0.0,0.0,,,False
2022-03-16,international_cup,Lille Olympique Sporting Club,Chelsea Football Club,2.0,1.0,0.0,0.0,,,False
2022-04-05,international_cup,Manchester City Football Club,Club Atlético de Madrid S.A.D.,2.0,3.0,0.0,0.0,,,False
2022-04-05,international_cup,Sport Lisboa e Benfica,Liverpool Football Club,1.0,1.0,0.0,0.0,,,False
2022-04-06,international_cup,Chelsea Football Club,Real Madrid Club de Fútbol,1.0,1.0,0.0,0.0,,,False
2022-04-06,international_cup,Villarreal Club de Fútbol S.A.D.,FC Bayern München,1.0,0.0,0.0,0.0,,,False
2022-04-12,international_cup,FC Bayern München,Villarreal Club de Fútbol S.A.D.,1.0,2.0,0.0,0.0,,,False
2022-04-12,international_cup,Real Madrid Club de Fútbol,Chelsea Football Club,4.0,4.0,0.0,0.0,,,False
2022-04-13,international_cup,Club Atlético de Madrid S.A.D.,Manchester City Football Club,3.0,5.0,1.0,0.0,,,False
2022-04-13,international_cup,Liverpool Football Club,Sport Lisboa e Benfica,0.0,0.0,0.0,0.0,,,False
2022-04-26,international_cup,Manchester City Football Club,Real Madrid Club de Fútbol,1.0,1.0,0.0,0.0,,,False
2022-04-27,international_cup,Liverpool Football Club,Villarreal Club de Fútbol S.A.D.,1.0,2.0,0.0,0.0,,,False
2022-05-03,international_cup,Villarreal Club de Fútbol S.A.D.,Liverpool Football Club,3.0,1.0,1.0,0.0,,,False
2022-05-04,international_cup,Real Madrid Club de Fútbol,Manchester City Football Club,4.0,3.0,0.0,0.0,,,False
2022-05-28,international_cup,Liverpool Football Club,Real Madrid Club de Fútbol,1.0,0.0,0.0,0.0,,,False
2022-06-21,international_cup,La Fiorita 1967,Inter Club d'Escaldes,2.0,2.0,0.0,0.0,,,False
2022-06-21,international_cup,Víkingur Reykjavík,Levadia Tallinn,1.0,5.0,0.0,0.0,,,False
2022-06-24,international_cup,Víkingur Reykjavík,Inter Club d'Escaldes,2.0,5.0,0.0,0.0,,,False
2022-07-05,international_cup,FC Ballkani,FK Zalgiris Vilnius,3.0,2.0,0.0,0.0,,,False
2022-07-05,international_cup,FC Pyunik Yerevan,Fotbal Club CFR 1907 Cluj SA,3.0,1.0,0.0,0.0,,,False
2022-07-05,international_cup,FC Shkupi,Lincoln Red Imps FC,1.0,0.0,1.0,0.0,,,False
2022-07-05,international_cup,KKS Lech Poznań Spółka Akcyjna,Qarabağ FK,2.0,2.0,0.0,0.0,,,False
2022-07-05,international_cup,Ludogorets Razgrad,FK Sutjeska Niksic,1.0,1.0,0.0,0.0,,,False
2022-07-05,international_cup,Malmö Fotbollförening,Víkingur Reykjavík,4.0,5.0,0.0,1.0,,,False
2022-07-05,international_cup,Shamrock Rovers,Hibernians FC,1.0,2.0,0.0,0.0,,,False
2022-07-05,international_cup,The New Saints,Linfield FC,2.0,3.0,0.0,0.0,,,False
2022-07-06,UEFA Women's Euro,England Women's,Austria Women's,,,,,5.0,4.0,False
2022-07-06,international_cup,F91 Dudelange,KF Tirana,1.0,2.0,1.0,1.0,,,False
2022-07-06,international_cup,Fotballklubben Bodø/Glimt,KÍ Klaksvík,0.0,1.0,0.0,0.0,,,False
2022-07-06,international_cup,HJK Helsinki,FC RFS,2.0,3.0,0.0,0.0,,,False
2022-07-06,international_cup,HSK Zrinjski Mostar,FC Sheriff Tiraspol,4.0,4.0,0.0,0.0,,,False
2022-07-06,international_cup,NK Maribor,Shakhter Soligorsk,2.0,1.0,0.0,0.0,,,False
2022-07-06,international_cup,Slovan Bratislava,Dinamo Batumi,2.0,5.0,0.0,1.0,,,False
2022-07-06,international_cup,Tobol Kostanay,Ferencvárosi TC,2.0,3.0,0.0,0.0,,,False
2022-07-07,UEFA Women's Euro,Norway Women's,Northern Ireland,,,,,9.0,1.0,False
2022-07-08,UEFA Women's Euro,Germany Women's,Denmark Women's,,,,,7.0,4.0,False
2022-07-08,UEFA Women's Euro,Spain Women's,WNT Finland,,,,,17.0,0.0,False
2022-07-09,UEFA Women's Euro,Netherlands Women's,Sweden Women's,,,,,3.0,6.0,False
2022-07-09,UEFA Women's Euro,Portugal Women's,Switzerland Women's,,,,,9.0,2.0,False
2022-07-10,UEFA Women's Euro,Belgium Women's,Iceland Women's,,,,,2.0,10.0,False
2022-07-10,UEFA Women's Euro,France Women's,Italy Women's,,,,,3.0,7.0,False
2022-07-11,UEFA Women's Euro,Austria Women's,Northern Ireland,,,,,6.0,3.0,False
2022-07-11,UEFA Women's Euro,England Women's,Norway Women's,,,,,2.0,3.0,False
2022-07-12,UEFA Women's Euro,Denmark Women's,WNT Finland,,,,,6.0,1.0,False
2022-07-12,international_cup,FC RFS,HJK Helsinki,7.0,4.0,0.0,0.0,,,False
2022-07-12,international_cup,FC Sheriff Tiraspol,HSK Zrinjski Mostar,2.0,2.0,0.0,0.0,,,False
2022-07-12,international_cup,FK Sutjeska Niksic,Ludogorets Razgrad,2.0,3.0,0.0,0.0,,,False
2022-07-12,international_cup,FK Zalgiris Vilnius,FC Ballkani,4.0,2.0,0.0,0.0,,,False
2022-07-12,UEFA Women's Euro,Germany Women's,Spain Women's,,,,,4.0,6.0,False
2022-07-12,international_cup,Hibernians FC,Shamrock Rovers,5.0,3.0,0.0,0.0,,,False
2022-07-12,international_cup,KF Tirana,F91 Dudelange,6.0,3.0,0.0,0.0,,,False
2022-07-12,international_cup,Lincoln Red Imps FC,FC Shkupi,3.0,7.0,0.0,0.0,,,False
2022-07-12,international_cup,Qarabağ FK,KKS Lech Poznań Spółka Akcyjna,4.0,1.0,0.0,0.0,,,False
2022-07-12,international_cup,Víkingur Reykjavík,Malmö Fotbollförening,1.0,4.0,0.0,0.0,,,False
2022-07-13,international_cup,Dinamo Batumi,Slovan Bratislava,3.0,2.0,0.0,0.0,,,False
2022-07-13,international_cup,Ferencvárosi TC,Tobol Kostanay,1.0,1.0,0.0,1.0,,,False
2022-07-13,international_cup,Fotbal Club CFR 1907 Cluj SA,FC Pyunik Yerevan,1.0,3.0,0.0,0.0,,,False
2022-07-13,international_cup,KÍ Klaksvík,Fotballklubben Bodø/Glimt,1.0,0.0,0.0,0.0,,,False
2022-07-13,international_cup,Linfield FC,The New Saints,6.0,3.0,0.0,0.0,,,False
2022-07-13,UEFA Women's Euro,Netherlands Women's,Portugal Women's,,,,,7.0,4.0,False
2022-07-13,international_cup,Shakhter Soligorsk,NK Maribor,3.0,1.0,0.0,0.0,,,False
2022-07-13,UEFA Women's Euro,Sweden Women's,Switzerland Women's,,,,,3.0,2.0,False
2022-07-14,UEFA Women's Euro,France Women's,Belgium Women's,,,,,11.0,1.0,False
2022-07-14,UEFA Women's Euro,Italy Women's,Iceland Women's,,,,,6.0,1.0,False
2022-07-15,UEFA Women's Euro,Austria Women's,Norway Women's,,,,,6.0,5.0,False
2022-07-15,UEFA Women's Euro,Northern Ireland,England Women's,,,,,0.0,9.0,False
2022-07-16,UEFA Women's Euro,Denmark Women's,Spain Women's,,,,,2.0,9.0,False
2022-07-16,UEFA Women's Euro,WNT Finland,Germany Women's,,,,,0.0,13.0,False
2022-07-17,UEFA Women's Euro,Sweden Women's,Portugal Women's,,,,,7.0,2.0,False
2022-07-17,UEFA Women's Euro,Switzerland Women's,Netherlands Women's,,,,,6.0,2.0,False
2022-07-18,UEFA Women's Euro,Iceland Women's,France Women's,,,,,6.0,4.0,False
2022-07-18,UEFA Women's Euro,Italy Women's,Belgium Women's,,,,,12.0,1.0,False
2022-07-19,international_cup,FC Pyunik Yerevan,F91 Dudelange,2.0,2.0,0.0,0.0,,,False
2022-07-19,international_cup,FK Zalgiris Vilnius,Malmö Fotbollförening,1.0,1.0,0.0,0.0,,,False
2022-07-19,international_cup,Fodbold Club Midtjylland,AEK Larnaca,3.0,2.0,0.0,0.0,,,False
2022-07-19,international_cup,GNK Dinamo Zagreb,FC Shkupi,2.0,3.0,0.0,0.0,,,False
2022-07-19,international_cup,Linfield FC,Fotballklubben Bodø/Glimt,1.0,3.0,0.0,0.0,,,False
2022-07-19,international_cup,Ludogorets Razgrad,Shamrock Rovers,3.0,2.0,0.0,0.0,,,False
2022-07-19,international_cup,Qarabağ FK,FC Zürich,2.0,4.0,0.0,0.0,,,False
2022-07-20,UEFA Women's Euro,England Women's,Spain Women's,,,,,5.0,8.0,False
2022-07-20,international_cup,Ferencvárosi TC,Slovan Bratislava,1.0,1.0,0.0,0.0,,,False
2022-07-20,international_cup,Futbolniy Klub Dynamo Kyiv,Fenerbahçe Spor Kulübü,3.0,2.0,0.0,0.0,,,False
2022-07-20,international_cup,HJK Helsinki,"FC Viktoria Plzeň, a.s.",2.0,3.0,0.0,0.0,,,False
2022-07-20,international_cup,Maccabi Haifa,Olympiakos Syndesmos Filathlon Peiraios,4.0,5.0,0.0,0.0,,,False
2022-07-20,international_cup,NK Maribor,FC Sheriff Tiraspol,2.0,1.0,0.0,0.0,,,False
2022-07-21,UEFA Women's Euro,Germany Women's,Austria Women's,,,,,7.0,6.0,False
2022-07-22,UEFA Women's Euro,Sweden Women's,Belgium Women's,,,,,13.0,2.0,False
2022-07-23,UEFA Women's Euro,France Women's,Netherlands Women's,,,,,10.0,5.0,False
2022-07-26,international_cup,AEK Larnaca,Fodbold Club Midtjylland,2.0,2.0,0.0,0.0,,,False
2022-07-26,UEFA Women's Euro,England Women's,Sweden Women's,,,,,4.0,6.0,False
2022-07-26,international_cup,F91 Dudelange,FC Pyunik Yerevan,1.0,2.0,0.0,0.0,,,False
2022-07-26,international_cup,FC Sheriff Tiraspol,NK Maribor,1.0,3.0,0.0,0.0,,,False
2022-07-26,international_cup,FC Shkupi,GNK Dinamo Zagreb,5.0,4.0,0.0,0.0,,,False
2022-07-26,international_cup,"FC Viktoria Plzeň, a.s.",HJK Helsinki,1.0,0.0,0.0,0.0,,,False
2022-07-26,international_cup,Shamrock Rovers,Ludogorets Razgrad,3.0,4.0,0.0,1.0,,,False
2022-07-27,international_cup,FC Zürich,Qarabağ FK,6.0,7.0,0.0,0.0,,,False
2022-07-27,international_cup,Fenerbahçe Spor Kulübü,Futbolniy Klub Dynamo Kyiv,5.0,7.0,1.0,0.0,,,False
2022-07-27,international_cup,Fotballklubben Bodø/Glimt,Linfield FC,0.0,2.0,0.0,1.0,,,False
2022-07-27,UEFA Women's Euro,Germany Women's,France Women's,,,,,4.0,3.0,False
2022-07-27,international_cup,Malmö Fotbollförening,FK Zalgiris Vilnius,3.0,7.0,1.0,0.0,,,False
2022-07-27,international_cup,Olympiakos Syndesmos Filathlon Peiraios,Maccabi Haifa,4.0,4.0,0.0,0.0,,,False
2022-07-27,international_cup,Slovan Bratislava,Ferencvárosi TC,4.0,3.0,0.0,0.0,,,False
2022-07-31,UEFA Women's Euro,England Women's,Germany Women's,,,,,8.0,7.0,False
2022-08-02,international_cup,Association sportive de Monaco Football Club,Eindhovense Voetbalvereniging Philips Sport Vereniging,2.0,2.0,0.0,0.0,,,False
2022-08-02,international_cup,FC Sheriff Tiraspol,"FC Viktoria Plzeň, a.s.",4.0,3.0,0.0,0.0,,,False
2022-08-02,international_cup,Ludogorets Razgrad,GNK Dinamo Zagreb,3.0,1.0,0.0,0.0,,,False
2022-08-02,international_cup,Royale Union Saint-Gilloise,Rangers Football Club,1.0,4.0,0.0,0.0,,,False
2022-08-02,international_cup,Sport Lisboa e Benfica,Fodbold Club Midtjylland,2.0,0.0,0.0,0.0,,,False
2022-08-03,international_cup,Fotballklubben Bodø/Glimt,FK Zalgiris Vilnius,1.0,3.0,0.0,0.0,,,False
2022-08-03,international_cup,Fudbalski klub Crvena zvezda Beograd,FC Pyunik Yerevan,3.0,2.0,1.0,0.0,,,False
2022-08-03,international_cup,Futbolniy Klub Dynamo Kyiv,Sportklub Puntigamer Sturm Graz,2.0,3.0,0.0,0.0,,,False
2022-08-03,international_cup,Maccabi Haifa,Apollon Limassol,0.0,3.0,0.0,1.0,,,False
2022-08-03,international_cup,Qarabağ FK,Ferencvárosi TC,2.0,2.0,0.0,0.0,,,False
2022-08-09,international_cup,Apollon Limassol,Maccabi Haifa,5.0,4.0,0.0,0.0,,,False
2022-08-09,international_cup,Eindhovense Voetbalvereniging Philips Sport Vereniging,Association sportive de Monaco Football Club,4.0,4.0,0.0,0.0,,,False
2022-08-09,international_cup,FC Pyunik Yerevan,Fudbalski klub Crvena zvezda Beograd,2.0,3.0,0.0,0.0,,,False
2022-08-09,international_cup,"FC Viktoria Plzeň, a.s.",FC Sheriff Tiraspol,2.0,3.0,0.0,1.0,,,False
2022-08-09,international_cup,FK Zalgiris Vilnius,Fotballklubben Bodø/Glimt,4.0,0.0,1.0,0.0,,,False
2022-08-09,international_cup,Ferencvárosi TC,Qarabağ FK,3.0,5.0,0.0,0.0,,,False
2022-08-09,international_cup,Fodbold Club Midtjylland,Sport Lisboa e Benfica,1.0,2.0,0.0,0.0,,,False
2022-08-09,international_cup,GNK Dinamo Zagreb,Ludogorets Razgrad,4.0,3.0,0.0,3.0,,,False
2022-08-09,international_cup,Rangers Football Club,Royale Union Saint-Gilloise,5.0,5.0,0.0,1.0,,,False
2022-08-09,international_cup,Sportklub Puntigamer Sturm Graz,Futbolniy Klub Dynamo Kyiv,6.0,6.0,1.0,0.0,,,False
2022-08-10,international_cup,Real Madrid Club de Fútbol,Eintracht Frankfurt Fußball AG,0.0,1.0,0.0,0.0,,,False
2022-08-16,international_cup,Football Club København,Trabzonspor Kulübü,2.0,3.0,0.0,0.0,,,False
2022-08-16,international_cup,Fotballklubben Bodø/Glimt,GNK Dinamo Zagreb,0.0,2.0,0.0,0.0,,,False
2022-08-16,international_cup,Rangers Football Club,Eindhovense Voetbalvereniging Philips Sport Vereniging,1.0,3.0,0.0,0.0,,,False
2022-08-17,international_cup,Futbolniy Klub Dynamo Kyiv,Sport Lisboa e Benfica,1.0,0.0,0.0,0.0,,,False
2022-08-17,international_cup,Maccabi Haifa,Fudbalski klub Crvena zvezda Beograd,1.0,1.0,0.0,0.0,,,False
2022-08-17,international_cup,Qarabağ FK,"FC Viktoria Plzeň, a.s.",1.0,3.0,0.0,0.0,,,False
2022-08-23,international_cup,"FC Viktoria Plzeň, a.s.",Qarabağ FK,5.0,1.0,0.0,0.0,,,False
2022-08-23,international_cup,Fudbalski klub Crvena zvezda Beograd,Maccabi Haifa,4.0,1.0,0.0,0.0,,,False
2022-08-23,international_cup,Sport Lisboa e Benfica,Futbolniy Klub Dynamo Kyiv,1.0,1.0,0.0,0.0,,,False
2022-08-24,international_cup,Eindhovense Voetbalvereniging Philips Sport Vereniging,Rangers Football Club,5.0,3.0,0.0,0.0,,,False
2022-08-24,international_cup,GNK Dinamo Zagreb,Fotballklubben Bodø/Glimt,2.0,2.0,0.0,0.0,,,False
2022-08-24,international_cup,Trabzonspor Kulübü,Football Club København,1.0,3.0,0.0,0.0,,,False
2022-09-06,international_cup,Borussia Dortmund,Football Club København,0.0,2.0,0.0,0.0,,,False
2022-09-06,international_cup,Fußballclub Red Bull Salzburg,Associazione Calcio Milan,2.0,4.0,0.0,0.0,,,False
2022-09-06,international_cup,GNK Dinamo Zagreb,Chelsea Football Club,1.0,2.0,0.0,0.0,,,False
2022-09-06,international_cup,Paris Saint-Germain Football Club,Juventus Football Club,2.0,3.0,0.0,0.0,,,False
2022-09-06,international_cup,RasenBallsport Leipzig,FC Shakhtar Donetsk,1.0,4.0,0.0,0.0,,,False
2022-09-06,international_cup,Sevilla Fútbol Club S.A.D.,Manchester City Football Club,1.0,0.0,0.0,0.0,,,False
2022-09-06,international_cup,Sport Lisboa e Benfica,Maccabi Haifa,1.0,2.0,0.0,0.0,,,False
2022-09-06,international_cup,The Celtic Football Club,Real Madrid Club de Fútbol,1.0,1.0,0.0,0.0,,,False
2022-09-07,international_cup,AFC Ajax Amsterdam,Rangers Football Club,0.0,1.0,0.0,0.0,,,False
2022-09-07,international_cup,Club Atlético de Madrid S.A.D.,Futebol Clube do Porto,2.0,3.0,0.0,1.0,,,False
2022-09-07,international_cup,Club Brugge Koninklijke Voetbalvereniging,Bayer 04 Leverkusen Fußball,1.0,3.0,0.0,0.0,,,False
2022-09-07,international_cup,Eintracht Frankfurt Fußball AG,Sporting Clube de Portugal,2.0,1.0,0.0,0.0,,,False
2022-09-07,international_cup,Football Club Internazionale Milano S.p.A.,FC Bayern München,1.0,1.0,0.0,0.0,,,False
2022-09-07,international_cup,Futbol Club Barcelona,"FC Viktoria Plzeň, a.s.",0.0,4.0,0.0,0.0,,,False
2022-09-07,international_cup,Società Sportiva Calcio Napoli,Liverpool Football Club,1.0,2.0,0.0,0.0,,,False
2022-09-07,international_cup,Tottenham Hotspur Football Club,Olympique de Marseille,2.0,2.0,0.0,1.0,,,False
2022-09-13,international_cup,Bayer 04 Leverkusen Fußball,Club Atlético de Madrid S.A.D.,3.0,0.0,0.0,0.0,,,False
2022-09-13,international_cup,FC Bayern München,Futbol Club Barcelona,2.0,1.0,0.0,0.0,,,False
2022-09-13,international_cup,"FC Viktoria Plzeň, a.s.",Football Club Internazionale Milano S.p.A.,3.0,2.0,1.0,0.0,,,False
2022-09-13,international_cup,Futebol Clube do Porto,Club Brugge Koninklijke Voetbalvereniging,2.0,4.0,0.0,0.0,,,False
2022-09-13,international_cup,Liverpool Football Club,AFC Ajax Amsterdam,1.0,2.0,0.0,0.0,,,False
2022-09-13,international_cup,Olympique de Marseille,Eintracht Frankfurt Fußball AG,1.0,1.0,0.0,0.0,,,False
2022-09-13,international_cup,Sporting Clube de Portugal,Tottenham Hotspur Football Club,2.0,3.0,0.0,0.0,,,False
2022-09-14,international_cup,Associazione Calcio Milan,GNK Dinamo Zagreb,0.0,2.0,0.0,0.0,,,False
2022-09-14,international_cup,Chelsea Football Club,Fußballclub Red Bull Salzburg,1.0,4.0,0.0,0.0,,,False
2022-09-14,international_cup,FC Shakhtar Donetsk,The Celtic Football Club,0.0,1.0,0.0,0.0,,,False
2022-09-14,international_cup,Football Club København,Sevilla Fútbol Club S.A.D.,3.0,2.0,0.0,0.0,,,False
2022-09-14,international_cup,Juventus Football Club,Sport Lisboa e Benfica,4.0,3.0,0.0,0.0,,,False
2022-09-14,international_cup,Maccabi Haifa,Paris Saint-Germain Football Club,3.0,1.0,0.0,0.0,,,False
2022-09-14,international_cup,Manchester City Football Club,Borussia Dortmund,2.0,3.0,0.0,0.0,,,False
2022-09-14,international_cup,Rangers Football Club,Società Sportiva Calcio Napoli,5.0,1.0,1.0,0.0,,,False
2022-09-14,international_cup,Real Madrid Club de Fútbol,RasenBallsport Leipzig,1.0,3.0,0.0,0.0,,,False
2022-10-04,international_cup,AFC Ajax Amsterdam,Società Sportiva Calcio Napoli,3.0,1.0,1.0,0.0,,,False
2022-10-04,international_cup,Club Brugge Koninklijke Voetbalvereniging,Club Atlético de Madrid S.A.D.,5.0,2.0,0.0,0.0,,,False
2022-10-04,international_cup,Eintracht Frankfurt Fußball AG,Tottenham Hotspur Football Club,0.0,3.0,0.0,0.0,,,False
2022-10-04,international_cup,FC Bayern München,"FC Viktoria Plzeň, a.s.",0.0,1.0,0.0,0.0,,,False
2022-10-04,international_cup,Football Club Internazionale Milano S.p.A.,Futbol Club Barcelona,5.0,2.0,0.0,0.0,,,False
2022-10-04,international_cup,Futebol Clube do Porto,Bayer 04 Leverkusen Fußball,3.0,3.0,0.0,1.0,,,False
2022-10-04,international_cup,Liverpool Football Club,Rangers Football Club,1.0,1.0,0.0,0.0,,,False
2022-10-04,international_cup,Olympique de Marseille,Sporting Clube de Portugal,1.0,3.0,0.0,1.0,,,False
2022-10-05,international_cup,Chelsea Football Club,Associazione Calcio Milan,2.0,3.0,0.0,0.0,,,False
2022-10-05,international_cup,Fußballclub Red Bull Salzburg,GNK Dinamo Zagreb,0.0,3.0,0.0,0.0,,,False
2022-10-05,international_cup,Juventus Football Club,Maccabi Haifa,1.0,1.0,0.0,0.0,,,False
2022-10-05,international_cup,Manchester City Football Club,Football Club København,0.0,1.0,0.0,0.0,,,False
2022-10-05,international_cup,RasenBallsport Leipzig,The Celtic Football Club,1.0,1.0,0.0,0.0,,,False
2022-10-05,international_cup,Real Madrid Club de Fútbol,FC Shakhtar Donetsk,0.0,2.0,0.0,0.0,,,False
2022-10-05,international_cup,Sevilla Fútbol Club S.A.D.,Borussia Dortmund,4.0,1.0,0.0,0.0,,,False
2022-10-05,international_cup,Sport Lisboa e Benfica,Paris Saint-Germain Football Club,2.0,3.0,0.0,0.0,,,False
2022-10-11,international_cup,Associazione Calcio Milan,Chelsea Football Club,6.0,3.0,1.0,0.0,,,False
2022-10-11,international_cup,Borussia Dortmund,Sevilla Fútbol Club S.A.D.,1.0,3.0,0.0,0.0,,,False
2022-10-11,international_cup,FC Shakhtar Donetsk,Real Madrid Club de Fútbol,2.0,2.0,0.0,0.0,,,False
2022-10-11,international_cup,Football Club København,Manchester City Football Club,2.0,1.0,0.0,1.0,,,False
2022-10-11,international_cup,GNK Dinamo Zagreb,Fußballclub Red Bull Salzburg,1.0,2.0,0.0,0.0,,,False
2022-10-11,international_cup,Maccabi Haifa,Juventus Football Club,1.0,2.0,0.0,0.0,,,False
2022-10-11,international_cup,Paris Saint-Germain Football Club,Sport Lisboa e Benfica,2.0,5.0,0.0,0.0,,,False
2022-10-11,international_cup,The Celtic Football Club,RasenBallsport Leipzig,2.0,0.0,0.0,0.0,,,False
2022-10-12,international_cup,Bayer 04 Leverkusen Fußball,Futebol Clube do Porto,3.0,2.0,0.0,0.0,,,False
2022-10-12,international_cup,Club Atlético de Madrid S.A.D.,Club Brugge Koninklijke Voetbalvereniging,2.0,4.0,0.0,1.0,,,False
2022-10-12,international_cup,"FC Viktoria Plzeň, a.s.",FC Bayern München,1.0,2.0,0.0,0.0,,,False
2022-10-12,international_cup,Futbol Club Barcelona,Football Club Internazionale Milano S.p.A.,1.0,3.0,0.0,0.0,,,False
2022-10-12,international_cup,Rangers Football Club,Liverpool Football Club,0.0,1.0,0.0,0.0,,,False
2022-10-12,international_cup,Società Sportiva Calcio Napoli,AFC Ajax Amsterdam,3.0,6.0,0.0,0.0,,,False
2022-10-12,international_cup,Sporting Clube de Portugal,Olympique de Marseille,4.0,2.0,2.0,0.0,,,False
2022-10-12,international_cup,Tottenham Hotspur Football Club,Eintracht Frankfurt Fußball AG,3.0,3.0,0.0,1.0,,,False
2022-10-25,international_cup,Borussia Dortmund,Manchester City Football Club,1.0,4.0,0.0,0.0,,,False
2022-10-25,international_cup,Fußballclub Red Bull Salzburg,Chelsea Football Club,1.0,2.0,0.0,0.0,,,False
2022-10-25,international_cup,GNK Dinamo Zagreb,Associazione Calcio Milan,2.0,1.0,0.0,0.0,,,False
2022-10-25,international_cup,Paris Saint-Germain Football Club,Maccabi Haifa,2.0,4.0,0.0,0.0,,,False
2022-10-25,international_cup,RasenBallsport Leipzig,Real Madrid Club de Fútbol,0.0,1.0,0.0,0.0,,,False
2022-10-25,international_cup,Sevilla Fútbol Club S.A.D.,Football Club København,2.0,2.0,0.0,1.0,,,False
2022-10-25,international_cup,Sport Lisboa e Benfica,Juventus Football Club,1.0,1.0,0.0,0.0,,,False
2022-10-25,international_cup,The Celtic Football Club,FC Shakhtar Donetsk,0.0,4.0,0.0,0.0,,,False
2022-10-26,international_cup,AFC Ajax Amsterdam,Liverpool Football Club,0.0,0.0,0.0,0.0,,,False
2022-10-26,international_cup,Club Atlético de Madrid S.A.D.,Bayer 04 Leverkusen Fußball,2.0,3.0,0.0,0.0,,,False
2022-10-26,international_cup,Club Brugge Koninklijke Voetbalvereniging,Futebol Clube do Porto,3.0,4.0,0.0,0.0,,,False
2022-10-26,international_cup,Eintracht Frankfurt Fußball AG,Olympique de Marseille,3.0,3.0,0.0,0.0,,,False
2022-10-26,international_cup,Football Club Internazionale Milano S.p.A.,"FC Viktoria Plzeň, a.s.",0.0,2.0,0.0,0.0,,,False
2022-10-26,international_cup,Futbol Club Barcelona,FC Bayern München,1.0,3.0,0.0,0.0,,,False
2022-10-26,international_cup,Società Sportiva Calcio Napoli,Rangers Football Club,2.0,2.0,0.0,0.0,,,False
2022-10-26,international_cup,Tottenham Hotspur Football Club,Sporting Clube de Portugal,1.0,2.0,0.0,0.0,,,False
2022-11-01,international_cup,Bayer 04 Leverkusen Fußball,Club Brugge Koninklijke Voetbalvereniging,2.0,3.0,0.0,0.0,,,False
2022-11-01,international_cup,FC Bayern München,Football Club Internazionale Milano S.p.A.,3.0,2.0,0.0,0.0,,,False
2022-11-01,international_cup,"FC Viktoria Plzeň, a.s.",Futbol Club Barcelona,1.0,3.0,0.0,0.0,,,False
2022-11-01,international_cup,Futebol Clube do Porto,Club Atlético de Madrid S.A.D.,2.0,3.0,0.0,0.0,,,False
2022-11-01,international_cup,Liverpool Football Club,Società Sportiva Calcio Napoli,3.0,0.0,0.0,0.0,,,False
2022-11-01,international_cup,Olympique de Marseille,Tottenham Hotspur Football Club,1.0,2.0,0.0,0.0,,,False
2022-11-01,international_cup,Rangers Football Club,AFC Ajax Amsterdam,0.0,3.0,0.0,0.0,,,False
2022-11-01,international_cup,Sporting Clube de Portugal,Eintracht Frankfurt Fußball AG,3.0,4.0,0.0,0.0,,,False
2022-11-02,international_cup,Associazione Calcio Milan,Fußballclub Red Bull Salzburg,0.0,2.0,0.0,0.0,,,False
2022-11-02,international_cup,Chelsea Football Club,GNK Dinamo Zagreb,1.0,3.0,0.0,0.0,,,False
2022-11-02,international_cup,FC Shakhtar Donetsk,RasenBallsport Leipzig,3.0,0.0,0.0,0.0,,,False
2022-11-02,international_cup,Football Club København,Borussia Dortmund,2.0,2.0,0.0,0.0,,,False
2022-11-02,international_cup,Juventus Football Club,Paris Saint-Germain Football Club,3.0,1.0,0.0,0.0,,,False
2022-11-02,international_cup,Maccabi Haifa,Sport Lisboa e Benfica,3.0,1.0,0.0,0.0,,,False
2022-11-02,international_cup,Manchester City Football Club,Sevilla Fútbol Club S.A.D.,0.0,0.0,0.0,0.0,,,False
2022-11-02,international_cup,Real Madrid Club de Fútbol,The Celtic Football Club,0.0,2.0,0.0,0.0,,,False
2022-11-20,national_team_competition,Qatar,Ecuador,4.0,2.0,0.0,0.0,1.0,3.0,False
2022-11-21,national_team_competition,England,Iran,0.0,2.0,0.0,0.0,8.0,0.0,False
2022-11-21,national_team_competition,Senegal,Netherlands,2.0,1.0,0.0,0.0,6.0,7.0,False
2022-11-21,national_team_competition,USA,Wales,4.0,2.0,0.0,0.0,5.0,3.0,False
2022-11-22,national_team_competition,Argentina,Saudi Arabia,0.0,6.0,0.0,0.0,9.0,2.0,False
2022-11-22,national_team_competition,Denmark,Tunisia,2.0,1.0,0.0,0.0,11.0,9.0,False
2022-11-22,national_team_competition,France,Australia,0.0,3.0,0.0,0.0,8.0,1.0,False
2022-11-22,national_team_competition,Mexico,Poland,2.0,1.0,0.0,0.0,6.0,5.0,False
2022-11-23,national_team_competition,Belgium,Canada,3.0,2.0,0.0,0.0,4.0,4.0,False
2022-11-23,national_team_competition,Germany,Japan,0.0,0.0,0.0,0.0,6.0,6.0,False
2022-11-23,national_team_competition,Morocco,Croatia,1.0,0.0,0.0,0.0,0.0,5.0,False
2022-11-23,national_team_competition,Spain,Costa Rica,0.0,2.0,0.0,0.0,5.0,0.0,False
2022-11-24,national_team_competition,Brazil,Serbia,0.0,3.0,0.0,0.0,5.0,4.0,False
2022-11-24,national_team_competition,Portugal,Ghana,2.0,4.0,0.0,0.0,3.0,3.0,False
2022-11-24,national_team_competition,Switzerland,Cameroon,2.0,1.0,0.0,0.0,11.0,5.0,False
2022-11-24,national_team_competition,Uruguay,South Korea,1.0,1.0,0.0,0.0,4.0,3.0,False
2022-11-25,national_team_competition,England,USA,0.0,0.0,0.0,0.0,3.0,7.0,False
2022-11-25,national_team_competition,Netherlands,Ecuador,0.0,1.0,0.0,0.0,2.0,5.0,False
2022-11-25,national_team_competition,Qatar,Senegal,3.0,3.0,0.0,0.0,6.0,6.0,False
2022-11-25,national_team_competition,Wales,Iran,1.0,2.0,1.0,0.0,2.0,7.0,False
2022-11-26,national_team_competition,Argentina,Mexico,1.0,4.0,0.0,0.0,4.0,2.0,False
2022-11-26,national_team_competition,France,Denmark,1.0,2.0,0.0,0.0,6.0,4.0,False
2022-11-26,national_team_competition,Poland,Saudi Arabia,3.0,2.0,0.0,0.0,4.0,5.0,False
2022-11-26,national_team_competition,Tunisia,Australia,3.0,0.0,0.0,0.0,5.0,2.0,False
2022-11-27,national_team_competition,Belgium,Morocco,1.0,1.0,0.0,0.0,9.0,1.0,False
2022-11-27,national_team_competition,Croatia,Canada,2.0,2.0,0.0,0.0,5.0,2.0,False
2022-11-27,national_team_competition,Japan,Costa Rica,3.0,3.0,0.0,0.0,5.0,0.0,False
2022-11-27,national_team_competition,Spain,Germany,1.0,3.0,0.0,0.0,6.0,5.0,False
2022-11-28,national_team_competition,Brazil,Switzerland,1.0,1.0,0.0,0.0,8.0,3.0,False
2022-11-28,national_team_competition,Cameroon,Serbia,2.0,2.0,0.0,0.0,4.0,3.0,False
2022-11-28,national_team_competition,Portugal,Uruguay,3.0,2.0,0.0,0.0,6.0,2.0,False
2022-11-28,national_team_competition,South Korea,Ghana,2.0,2.0,0.0,0.0,12.0,5.0,False
2022-11-29,national_team_competition,Ecuador,Senegal,0.0,1.0,0.0,0.0,3.0,6.0,False
2022-11-29,national_team_competition,Iran,USA,3.0,1.0,0.0,0.0,1.0,5.0,False
2022-11-29,national_team_competition,Netherlands,Qatar,1.0,0.0,0.0,0.0,4.0,2.0,False
2022-11-29,national_team_competition,Wales,England,2.0,0.0,0.0,0.0,1.0,6.0,False
2022-11-30,national_team_competition,Australia,Denmark,2.0,1.0,0.0,0.0,2.0,6.0,False
2022-11-30,national_team_competition,Poland,Argentina,1.0,1.0,0.0,0.0,1.0,8.0,False
2022-11-30,national_team_competition,Saudi Arabia,Mexico,6.0,1.0,0.0,0.0,1.0,8.0,False
2022-11-30,national_team_competition,Tunisia,France,1.0,0.0,0.0,0.0,7.0,8.0,False
2022-12-01,national_team_competition,Canada,Morocco,4.0,0.0,0.0,0.0,6.0,2.0,False
2022-12-01,national_team_competition,Costa Rica,Germany,1.0,0.0,0.0,0.0,1.0,14.0,False
2022-12-01,national_team_competition,Croatia,Belgium,0.0,1.0,0.0,0.0,2.0,4.0,False
2022-12-01,national_team_competition,Japan,Spain,3.0,0.0,0.0,0.0,0.0,2.0,False
2022-12-02,national_team_competition,Cameroon,Brazil,4.0,2.0,1.0,0.0,3.0,11.0,False
2022-12-02,national_team_competition,Ghana,Uruguay,2.0,5.0,0.0,0.0,5.0,2.0,False
2022-12-02,national_team_competition,Serbia,Switzerland,7.0,4.0,0.0,0.0,2.0,0.0,False
2022-12-02,national_team_competition,South Korea,Portugal,2.0,0.0,0.0,0.0,5.0,4.0,False
2022-12-03,national_team_competition,Argentina,Australia,0.0,2.0,0.0,0.0,1.0,3.0,False
2022-12-03,national_team_competition,Netherlands,USA,2.0,0.0,0.0,0.0,4.0,5.0,False
2022-12-04,national_team_competition,England,Senegal,0.0,1.0,0.0,0.0,3.0,3.0,False
2022-12-04,national_team_competition,France,Poland,1.0,2.0,0.0,0.0,7.0,1.0,False
2022-12-05,national_team_competition,Brazil,South Korea,0.0,1.0,0.0,0.0,5.0,4.0,False
2022-12-05,national_team_competition,Japan,Croatia,0.0,2.0,0.0,0.0,8.0,5.0,True
2022-12-06,national_team_competition,Morocco,Spain,1.0,1.0,0.0,0.0,0.0,8.0,True
2022-12-06,national_team_competition,Portugal,Switzerland,0.0,2.0,0.0,0.0,6.0,6.0,False
2022-12-09,national_team_competition,Croatia,Brazil,2.0,3.0,0.0,0.0,3.0,7.0,True
2022-12-09,national_team_competition,Netherlands,Argentina,7.0,8.0,1.0,0.0,2.0,8.0,True
2022-12-10,national_team_competition,England,France,1.0,3.0,0.0,0.0,5.0,2.0,False
2022-12-10,national_team_competition,Morocco,Portugal,2.0,1.0,1.0,0.0,3.0,9.0,False
2022-12-13,national_team_competition,Argentina,Croatia,2.0,2.0,0.0,0.0,2.0,4.0,False
2022-12-14,national_team_competition,France,Morocco,0.0,1.0,0.0,0.0,2.0,3.0,False
2022-12-17,national_team_competition,Croatia,Morocco,0.0,2.0,0.0,0.0,6.0,3.0,False
2022-12-18,national_team_competition,Argentina,France,5.0,3.0,0.0,0.0,6.0,5.0,True
2023-02-14,international_cup,Associazione Calcio Milan,Tottenham Hotspur Football Club,2.0,2.0,0.0,0.0,,,False
2023-02-14,international_cup,Paris Saint-Germain Football Club,FC Bayern München,2.0,1.0,0.0,1.0,,,False
2023-02-15,international_cup,Borussia Dortmund,Chelsea Football Club,6.0,4.0,0.0,0.0,,,False
2023-02-15,international_cup,Club Brugge Koninklijke Voetbalvereniging,Sport Lisboa e Benfica,2.0,1.0,0.0,0.0,,,False
2023-02-21,international_cup,Eintracht Frankfurt Fußball AG,Società Sportiva Calcio Napoli,1.0,2.0,1.0,0.0,,,False
2023-02-21,international_cup,Liverpool Football Club,Real Madrid Club de Fútbol,1.0,1.0,0.0,0.0,,,False
2023-02-22,international_cup,Football Club Internazionale Milano S.p.A.,Futebol Clube do Porto,1.0,2.0,0.0,1.0,,,False
2023-02-22,international_cup,RasenBallsport Leipzig,Manchester City Football Club,1.0,0.0,0.0,0.0,,,False
2023-03-07,international_cup,Chelsea Football Club,Borussia Dortmund,4.0,3.0,0.0,0.0,,,False
2023-03-07,international_cup,Sport Lisboa e Benfica,Club Brugge Koninklijke Voetbalvereniging,1.0,4.0,0.0,0.0,,,False
2023-03-08,international_cup,FC Bayern München,Paris Saint-Germain Football Club,0.0,1.0,0.0,0.0,,,False
2023-03-08,international_cup,Tottenham Hotspur Football Club,Associazione Calcio Milan,3.0,1.0,1.0,0.0,,,False
2023-03-14,international_cup,Futebol Clube do Porto,Football Club Internazionale Milano S.p.A.,1.0,3.0,1.0,0.0,,,False
2023-03-14,international_cup,Manchester City Football Club,RasenBallsport Leipzig,2.0,2.0,0.0,0.0,,,False
2023-03-15,international_cup,Real Madrid Club de Fútbol,Liverpool Football Club,0.0,1.0,0.0,0.0,,,False
2023-03-15,international_cup,Società Sportiva Calcio Napoli,Eintracht Frankfurt Fußball AG,1.0,3.0,0.0,0.0,,,False
2023-04-11,international_cup,Manchester City Football Club,FC Bayern München,1.0,2.0,0.0,0.0,,,False
2023-04-11,international_cup,Sport Lisboa e Benfica,Football Club Internazionale Milano S.p.A.,1.0,2.0,0.0,0.0,,,False
2023-04-12,international_cup,Associazione Calcio Milan,Società Sportiva Calcio Napoli,3.0,5.0,0.0,1.0,,,False
2023-04-12,international_cup,Real Madrid Club de Fútbol,Chelsea Football Club,3.0,2.0,0.0,1.0,,,False
2023-04-18,international_cup,Chelsea Football Club,Real Madrid Club de Fútbol,3.0,1.0,0.0,0.0,,,False
2023-04-18,international_cup,Società Sportiva Calcio Napoli,Associazione Calcio Milan,2.0,2.0,0.0,0.0,,,False
2023-04-19,international_cup,FC Bayern München,Manchester City Football Club,6.0,4.0,0.0,0.0,,,False
2023-04-19,international_cup,Football Club Internazionale Milano S.p.A.,Sport Lisboa e Benfica,0.0,3.0,0.0,0.0,,,False
2023-05-09,international_cup,Real Madrid Club de Fútbol,Manchester City Football Club,2.0,2.0,0.0,0.0,,,False
2023-05-10,international_cup,Associazione Calcio Milan,Football Club Internazionale Milano S.p.A.,2.0,1.0,0.0,0.0,,,False
2023-05-16,international_cup,Football Club Internazionale Milano S.p.A.,Associazione Calcio Milan,2.0,4.0,0.0,0.0,,,False
2023-05-17,international_cup,Manchester City Football Club,Real Madrid Club de Fútbol,3.0,2.0,0.0,0.0,,,False
2023-06-10,international_cup,Manchester City Football Club,Football Club Internazionale Milano S.p.A.,2.0,3.0,0.0,0.0,,,False
2023-06-27,international_cup,Atlètic Club d'Escaldes,Buducnost Podgorica,1.0,3.0,0.0,0.0,,,False
2023-06-27,international_cup,SP Tre Penne,Breidablik Kópavogur,3.0,1.0,0.0,0.0,,,False
2023-06-30,international_cup,Buducnost Podgorica,Breidablik Kópavogur,2.0,0.0,1.0,0.0,,,False
2023-07-11,international_cup,FC Ballkani,Ludogorets Razgrad,2.0,1.0,0.0,0.0,,,False
2023-07-11,international_cup,FC Urartu Yerevan,HSK Zrinjski Mostar,2.0,5.0,0.0,0.0,,,False
2023-07-11,international_cup,FK Partizani,BATE Borisov,1.0,1.0,0.0,0.0,,,False
2023-07-11,international_cup,FK Zalgiris Vilnius,Struga Trim & Lum,1.0,1.0,0.0,0.0,,,False
2023-07-11,international_cup,Hamrun Spartans,Maccabi Haifa,2.0,0.0,0.0,0.0,,,False
2023-07-11,international_cup,KÍ Klaksvík,Ferencvárosi TC,2.0,3.0,0.0,0.0,,,False
2023-07-11,international_cup,Lincoln Red Imps FC,Qarabağ FK,3.0,0.0,0.0,0.0,,,False
2023-07-11,international_cup,NK Olimpija Ljubljana,Valmiera FC,0.0,1.0,0.0,0.0,,,False
2023-07-11,international_cup,RKS Raków Częstochowa SA,FC Flora Tallinn,1.0,2.0,0.0,0.0,,,False
2023-07-11,international_cup,Shamrock Rovers,Breidablik Kópavogur,2.0,0.0,0.0,0.0,,,False
2023-07-12,international_cup,BK Häcken,The New Saints,0.0,3.0,0.0,0.0,,,False
2023-07-12,international_cup,F.C.V. Farul Constanța SA,FC Sheriff Tiraspol,3.0,3.0,0.0,0.0,,,False
2023-07-12,international_cup,FC Astana,Dinamo Tbilisi,0.0,1.0,0.0,0.0,,,False
2023-07-12,international_cup,HJK Helsinki,Larne FC,1.0,4.0,0.0,0.0,,,False
2023-07-12,international_cup,Slovan Bratislava,Swift Hesperange,3.0,5.0,1.0,0.0,,,False
2023-07-18,international_cup,BATE Borisov,FK Partizani,0.0,2.0,0.0,0.0,,,False
2023-07-18,international_cup,Breidablik Kópavogur,Shamrock Rovers,1.0,0.0,0.0,0.0,,,False
2023-07-18,international_cup,FC Flora Tallinn,RKS Raków Częstochowa SA,1.0,1.0,0.0,0.0,,,False
2023-07-18,international_cup,FC Sheriff Tiraspol,F.C.V. Farul Constanța SA,2.0,2.0,0.0,0.0,,,False
2023-07-18,international_cup,HSK Zrinjski Mostar,FC Urartu Yerevan,1.0,4.0,0.0,0.0,,,False
2023-07-18,international_cup,Maccabi Haifa,Hamrun Spartans,1.0,2.0,0.0,0.0,,,False
2023-07-18,international_cup,Struga Trim & Lum,FK Zalgiris Vilnius,2.0,0.0,0.0,0.0,,,False
2023-07-18,international_cup,The New Saints,BK Häcken,2.0,1.0,0.0,0.0,,,False
2023-07-19,international_cup,Dinamo Tbilisi,FC Astana,0.0,0.0,0.0,0.0,,,False
2023-07-19,international_cup,Ferencvárosi TC,KÍ Klaksvík,3.0,0.0,0.0,0.0,,,False
2023-07-19,international_cup,Larne FC,HJK Helsinki,3.0,4.0,0.0,0.0,,,False
2023-07-19,international_cup,Ludogorets Razgrad,FC Ballkani,4.0,1.0,0.0,0.0,,,False
2023-07-19,international_cup,Qarabağ FK,Lincoln Red Imps FC,0.0,2.0,0.0,0.0,,,False
2023-07-19,international_cup,Swift Hesperange,Slovan Bratislava,1.0,3.0,0.0,0.0,,,False
2023-07-19,international_cup,Valmiera FC,NK Olimpija Ljubljana,0.0,1.0,0.0,0.0,,,False
2023-07-20,Women's World Cup,Australia Women's,Republic of Ireland Women's,,,,,6.0,7.0,False
2023-07-20,Women's World Cup,New Zealand Women's,Norway Women's,,,,,8.0,2.0,False
2023-07-21,Women's World Cup,Nigeria Women's,Canada Women's,,,,,6.0,7.0,False
2023-07-21,Women's World Cup,Philippines Women's,Switzerland Women's,,,,,0.0,3.0,False
2023-07-21,Women's World Cup,Spain Women's,Costa Rica Women's,,,,,22.0,1.0,False
2023-07-22,Women's World Cup,Denmark Women's,China PR Women's,,,,,6.0,4.0,False
2023-07-22,Women's World Cup,England Women's,Haiti Women's,,,,,7.0,3.0,False
2023-07-22,Women's World Cup,United States Women's,Vietnam Women's,,,,,9.0,0.0,False
2023-07-22,Women's World Cup,Zambia Women's,Japan Women's,,,,,1.0,6.0,False
2023-07-23,Women's World Cup,France Women's,Jamaica Women's,,,,,12.0,2.0,False
2023-07-23,Women's World Cup,Netherlands Women's,Portugal Women's,,,,,3.0,1.0,False
2023-07-23,Women's World Cup,Sweden Women's,South Africa Women's,,,,,13.0,1.0,False
2023-07-24,Women's World Cup,Brazil Women's,Panama Women's,,,,,13.0,1.0,False
2023-07-24,Women's World Cup,Germany Women's,Morocco Women's,,,,,6.0,2.0,False
2023-07-24,Women's World Cup,Italy Women's,Argentina Women's,,,,,5.0,2.0,False
2023-07-25,international_cup,Breidablik Kópavogur,Football Club København,1.0,1.0,0.0,0.0,,,False
2023-07-25,Women's World Cup,Colombia Women's,Korea Republic Women's,,,,,4.0,3.0,False
2023-07-25,international_cup,FK Zalgiris Vilnius,Galatasaray Spor Kulübü,3.0,1.0,1.0,0.0,,,False
2023-07-25,international_cup,GNK Dinamo Zagreb,FC Astana,0.0,1.0,0.0,0.0,,,False
2023-07-25,international_cup,HJK Helsinki,Molde Fotballklubb,0.0,2.0,0.0,0.0,,,False
2023-07-25,international_cup,HSK Zrinjski Mostar,Slovan Bratislava,3.0,3.0,0.0,0.0,,,False
2023-07-25,Women's World Cup,New Zealand Women's,Philippines Women's,,,,,7.0,0.0,False
2023-07-25,international_cup,SC Dnipro-1,Panathinaikos Athlitikos Omilos,1.0,0.0,0.0,0.0,,,False
2023-07-25,international_cup,Servette Football Club 1890 SA,Koninklijke Racing Club Genk,3.0,3.0,0.0,0.0,,,False
2023-07-25,Women's World Cup,Switzerland Women's,Norway Women's,,,,,2.0,7.0,False
2023-07-26,international_cup,Aris Limassol,BATE Borisov,0.0,3.0,0.0,0.0,,,False
2023-07-26,Women's World Cup,Canada Women's,Republic of Ireland Women's,,,,,3.0,5.0,False
2023-07-26,international_cup,FC Sheriff Tiraspol,Maccabi Haifa,2.0,3.0,0.0,0.0,,,False
2023-07-26,Women's World Cup,Japan Women's,Costa Rica Women's,,,,,9.0,0.0,False
2023-07-26,international_cup,KÍ Klaksvík,BK Häcken,1.0,1.0,0.0,0.0,,,False
2023-07-26,international_cup,Ludogorets Razgrad,NK Olimpija Ljubljana,2.0,5.0,0.0,0.0,,,False
2023-07-26,international_cup,RKS Raków Częstochowa SA,Qarabağ FK,1.0,3.0,0.0,0.0,,,False
2023-07-26,Women's World Cup,Spain Women's,Zambia Women's,,,,,9.0,3.0,False
2023-07-27,Women's World Cup,Australia Women's,Nigeria Women's,,,,,15.0,2.0,False
2023-07-27,Women's World Cup,Portugal Women's,Vietnam Women's,,,,,9.0,1.0,False
2023-07-27,Women's World Cup,United States Women's,Netherlands Women's,,,,,11.0,1.0,False
2023-07-28,Women's World Cup,Argentina Women's,South Africa Women's,,,,,4.0,3.0,False
2023-07-28,Women's World Cup,China PR Women's,Haiti Women's,,,,,4.0,4.0,False
2023-07-28,Women's World Cup,England Women's,Denmark Women's,,,,,9.0,2.0,False
2023-07-29,Women's World Cup,France Women's,Brazil Women's,,,,,5.0,3.0,False
2023-07-29,Women's World Cup,Panama Women's,Jamaica Women's,,,,,7.0,9.0,False
2023-07-29,Women's World Cup,Sweden Women's,Italy Women's,,,,,7.0,3.0,False
2023-07-30,Women's World Cup,Germany Women's,Colombia Women's,,,,,4.0,6.0,False
2023-07-30,Women's World Cup,Korea Republic Women's,Morocco Women's,,,,,6.0,3.0,False
2023-07-30,Women's World Cup,Norway Women's,Philippines Women's,,,,,8.0,3.0,False
2023-07-30,Women's World Cup,Switzerland Women's,New Zealand Women's,,,,,4.0,5.0,False
2023-07-31,Women's World Cup,Canada Women's,Australia Women's,,,,,5.0,4.0,False
2023-07-31,Women's World Cup,Costa Rica Women's,Zambia Women's,,,,,3.0,7.0,False
2023-07-31,Women's World Cup,Japan Women's,Spain Women's,,,,,0.0,3.0,False
2023-07-31,Women's World Cup,Republic of Ireland Women's,Nigeria Women's,,,,,2.0,3.0,False
2023-08-01,international_cup,BATE Borisov,Aris Limassol,3.0,2.0,0.0,0.0,,,False
2023-08-01,Women's World Cup,China PR Women's,England Women's,,,,,3.0,4.0,False
2023-08-01,Women's World Cup,Haiti Women's,Denmark Women's,,,,,7.0,5.0,False
2023-08-01,international_cup,NK Olimpija Ljubljana,Ludogorets Razgrad,5.0,3.0,0.0,1.0,,,False
2023-08-01,international_cup,Panathinaikos Athlitikos Omilos,SC Dnipro-1,2.0,4.0,0.0,1.0,,,False
2023-08-01,Women's World Cup,Portugal Women's,United States Women's,,,,,1.0,6.0,False
2023-08-01,international_cup,Slovan Bratislava,HSK Zrinjski Mostar,4.0,5.0,0.0,0.0,,,False
2023-08-01,Women's World Cup,Vietnam Women's,Netherlands Women's,,,,,3.0,9.0,False
2023-08-02,Women's World Cup,Argentina Women's,Sweden Women's,,,,,1.0,4.0,False
2023-08-02,international_cup,BK Häcken,KÍ Klaksvík,2.0,2.0,0.0,0.0,,,False
2023-08-02,international_cup,FC Astana,GNK Dinamo Zagreb,2.0,1.0,0.0,0.0,,,False
2023-08-02,international_cup,Football Club København,Breidablik Kópavogur,1.0,3.0,0.0,0.0,,,False
2023-08-02,international_cup,Galatasaray Spor Kulübü,FK Zalgiris Vilnius,2.0,3.0,0.0,0.0,,,False
2023-08-02,Women's World Cup,Jamaica Women's,Brazil Women's,,,,,0.0,6.0,False
2023-08-02,international_cup,Koninklijke Racing Club Genk,Servette Football Club 1890 SA,2.0,7.0,0.0,1.0,,,False
2023-08-02,international_cup,Maccabi Haifa,FC Sheriff Tiraspol,6.0,5.0,0.0,2.0,,,False
2023-08-02,international_cup,Molde Fotballklubb,HJK Helsinki,1.0,1.0,0.0,0.0,,,False
2023-08-02,Women's World Cup,Panama Women's,France Women's,,,,,0.0,11.0,False
2023-08-02,international_cup,Qarabağ FK,RKS Raków Częstochowa SA,3.0,2.0,0.0,0.0,,,False
2023-08-02,Women's World Cup,South Africa Women's,Italy Women's,,,,,5.0,5.0,False
2023-08-03,Women's World Cup,Korea Republic Women's,Germany Women's,,,,,2.0,2.0,False
2023-08-03,Women's World Cup,Morocco Women's,Colombia Women's,,,,,4.0,3.0,False
2023-08-05,Women's World Cup,Japan Women's,Norway Women's,,,,,6.0,1.0,False
2023-08-05,Women's World Cup,Switzerland Women's,Spain Women's,,,,,0.0,11.0,False
2023-08-06,Women's World Cup,Netherlands Women's,South Africa Women's,,,,,6.0,5.0,False
2023-08-06,Women's World Cup,Sweden Women's,United States Women's,,,,,3.0,9.0,False
2023-08-07,Women's World Cup,Australia Women's,Denmark Women's,,,,,4.0,2.0,False
2023-08-07,Women's World Cup,England Women's,Nigeria Women's,,,,,6.0,5.0,False
2023-08-08,Women's World Cup,Colombia Women's,Jamaica Women's,,,,,7.0,3.0,False
2023-08-08,international_cup,Eindhovense Voetbalvereniging Philips Sport Vereniging,Sportklub Puntigamer Sturm Graz,0.0,0.0,0.0,0.0,,,False
2023-08-08,international_cup,Football Club København,"AC Sparta Praha, a. s.",4.0,3.0,0.0,0.0,,,False
2023-08-08,Women's World Cup,France Women's,Morocco Women's,,,,,0.0,2.0,False
2023-08-08,international_cup,KÍ Klaksvík,Molde Fotballklubb,2.0,2.0,0.0,0.0,,,False
2023-08-08,international_cup,NK Olimpija Ljubljana,Galatasaray Spor Kulübü,2.0,2.0,0.0,0.0,,,False
2023-08-08,international_cup,RKS Raków Częstochowa SA,Aris Limassol,2.0,1.0,0.0,0.0,,,False
2023-08-08,international_cup,Sporting Clube de Braga,Fudbalski klub TSC Bačka Topola,1.0,2.0,0.0,0.0,,,False
2023-08-09,international_cup,Panathinaikos Athlitikos Omilos,Olympique de Marseille,3.0,3.0,0.0,1.0,,,False
2023-08-09,international_cup,Rangers Football Club,Servette Football Club 1890 SA,2.0,1.0,0.0,1.0,,,False
2023-08-09,international_cup,Slovan Bratislava,Maccabi Haifa,0.0,2.0,0.0,0.0,,,False
2023-08-11,Women's World Cup,Japan Women's,Sweden Women's,,,,,4.0,3.0,False
2023-08-11,Women's World Cup,Spain Women's,Netherlands Women's,,,,,8.0,2.0,False
2023-08-12,Women's World Cup,Australia Women's,France Women's,,,,,8.0,12.0,False
2023-08-12,Women's World Cup,England Women's,Colombia Women's,,,,,5.0,3.0,False
2023-08-15,international_cup,"AC Sparta Praha, a. s.",Football Club København,3.0,3.0,0.0,0.0,,,False
2023-08-15,international_cup,Aris Limassol,RKS Raków Częstochowa SA,1.0,1.0,0.0,0.0,,,False
2023-08-15,international_cup,Fudbalski klub TSC Bačka Topola,Sporting Clube de Braga,2.0,0.0,0.0,0.0,,,False
2023-08-15,international_cup,GNK Dinamo Zagreb,Athlitiki Enosi Konstantinoupoleos,1.0,2.0,0.0,0.0,,,False
2023-08-15,international_cup,Galatasaray Spor Kulübü,NK Olimpija Ljubljana,1.0,2.0,1.0,0.0,,,False
2023-08-15,international_cup,Maccabi Haifa,Slovan Bratislava,4.0,2.0,0.0,0.0,,,False
2023-08-15,international_cup,Molde Fotballklubb,KÍ Klaksvík,3.0,3.0,0.0,0.0,,,False
2023-08-15,international_cup,Olympique de Marseille,Panathinaikos Athlitikos Omilos,2.0,6.0,0.0,0.0,,,False
2023-08-15,international_cup,Servette Football Club 1890 SA,Rangers Football Club,3.0,0.0,0.0,0.0,,,False
2023-08-15,Women's World Cup,Spain Women's,Sweden Women's,,,,,3.0,3.0,False
2023-08-15,international_cup,Sportklub Puntigamer Sturm Graz,Eindhovense Voetbalvereniging Philips Sport Vereniging,3.0,0.0,0.0,0.0,,,False
2023-08-16,Women's World Cup,Australia Women's,England Women's,,,,,6.0,5.0,False
2023-08-16,international_cup,Manchester City Football Club,Sevilla Fútbol Club S.A.D.,0.0,3.0,0.0,0.0,,,False
2023-08-19,international_cup,Athlitiki Enosi Konstantinoupoleos,GNK Dinamo Zagreb,1.0,4.0,0.0,0.0,,,False
2023-08-19,Women's World Cup,Sweden Women's,Australia Women's,,,,,0.0,3.0,False
2023-08-20,Women's World Cup,Spain Women's,England Women's,,,,,7.0,3.0,False
2023-08-22,international_cup,RKS Raków Częstochowa SA,Football Club København,0.0,2.0,0.0,0.0,,,False
2023-08-22,international_cup,Rangers Football Club,Eindhovense Voetbalvereniging Philips Sport Vereniging,4.0,1.0,0.0,0.0,,,False
2023-08-22,international_cup,Royal Antwerp Football Club,Athlitiki Enosi Konstantinoupoleos,2.0,2.0,1.0,0.0,,,False
2023-08-23,international_cup,Maccabi Haifa,Berner Sport Club Young Boys,4.0,3.0,0.0,0.0,,,False
2023-08-23,international_cup,Molde Fotballklubb,Galatasaray Spor Kulübü,3.0,1.0,0.0,0.0,,,False
2023-08-23,international_cup,Sporting Clube de Braga,Panathinaikos Athlitikos Omilos,2.0,3.0,0.0,0.0,,,False
2023-08-29,international_cup,Berner Sport Club Young Boys,Maccabi Haifa,1.0,1.0,0.0,0.0,,,False
2023-08-29,international_cup,Galatasaray Spor Kulübü,Molde Fotballklubb,2.0,3.0,0.0,0.0,,,False
2023-08-29,international_cup,Panathinaikos Athlitikos Omilos,Sporting Clube de Braga,2.0,3.0,1.0,0.0,,,False
2023-08-30,international_cup,Athlitiki Enosi Konstantinoupoleos,Royal Antwerp Football Club,1.0,0.0,0.0,0.0,,,False
2023-08-30,international_cup,Eindhovense Voetbalvereniging Philips Sport Vereniging,Rangers Football Club,2.0,1.0,0.0,0.0,,,False
2023-08-30,international_cup,Football Club København,RKS Raków Częstochowa SA,4.0,3.0,0.0,0.0,,,False
2023-09-19,international_cup,Associazione Calcio Milan,Newcastle United Football Club,4.0,1.0,0.0,0.0,,,False
2023-09-19,international_cup,Berner Sport Club Young Boys,RasenBallsport Leipzig,3.0,4.0,0.0,0.0,,,False
2023-09-19,international_cup,FC Shakhtar Donetsk,Futebol Clube do Porto,3.0,2.0,0.0,0.0,,,False
2023-09-19,international_cup,Feyenoord Rotterdam,The Celtic Football Club,1.0,2.0,0.0,2.0,,,False
2023-09-19,international_cup,Futbol Club Barcelona,Royal Antwerp Football Club,1.0,0.0,0.0,0.0,,,False
2023-09-19,international_cup,Manchester City Football Club,Fudbalski klub Crvena zvezda Beograd,2.0,2.0,0.0,0.0,,,False
2023-09-19,international_cup,Paris Saint-Germain Football Club,Borussia Dortmund,0.0,3.0,0.0,0.0,,,False
2023-09-19,international_cup,Società Sportiva Lazio S.p.A.,Club Atlético de Madrid S.A.D.,2.0,3.0,0.0,0.0,,,False
2023-09-20,international_cup,Arsenal Football Club,Eindhovense Voetbalvereniging Philips Sport Vereniging,1.0,3.0,0.0,0.0,,,False
2023-09-20,international_cup,FC Bayern München,Manchester United Football Club,1.0,1.0,0.0,0.0,,,False
2023-09-20,international_cup,Galatasaray Spor Kulübü,Football Club København,2.0,4.0,0.0,1.0,,,False
2023-09-20,international_cup,Real Madrid Club de Fútbol,1. Fußballclub Union Berlin,1.0,1.0,0.0,0.0,,,False
2023-09-20,international_cup,Real Sociedad de Fútbol S.A.D.,Football Club Internazionale Milano S.p.A.,3.0,3.0,0.0,0.0,,,False
2023-09-20,international_cup,Sevilla Fútbol Club S.A.D.,Racing Club de Lens,3.0,5.0,0.0,0.0,,,False
2023-09-20,international_cup,Sport Lisboa e Benfica,Fußballclub Red Bull Salzburg,3.0,4.0,1.0,0.0,,,False
2023-09-20,international_cup,Sporting Clube de Braga,Società Sportiva Calcio Napoli,3.0,6.0,0.0,0.0,,,False
2023-10-03,international_cup,1. Fußballclub Union Berlin,Sporting Clube de Braga,3.0,3.0,0.0,0.0,,,False
2023-10-03,international_cup,Eindhovense Voetbalvereniging Philips Sport Vereniging,Sevilla Fútbol Club S.A.D.,3.0,2.0,0.0,0.0,,,False
2023-10-03,international_cup,Football Club Internazionale Milano S.p.A.,Sport Lisboa e Benfica,4.0,0.0,0.0,0.0,,,False
2023-10-03,international_cup,Football Club København,FC Bayern München,3.0,1.0,0.0,0.0,,,False
2023-10-03,international_cup,Fußballclub Red Bull Salzburg,Real Sociedad de Fútbol S.A.D.,3.0,2.0,0.0,0.0,,,False
2023-10-03,international_cup,Manchester United Football Club,Galatasaray Spor Kulübü,2.0,3.0,1.0,0.0,,,False
2023-10-03,international_cup,Racing Club de Lens,Arsenal Football Club,1.0,1.0,0.0,0.0,,,False
2023-10-03,international_cup,Società Sportiva Calcio Napoli,Real Madrid Club de Fútbol,1.0,3.0,0.0,0.0,,,False
2023-10-04,international_cup,Borussia Dortmund,Associazione Calcio Milan,3.0,2.0,0.0,0.0,,,False
2023-10-04,international_cup,Club Atlético de Madrid S.A.D.,Feyenoord Rotterdam,4.0,1.0,0.0,0.0,,,False
2023-10-04,international_cup,Fudbalski klub Crvena zvezda Beograd,Berner Sport Club Young Boys,6.0,3.0,0.0,0.0,,,False
2023-10-04,international_cup,Futebol Clube do Porto,Futbol Club Barcelona,1.0,6.0,0.0,1.0,,,False
2023-10-04,international_cup,Newcastle United Football Club,Paris Saint-Germain Football Club,3.0,4.0,0.0,0.0,,,False
2023-10-04,international_cup,RasenBallsport Leipzig,Manchester City Football Club,2.0,1.0,0.0,0.0,,,False
2023-10-04,international_cup,Royal Antwerp Football Club,FC Shakhtar Donetsk,3.0,3.0,0.0,0.0,,,False
2023-10-04,international_cup,The Celtic Football Club,Società Sportiva Lazio S.p.A.,2.0,4.0,0.0,0.0,,,False
2023-10-24,international_cup,1. Fußballclub Union Berlin,Società Sportiva Calcio Napoli,3.0,1.0,0.0,0.0,,,False
2023-10-24,international_cup,Football Club Internazionale Milano S.p.A.,Fußballclub Red Bull Salzburg,1.0,2.0,0.0,0.0,,,False
2023-10-24,international_cup,Galatasaray Spor Kulübü,FC Bayern München,2.0,3.0,0.0,0.0,,,False
2023-10-24,international_cup,Manchester United Football Club,Football Club København,2.0,0.0,0.0,0.0,,,False
2023-10-24,international_cup,Racing Club de Lens,Eindhovense Voetbalvereniging Philips Sport Vereniging,4.0,3.0,0.0,0.0,,,False
2023-10-24,international_cup,Sevilla Fútbol Club S.A.D.,Arsenal Football Club,2.0,1.0,0.0,0.0,,,False
2023-10-24,international_cup,Sport Lisboa e Benfica,Real Sociedad de Fútbol S.A.D.,1.0,2.0,0.0,0.0,,,False
2023-10-24,international_cup,Sporting Clube de Braga,Real Madrid Club de Fútbol,0.0,2.0,0.0,0.0,,,False
2023-10-25,international_cup,Berner Sport Club Young Boys,Manchester City Football Club,2.0,0.0,0.0,0.0,,,False
2023-10-25,international_cup,Feyenoord Rotterdam,Società Sportiva Lazio S.p.A.,5.0,7.0,0.0,0.0,,,False
2023-10-25,international_cup,Futbol Club Barcelona,FC Shakhtar Donetsk,2.0,3.0,0.0,0.0,,,False
2023-10-25,international_cup,Newcastle United Football Club,Borussia Dortmund,1.0,1.0,0.0,0.0,,,False
2023-10-25,international_cup,Paris Saint-Germain Football Club,Associazione Calcio Milan,2.0,4.0,0.0,0.0,,,False
2023-10-25,international_cup,RasenBallsport Leipzig,Fudbalski klub Crvena zvezda Beograd,1.0,4.0,0.0,0.0,,,False
2023-10-25,international_cup,Royal Antwerp Football Club,Futebol Clube do Porto,2.0,3.0,0.0,0.0,,,False
2023-10-25,international_cup,The Celtic Football Club,Club Atlético de Madrid S.A.D.,3.0,4.0,0.0,1.0,,,False
2023-11-07,international_cup,Associazione Calcio Milan,Paris Saint-Germain Football Club,1.0,5.0,0.0,0.0,,,False
2023-11-07,international_cup,Borussia Dortmund,Newcastle United Football Club,0.0,1.0,0.0,0.0,,,False
2023-11-07,international_cup,Club Atlético de Madrid S.A.D.,The Celtic Football Club,1.0,1.0,0.0,1.0,,,False
2023-11-07,international_cup,FC Shakhtar Donetsk,Futbol Club Barcelona,1.0,1.0,0.0,0.0,,,False
2023-11-07,international_cup,Fudbalski klub Crvena zvezda Beograd,RasenBallsport Leipzig,6.0,3.0,0.0,0.0,,,False
2023-11-07,international_cup,Futebol Clube do Porto,Royal Antwerp Football Club,2.0,3.0,0.0,1.0,,,False
2023-11-07,international_cup,Manchester City Football Club,Berner Sport Club Young Boys,0.0,3.0,0.0,1.0,,,False
2023-11-07,international_cup,Società Sportiva Lazio S.p.A.,Feyenoord Rotterdam,2.0,3.0,0.0,0.0,,,False
2023-11-08,international_cup,Arsenal Football Club,Sevilla Fútbol Club S.A.D.,2.0,3.0,0.0,0.0,,,False
2023-11-08,international_cup,Eindhovense Voetbalvereniging Philips Sport Vereniging,Racing Club de Lens,2.0,7.0,0.0,1.0,,,False
2023-11-08,international_cup,FC Bayern München,Galatasaray Spor Kulübü,1.0,3.0,0.0,0.0,,,False
2023-11-08,international_cup,Football Club København,Manchester United Football Club,1.0,1.0,0.0,1.0,,,False
2023-11-08,international_cup,Fußballclub Red Bull Salzburg,Football Club Internazionale Milano S.p.A.,2.0,2.0,0.0,0.0,,,False
2023-11-08,international_cup,Real Madrid Club de Fútbol,Sporting Clube de Braga,1.0,0.0,0.0,0.0,,,False
2023-11-08,international_cup,Real Sociedad de Fútbol S.A.D.,Sport Lisboa e Benfica,2.0,1.0,0.0,0.0,,,False
2023-11-08,international_cup,Società Sportiva Calcio Napoli,1. Fußballclub Union Berlin,1.0,3.0,0.0,0.0,,,False
2023-11-28,international_cup,Associazione Calcio Milan,Borussia Dortmund,1.0,1.0,0.0,0.0,,,False
2023-11-28,international_cup,Berner Sport Club Young Boys,Fudbalski klub Crvena zvezda Beograd,0.0,0.0,0.0,0.0,,,False
2023-11-28,international_cup,FC Shakhtar Donetsk,Royal Antwerp Football Club,2.0,3.0,0.0,1.0,,,False
2023-11-28,international_cup,Feyenoord Rotterdam,Club Atlético de Madrid S.A.D.,0.0,0.0,0.0,0.0,,,False
2023-11-28,international_cup,Futbol Club Barcelona,Futebol Clube do Porto,2.0,3.0,0.0,0.0,,,False
2023-11-28,international_cup,Manchester City Football Club,RasenBallsport Leipzig,1.0,0.0,0.0,0.0,,,False
2023-11-28,international_cup,Paris Saint-Germain Football Club,Newcastle United Football Club,6.0,3.0,0.0,0.0,,,False
2023-11-28,international_cup,Società Sportiva Lazio S.p.A.,The Celtic Football Club,3.0,4.0,0.0,0.0,,,False
2023-11-29,international_cup,Arsenal Football Club,Racing Club de Lens,0.0,3.0,0.0,0.0,,,False
2023-11-29,international_cup,FC Bayern München,Football Club København,1.0,2.0,0.0,0.0,,,False
2023-11-29,international_cup,Galatasaray Spor Kulübü,Manchester United Football Club,2.0,4.0,0.0,0.0,,,False
2023-11-29,international_cup,Real Madrid Club de Fútbol,Società Sportiva Calcio Napoli,0.0,2.0,0.0,0.0,,,False
2023-11-29,international_cup,Real Sociedad de Fútbol S.A.D.,Fußballclub Red Bull Salzburg,1.0,1.0,0.0,0.0,,,False
2023-11-29,international_cup,Sevilla Fútbol Club S.A.D.,Eindhovense Voetbalvereniging Philips Sport Vereniging,1.0,1.0,2.0,0.0,,,False
2023-11-29,international_cup,Sport Lisboa e Benfica,Football Club Internazionale Milano S.p.A.,2.0,1.0,1.0,0.0,,,False
2023-11-29,international_cup,Sporting Clube de Braga,1. Fußballclub Union Berlin,2.0,4.0,1.0,0.0,,,False
2023-12-12,international_cup,1. Fußballclub Union Berlin,Real Madrid Club de Fútbol,2.0,2.0,0.0,0.0,,,False
2023-12-12,international_cup,Eindhovense Voetbalvereniging Philips Sport Vereniging,Arsenal Football Club,0.0,0.0,0.0,0.0,,,False
2023-12-12,international_cup,Football Club Internazionale Milano S.p.A.,Real Sociedad de Fútbol S.A.D.,1.0,4.0,0.0,0.0,,,False
2023-12-12,international_cup,Football Club København,Galatasaray Spor Kulübü,2.0,1.0,1.0,0.0,,,False
2023-12-12,international_cup,Fußballclub Red Bull Salzburg,Sport Lisboa e Benfica,4.0,2.0,0.0,0.0,,,False
2023-12-12,international_cup,Manchester United Football Club,FC Bayern München,2.0,1.0,0.0,0.0,,,False
2023-12-12,international_cup,Racing Club de Lens,Sevilla Fútbol Club S.A.D.,4.0,4.0,0.0,0.0,,,False
2023-12-12,international_cup,Società Sportiva Calcio Napoli,Sporting Clube de Braga,0.0,2.0,0.0,0.0,,,False
2023-12-13,international_cup,Borussia Dortmund,Paris Saint-Germain Football Club,1.0,1.0,0.0,0.0,,,False
2023-12-13,international_cup,Club Atlético de Madrid S.A.D.,Società Sportiva Lazio S.p.A.,1.0,3.0,0.0,0.0,,,False
2023-12-13,international_cup,Fudbalski klub Crvena zvezda Beograd,Manchester City Football Club,3.0,1.0,0.0,0.0,,,False
2023-12-13,international_cup,Futebol Clube do Porto,FC Shakhtar Donetsk,1.0,3.0,0.0,0.0,,,False
2023-12-13,international_cup,Newcastle United Football Club,Associazione Calcio Milan,2.0,5.0,0.0,0.0,,,False
2023-12-13,international_cup,RasenBallsport Leipzig,Berner Sport Club Young Boys,2.0,3.0,0.0,0.0,,,False
2023-12-13,international_cup,Royal Antwerp Football Club,Futbol Club Barcelona,3.0,3.0,0.0,0.0,,,False
2023-12-13,international_cup,The Celtic Football Club,Feyenoord Rotterdam,2.0,4.0,0.0,0.0,,,False
2024-01-12,national_team_competition,Qatar,Lebanon,2.0,2.0,0.0,0.0,,,False
2024-01-13,national_team_competition,Australia,India,0.0,1.0,0.0,0.0,,,False
2024-01-13,national_team_competition,China,Tajikistan,1.0,2.0,0.0,0.0,,,False
2024-01-13,African Cup of Nations,Côte d'Ivoire,Guinea-Bissau,,,,,6.0,2.0,False
2024-01-13,national_team_competition,Uzbekistan,Syria,1.0,1.0,0.0,0.0,,,False
2024-01-14,African Cup of Nations,Egypt,Mozambique,,,,,7.0,2.0,False
2024-01-14,African Cup of Nations,Ghana,Cabo Verde,,,,,2.0,5.0,False
2024-01-14,national_team_competition,Iran,Palestine,1.0,6.0,0.0,0.0,,,False
2024-01-14,national_team_competition,Japan,Vietnam,1.0,0.0,0.0,0.0,,,False
2024-01-14,African Cup of Nations,Nigeria,Equatorial Guinea,,,,,2.0,3.0,False
2024-01-14,national_team_competition,United Arab Emirates,Hong Kong,1.0,2.0,0.0,0.0,,,False
2024-01-15,African Cup of Nations,Algeria,Angola,,,,,14.0,2.0,False
2024-01-15,African Cup of Nations,Cameroon,Guinea,,,,,5.0,0.0,False
2024-01-15,national_team_competition,Indonesia,Iraq,2.0,0.0,0.0,0.0,,,False
2024-01-15,national_team_competition,Malaysia,Jordan,0.0,1.0,0.0,0.0,,,False
2024-01-15,African Cup of Nations,Senegal,Gambia,,,,,6.0,4.0,False
2024-01-15,national_team_competition,South Korea,Bahrain,5.0,2.0,0.0,0.0,,,False
2024-01-16,African Cup of Nations,Burkina Faso,Mauritania,,,,,3.0,4.0,False
2024-01-16,African Cup of Nations,Mali,South Africa,,,,,2.0,3.0,False
2024-01-16,national_team_competition,Saudi Arabia,Oman,1.0,0.0,0.0,0.0,,,False
2024-01-16,national_team_competition,Thailand,Kyrgyzstan,3.0,2.0,0.0,0.0,,,False
2024-01-16,African Cup of Nations,Tunisia,Namibia,,,,,8.0,7.0,False
2024-01-17,African Cup of Nations,Congo DR,Zambia,,,,,7.0,0.0,False
2024-01-17,national_team_competition,Lebanon,China,0.0,1.0,0.0,0.0,,,False
2024-01-17,African Cup of Nations,Morocco,Tanzania,,,,,5.0,2.0,False
2024-01-17,national_team_competition,Tajikistan,Qatar,2.0,2.0,1.0,0.0,,,False
2024-01-18,African Cup of Nations,Côte d'Ivoire,Nigeria,,,,,5.0,6.0,False
2024-01-18,African Cup of Nations,Egypt,Ghana,,,,,3.0,4.0,False
2024-01-18,African Cup of Nations,Equatorial Guinea,Guinea-Bissau,,,,,2.0,7.0,False
2024-01-18,national_team_competition,India,Uzbekistan,0.0,0.0,0.0,0.0,,,False
2024-01-18,national_team_competition,Palestine,United Arab Emirates,1.0,1.0,0.0,1.0,,,False
2024-01-18,national_team_competition,Syria,Australia,0.0,2.0,0.0,0.0,,,False
2024-01-19,African Cup of Nations,Cabo Verde,Mozambique,,,,,1.0,6.0,False
2024-01-19,African Cup of Nations,Guinea,Gambia,,,,,7.0,5.0,False
2024-01-19,national_team_competition,Hong Kong,Iran,2.0,0.0,0.0,0.0,,,False
2024-01-19,national_team_competition,Iraq,Japan,1.0,1.0,0.0,0.0,,,False
2024-01-19,African Cup of Nations,Senegal,Cameroon,,,,,8.0,9.0,False
2024-01-19,national_team_competition,Vietnam,Indonesia,1.0,2.0,1.0,0.0,,,False
2024-01-20,African Cup of Nations,Algeria,Burkina Faso,,,,,4.0,1.0,False
2024-01-20,national_team_competition,Bahrain,Malaysia,1.0,2.0,0.0,0.0,,,False
2024-01-20,national_team_competition,Jordan,South Korea,3.0,2.0,0.0,0.0,,,False
2024-01-20,African Cup of Nations,Mauritania,Angola,,,,,6.0,11.0,False
2024-01-20,African Cup of Nations,Tunisia,Mali,,,,,3.0,4.0,False
2024-01-21,national_team_competition,Kyrgyzstan,Saudi Arabia,2.0,1.0,2.0,0.0,,,False
2024-01-21,African Cup of Nations,Morocco,Congo DR,,,,,3.0,5.0,False
2024-01-21,national_team_competition,Oman,Thailand,0.0,1.0,0.0,0.0,,,False
2024-01-21,African Cup of Nations,South Africa,Namibia,,,,,6.0,2.0,False
2024-01-21,African Cup of Nations,Zambia,Tanzania,,,,,5.0,3.0,False
2024-01-22,African Cup of Nations,Cabo Verde,Egypt,,,,,4.0,8.0,False
2024-01-22,African Cup of Nations,Equatorial Guinea,Côte d'Ivoire,,,,,1.0,11.0,False
2024-01-22,African Cup of Nations,Guinea-Bissau,Nigeria,,,,,3.0,2.0,False
2024-01-22,African Cup of Nations,Mozambique,Ghana,,,,,6.0,3.0,False
2024-01-22,national_team_competition,Qatar,China,3.0,0.0,0.0,0.0,,,False
2024-01-22,national_team_competition,Tajikistan,Lebanon,3.0,2.0,0.0,1.0,,,False
2024-01-23,African Cup of Nations,Angola,Burkina Faso,,,,,1.0,6.0,False
2024-01-23,national_team_competition,Australia,Uzbekistan,2.0,3.0,0.0,0.0,,,False
2024-01-23,African Cup of Nations,Gambia,Cameroon,,,,,7.0,5.0,False
2024-01-23,African Cup of Nations,Guinea,Senegal,,,,,0.0,6.0,False
2024-01-23,national_team_competition,Hong Kong,Palestine,2.0,0.0,0.0,0.0,,,False
2024-01-23,national_team_competition,Iran,United Arab Emirates,2.0,2.0,0.0,0.0,,,False
2024-01-23,African Cup of Nations,Mauritania,Algeria,,,,,5.0,6.0,False
2024-01-23,national_team_competition,Syria,India,2.0,2.0,0.0,0.0,,,False
2024-01-24,national_team_competition,Iraq,Vietnam,1.0,3.0,0.0,1.0,,,False
2024-01-24,national_team_competition,Japan,Indonesia,2.0,3.0,0.0,0.0,,,False
2024-01-24,African Cup of Nations,Namibia,Mali,,,,,9.0,3.0,False
2024-01-24,African Cup of Nations,South Africa,Tunisia,,,,,5.0,6.0,False
2024-01-24,African Cup of Nations,Tanzania,Congo DR,,,,,1.0,4.0,False
2024-01-24,African Cup of Nations,Zambia,Morocco,,,,,3.0,7.0,False
2024-01-25,national_team_competition,Jordan,Bahrain,2.0,0.0,0.0,0.0,,,False
2024-01-25,national_team_competition,Kyrgyzstan,Oman,2.0,2.0,0.0,0.0,,,False
2024-01-25,national_team_competition,Saudi Arabia,Thailand,1.0,0.0,0.0,0.0,,,False
2024-01-25,national_team_competition,South Korea,Malaysia,1.0,0.0,0.0,0.0,,,False
2024-01-27,African Cup of Nations,Angola,Namibia,,,,,6.0,3.0,False
2024-01-27,African Cup of Nations,Nigeria,Cameroon,,,,,3.0,1.0,False
2024-01-28,national_team_competition,Australia,Indonesia,2.0,4.0,0.0,0.0,,,False
2024-01-28,African Cup of Nations,Egypt,Congo DR,,,,,2.0,4.0,True
2024-01-28,African Cup of Nations,Equatorial Guinea,Guinea,,,,,2.0,2.0,False
2024-01-28,national_team_competition,Tajikistan,United Arab Emirates,1.0,2.0,0.0,0.0,,,True
2024-01-29,African Cup of Nations,Cabo Verde,Mauritania,,,,,11.0,1.0,False
2024-01-29,national_team_competition,Iraq,Jordan,1.0,3.0,1.0,1.0,,,False
2024-01-29,national_team_competition,Qatar,Palestine,0.0,3.0,0.0,0.0,,,False
2024-01-29,African Cup of Nations,Senegal,Côte d'Ivoire,,,,,6.0,2.0,True
2024-01-30,African Cup of Nations,Mali,Burkina Faso,,,,,1.0,2.0,False
2024-01-30,African Cup of Nations,Morocco,South Africa,,,,,6.0,2.0,False
2024-01-30,national_team_competition,Saudi Arabia,South Korea,3.0,2.0,0.0,0.0,,,True
2024-01-30,national_team_competition,Uzbekistan,Thailand,1.0,0.0,0.0,0.0,,,False
2024-01-31,national_team_competition,Bahrain,Japan,2.0,1.0,0.0,0.0,,,False
2024-01-31,national_team_competition,Iran,Syria,5.0,2.0,1.0,0.0,,,True
2024-02-02,national_team_competition,Australia,South Korea,1.0,1.0,1.0,0.0,,,False
2024-02-02,African Cup of Nations,Congo DR,Guinea,,,,,3.0,4.0,False
2024-02-02,African Cup of Nations,Nigeria,Angola,,,,,4.0,7.0,False
2024-02-02,national_team_competition,Tajikistan,Jordan,1.0,3.0,0.0,0.0,,,False
2024-02-03,African Cup of Nations,Cabo Verde,South Africa,,,,,10.0,4.0,True
2024-02-03,national_team_competition,Iran,Japan,0.0,2.0,0.0,0.0,,,False
2024-02-03,African Cup of Nations,Mali,Côte d'Ivoire,,,,,10.0,2.0,False
2024-02-03,national_team_competition,Qatar,Uzbekistan,4.0,2.0,0.0,0.0,,,True
2024-02-06,national_team_competition,Jordan,South Korea,2.0,3.0,0.0,0.0,,,False
2024-02-07,African Cup of Nations,Côte d'Ivoire,Congo DR,,,,,6.0,6.0,False
2024-02-07,national_team_competition,Iran,Qatar,2.0,2.0,1.0,0.0,,,False
2024-02-07,African Cup of Nations,Nigeria,South Africa,,,,,5.0,4.0,True
2024-02-10,national_team_competition,Jordan,Qatar,4.0,2.0,0.0,0.0,,,False
2024-02-10,African Cup of Nations,South Africa,Congo DR,,,,,2.0,1.0,False
2024-02-11,African Cup of Nations,Nigeria,Côte d'Ivoire,,,,,4.0,5.0,False
2024-02-13,international_cup,Football Club København,Manchester City Football Club,2.0,0.0,0.0,0.0,,,False
2024-02-13,international_cup,RasenBallsport Leipzig,Real Madrid Club de Fútbol,3.0,2.0,0.0,0.0,,,False
2024-02-14,international_cup,Paris Saint-Germain Football Club,Real Sociedad de Fútbol S.A.D.,0.0,2.0,0.0,0.0,,,False
2024-02-14,international_cup,Società Sportiva Lazio S.p.A.,FC Bayern München,0.0,1.0,0.0,1.0,,,False
2024-02-20,international_cup,Eindhovense Voetbalvereniging Philips Sport Vereniging,Borussia Dortmund,1.0,2.0,0.0,0.0,,,False
2024-02-20,international_cup,Football Club Internazionale Milano S.p.A.,Club Atlético de Madrid S.A.D.,2.0,4.0,0.0,0.0,,,False
2024-02-21,international_cup,Futebol Clube do Porto,Arsenal Football Club,2.0,3.0,0.0,0.0,,,False
2024-02-21,international_cup,Società Sportiva Calcio Napoli,Futbol Club Barcelona,0.0,3.0,0.0,0.0,,,False
2024-03-05,international_cup,FC Bayern München,Società Sportiva Lazio S.p.A.,0.0,3.0,0.0,0.0,,,False
2024-03-05,international_cup,Real Sociedad de Fútbol S.A.D.,Paris Saint-Germain Football Club,2.0,3.0,0.0,0.0,,,False
2024-03-06,international_cup,Manchester City Football Club,Football Club København,0.0,2.0,0.0,0.0,,,False
2024-03-06,international_cup,Real Madrid Club de Fútbol,RasenBallsport Leipzig,3.0,3.0,0.0,0.0,,,False
2024-03-12,international_cup,Arsenal Football Club,Futebol Clube do Porto,2.0,1.0,0.0,0.0,,,False
2024-03-12,international_cup,Futbol Club Barcelona,Società Sportiva Calcio Napoli,2.0,3.0,0.0,0.0,,,False
2024-03-13,international_cup,Borussia Dortmund,Eindhovense Voetbalvereniging Philips Sport Vereniging,2.0,0.0,0.0,0.0,,,False
2024-03-13,international_cup,Club Atlético de Madrid S.A.D.,Football Club Internazionale Milano S.p.A.,2.0,3.0,0.0,0.0,,,False
2024-04-09,international_cup,Arsenal Football Club,FC Bayern München,1.0,2.0,0.0,0.0,,,False
2024-04-09,international_cup,Real Madrid Club de Fútbol,Manchester City Football Club,2.0,2.0,0.0,0.0,,,False
2024-04-10,international_cup,Club Atlético de Madrid S.A.D.,Borussia Dortmund,3.0,2.0,0.0,0.0,,,False
2024-04-10,international_cup,Paris Saint-Germain Football Club,Futbol Club Barcelona,2.0,4.0,0.0,0.0,,,False
2024-04-16,international_cup,Borussia Dortmund,Club Atlético de Madrid S.A.D.,1.0,2.0,0.0,0.0,,,False
2024-04-16,international_cup,Futbol Club Barcelona,Paris Saint-Germain Football Club,5.0,4.0,1.0,0.0,,,False
2024-04-17,international_cup,FC Bayern München,Arsenal Football Club,2.0,2.0,0.0,0.0,,,False
2024-04-17,international_cup,Manchester City Football Club,Real Madrid Club de Fútbol,3.0,2.0,0.0,0.0,,,False
2024-04-30,international_cup,FC Bayern München,Real Madrid Club de Fútbol,2.0,2.0,0.0,0.0,,,False
2024-05-01,international_cup,Borussia Dortmund,Paris Saint-Germain Football Club,2.0,1.0,0.0,0.0,,,False
2024-05-07,international_cup,Paris Saint-Germain Football Club,Borussia Dortmund,2.0,2.0,0.0,0.0,,,False
2024-05-08,international_cup,Real Madrid Club de Fútbol,FC Bayern München,1.0,0.0,0.0,0.0,,,False
2024-06-01,international_cup,Borussia Dortmund,Real Madrid Club de Fútbol,3.0,1.0,0.0,0.0,,,False
2024-06-14,national_team_competition,Germany,Scotland,2.0,1.0,0.0,1.0,5.0,0.0,False
2024-06-15,national_team_competition,Hungary,Switzerland,2.0,2.0,0.0,0.0,2.0,6.0,False
2024-06-15,national_team_competition,Italy,Albania,2.0,2.0,0.0,0.0,5.0,3.0,False
2024-06-15,national_team_competition,Spain,Croatia,1.0,0.0,0.0,0.0,5.0,0.0,False
2024-06-16,national_team_competition,Poland,Netherlands,0.0,1.0,0.0,0.0,3.0,6.0,False
2024-06-16,national_team_competition,Serbia,England,2.0,0.0,0.0,0.0,2.0,1.0,False
2024-06-16,national_team_competition,Slovenia,Denmark,2.0,1.0,0.0,0.0,5.0,9.0,False
2024-06-17,national_team_competition,Austria,France,5.0,2.0,0.0,0.0,6.0,2.0,False
2024-06-17,national_team_competition,Belgium,Slovakia,3.0,1.0,0.0,0.0,5.0,7.0,False
2024-06-17,national_team_competition,Romania,Ukraine,1.0,1.0,0.0,0.0,3.0,8.0,False
2024-06-18,national_team_competition,Portugal,Czech Republic,2.0,1.0,0.0,0.0,13.0,0.0,False
2024-06-18,UEFA Euro,Turkey,Georgia,,,,,5.0,5.0,False
2024-06-18,national_team_competition,Turkiye,Georgia,2.0,1.0,0.0,0.0,,,False
2024-06-19,national_team_competition,Croatia,Albania,1.0,3.0,0.0,0.0,3.0,1.0,False
2024-06-19,national_team_competition,Germany,Hungary,2.0,2.0,0.0,0.0,11.0,7.0,False
2024-06-19,national_team_competition,Scotland,Switzerland,3.0,2.0,0.0,0.0,5.0,8.0,False
2024-06-20,national_team_competition,Denmark,England,3.0,1.0,0.0,0.0,4.0,2.0,False
2024-06-20,national_team_competition,Slovenia,Serbia,2.0,4.0,0.0,0.0,4.0,9.0,False
2024-06-20,national_team_competition,Spain,Italy,3.0,2.0,0.0,0.0,5.0,2.0,False
2024-06-21,national_team_competition,Argentina,Canada,2.0,2.0,0.0,0.0,7.0,4.0,False
2024-06-21,national_team_competition,Netherlands,France,1.0,0.0,0.0,0.0,3.0,6.0,False
2024-06-21,national_team_competition,Poland,Austria,4.0,2.0,0.0,0.0,4.0,3.0,False
2024-06-21,national_team_competition,Slovakia,Ukraine,0.0,1.0,0.0,0.0,4.0,4.0,False
2024-06-22,national_team_competition,Belgium,Romania,1.0,2.0,0.0,0.0,7.0,7.0,False
2024-06-22,national_team_competition,Ecuador,Venezuela,2.0,2.0,1.0,0.0,,,False
2024-06-22,national_team_competition,Georgia,Czech Republic,4.0,5.0,0.0,0.0,5.0,11.0,False
2024-06-22,national_team_competition,Peru,Chile,1.0,3.0,0.0,0.0,1.0,3.0,False
2024-06-22,UEFA Euro,Turkey,Portugal,,,,,9.0,1.0,False
2024-06-22,national_team_competition,Turkiye,Portugal,3.0,2.0,0.0,0.0,,,False
2024-06-23,Copa America,Ecuador,Venezuela,,,,,3.0,5.0,False
2024-06-23,national_team_competition,Mexico,Jamaica,0.0,0.0,0.0,0.0,7.0,6.0,False
2024-06-23,national_team_competition,Scotland,Hungary,1.0,5.0,0.0,0.0,2.0,6.0,False
2024-06-23,national_team_competition,Switzerland,Germany,3.0,1.0,0.0,0.0,2.0,9.0,False
2024-06-23,national_team_competition,USA,Bolivia,1.0,4.0,0.0,0.0,,,False
2024-06-24,national_team_competition,Albania,Spain,2.0,1.0,0.0,0.0,2.0,7.0,False
2024-06-24,national_team_competition,Colombia,Paraguay,1.0,2.0,0.0,0.0,,,False
2024-06-24,national_team_competition,Croatia,Italy,6.0,2.0,0.0,0.0,2.0,11.0,False
2024-06-24,Copa America,USA,Bolivia,,,,,7.0,1.0,False
2024-06-24,national_team_competition,Uruguay,Panama,0.0,1.0,0.0,0.0,9.0,3.0,False
2024-06-25,national_team_competition,Brazil,Costa Rica,1.0,2.0,0.0,0.0,9.0,1.0,False
2024-06-25,Copa America,Colombia,Paraguay,,,,,3.0,3.0,False
2024-06-25,national_team_competition,Denmark,Serbia,2.0,2.0,0.0,0.0,8.0,2.0,False
2024-06-25,national_team_competition,England,Slovenia,3.0,2.0,0.0,0.0,6.0,0.0,False
2024-06-25,national_team_competition,France,Poland,1.0,3.0,0.0,0.0,11.0,3.0,False
2024-06-25,national_team_competition,Netherlands,Austria,0.0,3.0,0.0,0.0,5.0,2.0,False
2024-06-25,national_team_competition,Peru,Canada,0.0,1.0,1.0,0.0,,,False
2024-06-26,national_team_competition,Chile,Argentina,2.0,0.0,0.0,0.0,0.0,11.0,False
2024-06-26,UEFA Euro,Czech Republic,Turkey,,,,,3.0,7.0,False
2024-06-26,national_team_competition,Czech Republic,Turkiye,6.0,11.0,2.0,0.0,,,False
2024-06-26,national_team_competition,Ecuador,Jamaica,0.0,4.0,0.0,0.0,,,False
2024-06-26,national_team_competition,Georgia,Portugal,1.0,3.0,0.0,0.0,1.0,11.0,False
2024-06-26,Copa America,Peru,Canada,,,,,2.0,1.0,False
2024-06-26,national_team_competition,Slovakia,Romania,1.0,3.0,0.0,0.0,5.0,1.0,False
2024-06-26,national_team_competition,Ukraine,Belgium,1.0,1.0,0.0,0.0,2.0,7.0,False
2024-06-27,Copa America,Ecuador,Jamaica,,,,,7.0,8.0,False
2024-06-27,national_team_competition,Panama,USA,3.0,2.0,1.0,1.0,,,False
2024-06-27,national_team_competition,Venezuela,Mexico,2.0,2.0,0.0,0.0,2.0,7.0,False
2024-06-28,national_team_competition,Colombia,Costa Rica,2.0,1.0,0.0,0.0,,,False
2024-06-28,Copa America,Panama,USA,,,,,3.0,0.0,False
2024-06-28,national_team_competition,Uruguay,Bolivia,0.0,1.0,0.0,0.0,4.0,3.0,False
2024-06-29,Copa America,Colombia,Costa Rica,,,,,4.0,2.0,False
2024-06-29,national_team_competition,Germany,Denmark,0.0,2.0,0.0,0.0,6.0,6.0,False
2024-06-29,national_team_competition,Paraguay,Brazil,2.0,3.0,1.0,0.0,4.0,6.0,False
2024-06-29,national_team_competition,Switzerland,Italy,0.0,3.0,0.0,0.0,4.0,6.0,False
2024-06-30,national_team_competition,Argentina,Peru,1.0,5.0,0.0,0.0,6.0,3.0,False
2024-06-30,national_team_competition,Canada,Chile,5.0,1.0,0.0,1.0,8.0,4.0,False
2024-06-30,national_team_competition,England,Slovakia,3.0,5.0,0.0,0.0,9.0,1.0,False
2024-06-30,national_team_competition,Spain,Georgia,1.0,1.0,0.0,0.0,13.0,3.0,False
2024-07-01,national_team_competition,France,Belgium,3.0,2.0,0.0,0.0,5.0,2.0,False
2024-07-01,national_team_competition,Jamaica,Venezuela,1.0,1.0,0.0,0.0,6.0,9.0,False
2024-07-01,national_team_competition,Mexico,Ecuador,5.0,2.0,0.0,0.0,5.0,2.0,False
2024-07-01,national_team_competition,Portugal,Slovenia,1.0,5.0,0.0,0.0,11.0,4.0,True
2024-07-02,UEFA Euro,Austria,Turkey,,,,,10.0,4.0,False
2024-07-02,national_team_competition,Austria,Turkiye,2.0,2.0,0.0,0.0,,,False
2024-07-02,national_team_competition,Bolivia,Panama,2.0,1.0,0.0,0.0,2.0,1.0,False
2024-07-02,national_team_competition,Romania,Netherlands,2.0,2.0,0.0,0.0,4.0,12.0,False
2024-07-02,national_team_competition,USA,Uruguay,2.0,1.0,0.0,0.0,2.0,3.0,False
2024-07-03,national_team_competition,Brazil,Colombia,3.0,2.0,0.0,0.0,6.0,5.0,False
2024-07-03,national_team_competition,Costa Rica,Paraguay,3.0,3.0,0.0,0.0,1.0,6.0,False
2024-07-05,national_team_competition,Argentina,Ecuador,2.0,2.0,0.0,0.0,2.0,5.0,False
2024-07-05,national_team_competition,Portugal,France,1.0,1.0,0.0,0.0,11.0,4.0,True
2024-07-05,national_team_competition,Spain,Germany,6.0,8.0,1.0,0.0,1.0,5.0,False
2024-07-06,national_team_competition,Colombia,Panama,1.0,3.0,0.0,0.0,,,False
2024-07-06,national_team_competition,England,Switzerland,1.0,2.0,0.0,0.0,4.0,2.0,True
2024-07-06,UEFA Euro,Netherlands,Turkey,,,,,3.0,7.0,False
2024-07-06,national_team_competition,Netherlands,Turkiye,4.0,1.0,0.0,1.0,,,False
2024-07-06,national_team_competition,Venezuela,Canada,1.0,2.0,0.0,0.0,7.0,3.0,False
2024-07-07,Copa America,Colombia,Panama,,,,,4.0,2.0,False
2024-07-07,national_team_competition,Uruguay,Brazil,2.0,2.0,1.0,0.0,6.0,2.0,False
2024-07-09,international_cup,AC Virtus Acquaviva,SC Fotbal Club FCSB SA,2.0,1.0,0.0,0.0,,,False
2024-07-09,international_cup,FK Panevezys,HJK Helsinki,4.0,2.0,1.0,0.0,,,False
2024-07-09,international_cup,Hamrun Spartans,Lincoln Red Imps FC,3.0,5.0,1.0,1.0,,,False
2024-07-09,national_team_competition,Spain,France,2.0,2.0,0.0,0.0,4.0,6.0,False
2024-07-09,international_cup,The New Saints,FK Decic Tuzi,2.0,2.0,0.0,0.0,,,False
2024-07-09,international_cup,UE Santa Coloma,FC Ballkani,2.0,4.0,0.0,0.0,,,False
2024-07-09,international_cup,Víkingur Reykjavík,Shamrock Rovers,1.0,3.0,0.0,1.0,,,False
2024-07-10,national_team_competition,Argentina,Canada,1.0,3.0,0.0,0.0,2.0,2.0,False
2024-07-10,international_cup,Dinamo Minsk,FC Pyunik Yerevan,3.0,2.0,0.0,0.0,,,False
2024-07-10,international_cup,FC Flora Tallinn,NK Celje,2.0,1.0,0.0,0.0,,,False
2024-07-10,international_cup,FC RFS,Larne FC,2.0,3.0,0.0,0.0,,,False
2024-07-10,international_cup,FK Borac Banja Luka,KF Egnatia,1.0,6.0,0.0,2.0,,,False
2024-07-10,international_cup,KÍ Klaksvík,FC Differdange 03,2.0,1.0,0.0,0.0,,,False
2024-07-10,international_cup,Ludogorets Razgrad,Dinamo Batumi,0.0,3.0,0.0,0.0,,,False
2024-07-10,national_team_competition,Netherlands,England,3.0,3.0,0.0,0.0,3.0,0.0,False
2024-07-10,international_cup,Ordabasy Shymkent,FC Petrocub Hincesti,3.0,3.0,0.0,0.0,,,False
2024-07-10,international_cup,Slovan Bratislava,Struga Trim & Lum,2.0,2.0,0.0,0.0,,,False
2024-07-11,national_team_competition,Uruguay,Colombia,3.0,4.0,1.0,1.0,4.0,3.0,False
2024-07-14,national_team_competition,Canada,Uruguay,4.0,2.0,0.0,0.0,7.0,6.0,False
2024-07-14,national_team_competition,Spain,England,1.0,3.0,0.0,0.0,10.0,2.0,False
2024-07-15,national_team_competition,Argentina,Colombia,2.0,2.0,0.0,0.0,4.0,7.0,False
2024-07-16,international_cup,FC Ballkani,UE Santa Coloma,4.0,2.0,1.0,0.0,,,False
2024-07-16,international_cup,FC Pyunik Yerevan,Dinamo Minsk,3.0,4.0,0.0,0.0,,,False
2024-07-16,international_cup,FK Decic Tuzi,The New Saints,1.0,2.0,0.0,0.0,,,False
2024-07-16,international_cup,HJK Helsinki,FK Panevezys,3.0,1.0,0.0,0.0,,,False
2024-07-16,international_cup,Lincoln Red Imps FC,Hamrun Spartans,3.0,4.0,1.0,0.0,,,False
2024-07-16,international_cup,NK Celje,FC Flora Tallinn,4.0,0.0,0.0,0.0,,,False
2024-07-16,international_cup,SC Fotbal Club FCSB SA,AC Virtus Acquaviva,0.0,1.0,0.0,0.0,,,False
2024-07-16,international_cup,Shamrock Rovers,Víkingur Reykjavík,6.0,1.0,1.0,0.0,,,False
2024-07-17,international_cup,Dinamo Batumi,Ludogorets Razgrad,0.0,5.0,0.0,0.0,,,False
2024-07-17,international_cup,FC Differdange 03,KÍ Klaksvík,3.0,2.0,1.0,0.0,,,False
2024-07-17,international_cup,FC Petrocub Hincesti,Ordabasy Shymkent,3.0,2.0,0.0,0.0,,,False
2024-07-17,international_cup,KF Egnatia,FK Borac Banja Luka,2.0,6.0,0.0,0.0,,,False
2024-07-17,international_cup,Larne FC,FC RFS,5.0,2.0,0.0,0.0,,,False
2024-07-17,international_cup,Struga Trim & Lum,Slovan Bratislava,4.0,1.0,0.0,0.0,,,False
2024-07-23,international_cup,APOEL Nicosia,FC Petrocub Hincesti,1.0,6.0,0.0,0.0,,,False
2024-07-23,international_cup,FC Lugano,Fenerbahçe Spor Kulübü,5.0,4.0,0.0,0.0,,,False
2024-07-23,international_cup,FK Panevezys,Jagiellonia-Bialystok Sportowa Spólka Akcyjna,1.0,1.0,0.0,0.0,,,False
2024-07-23,international_cup,Ferencvárosi TC,The New Saints,1.0,1.0,0.0,0.0,,,False
2024-07-23,international_cup,Fotballklubben Bodø/Glimt,FC RFS,0.0,1.0,0.0,0.0,,,False
2024-07-23,international_cup,Futbolniy Klub Dynamo Kyiv,Fudbalski Klub Partizan Beograd,1.0,3.0,0.0,0.0,,,False
2024-07-23,international_cup,Lincoln Red Imps FC,Qarabağ FK,2.0,0.0,0.0,0.0,,,False
2024-07-23,international_cup,Malmö Fotbollförening,KÍ Klaksvík,0.0,4.0,0.0,0.0,,,False
2024-07-23,international_cup,SC Fotbal Club FCSB SA,Maccabi Tel Aviv,3.0,4.0,0.0,0.0,,,False
2024-07-23,international_cup,Shamrock Rovers,"AC Sparta Praha, a. s.",1.0,1.0,0.0,0.0,,,False
2024-07-23,international_cup,UE Santa Coloma,Fodbold Club Midtjylland,2.0,0.0,0.0,0.0,,,False
2024-07-24,international_cup,Ludogorets Razgrad,Dinamo Minsk,3.0,5.0,0.0,0.0,,,False
2024-07-24,international_cup,NK Celje,Slovan Bratislava,2.0,3.0,0.0,1.0,,,False
2024-07-24,international_cup,Panthessalonikios Athlitikos Omilos Konstantinoupoliton,FK Borac Banja Luka,1.0,2.0,0.0,0.0,,,False
2024-07-30,international_cup,"AC Sparta Praha, a. s.",Shamrock Rovers,3.0,2.0,0.0,0.0,,,False
2024-07-30,international_cup,FC Petrocub Hincesti,APOEL Nicosia,1.0,3.0,0.0,0.0,,,False
2024-07-30,international_cup,Fenerbahçe Spor Kulübü,FC Lugano,1.0,4.0,0.0,0.0,,,False
2024-07-30,international_cup,KÍ Klaksvík,Malmö Fotbollförening,2.0,2.0,0.0,0.0,,,False
2024-07-30,international_cup,Qarabağ FK,Lincoln Red Imps FC,0.0,1.0,0.0,0.0,,,False
2024-07-30,international_cup,Slovan Bratislava,NK Celje,1.0,1.0,0.0,1.0,,,False
2024-07-30,international_cup,The New Saints,Ferencvárosi TC,3.0,0.0,0.0,0.0,,,False
2024-07-31,international_cup,Dinamo Minsk,Ludogorets Razgrad,5.0,1.0,0.0,0.0,,,False
2024-07-31,international_cup,FC RFS,Fotballklubben Bodø/Glimt,3.0,0.0,0.0,0.0,,,False
2024-07-31,international_cup,FK Borac Banja Luka,Panthessalonikios Athlitikos Omilos Konstantinoupoliton,5.0,1.0,0.0,0.0,,,False
2024-07-31,international_cup,Fodbold Club Midtjylland,UE Santa Coloma,1.0,4.0,0.0,1.0,,,False
2024-07-31,international_cup,Fudbalski Klub Partizan Beograd,Futbolniy Klub Dynamo Kyiv,2.0,0.0,0.0,0.0,,,False
2024-07-31,international_cup,Jagiellonia-Bialystok Sportowa Spólka Akcyjna,FK Panevezys,0.0,1.0,0.0,0.0,,,False
2024-07-31,international_cup,Maccabi Tel Aviv,SC Fotbal Club FCSB SA,2.0,5.0,0.0,0.0,,,False
2024-08-06,international_cup,"AC Sparta Praha, a. s.",SC Fotbal Club FCSB SA,2.0,7.0,0.0,0.0,,,False
2024-08-06,international_cup,Fodbold Club Midtjylland,Ferencvárosi TC,0.0,4.0,0.0,0.0,,,False
2024-08-06,international_cup,Futbolniy Klub Dynamo Kyiv,Rangers Football Club,0.0,3.0,0.0,0.0,,,False
2024-08-06,international_cup,Fußballclub Red Bull Salzburg,Football Club Twente,1.0,0.0,0.0,0.0,,,False
2024-08-06,international_cup,Lille Olympique Sporting Club,Fenerbahçe Spor Kulübü,1.0,2.0,0.0,0.0,,,False
2024-08-06,international_cup,Malmö Fotbollförening,Panthessalonikios Athlitikos Omilos Konstantinoupoliton,3.0,4.0,0.0,0.0,,,False
2024-08-06,international_cup,Qarabağ FK,Ludogorets Razgrad,2.0,3.0,0.0,1.0,,,False
2024-08-07,international_cup,Jagiellonia-Bialystok Sportowa Spólka Akcyjna,Fotballklubben Bodø/Glimt,2.0,1.0,0.0,0.0,,,False
2024-08-07,international_cup,"SK Slavia Praha, a.s.",Royale Union Saint-Gilloise,2.0,4.0,0.0,1.0,,,False
2024-08-07,international_cup,Slovan Bratislava,APOEL Nicosia,2.0,3.0,0.0,0.0,,,False
2024-08-13,international_cup,APOEL Nicosia,Slovan Bratislava,3.0,7.0,1.0,0.0,,,False
2024-08-13,international_cup,Fenerbahçe Spor Kulübü,Lille Olympique Sporting Club,4.0,4.0,0.0,1.0,,,False
2024-08-13,international_cup,Ferencvárosi TC,Fodbold Club Midtjylland,4.0,2.0,1.0,0.0,,,False
2024-08-13,international_cup,Football Club Twente,Fußballclub Red Bull Salzburg,4.0,2.0,0.0,0.0,,,False
2024-08-13,international_cup,Fotballklubben Bodø/Glimt,Jagiellonia-Bialystok Sportowa Spólka Akcyjna,2.0,2.0,0.0,0.0,,,False
2024-08-13,international_cup,Ludogorets Razgrad,Qarabağ FK,4.0,6.0,0.0,0.0,,,False
2024-08-13,international_cup,Panthessalonikios Athlitikos Omilos Konstantinoupoliton,Malmö Fotbollförening,4.0,3.0,0.0,0.0,,,False
2024-08-13,international_cup,Rangers Football Club,Futbolniy Klub Dynamo Kyiv,2.0,0.0,1.0,0.0,,,False
2024-08-13,international_cup,Royale Union Saint-Gilloise,"SK Slavia Praha, a.s.",2.0,2.0,0.0,0.0,,,False
2024-08-13,international_cup,SC Fotbal Club FCSB SA,"AC Sparta Praha, a. s.",5.0,4.0,0.0,0.0,,,False
2024-08-14,international_cup,Real Madrid Club de Fútbol,Atalanta Bergamasca Calcio S.p.a.,2.0,2.0,0.0,0.0,,,False
2024-08-20,international_cup,Fotballklubben Bodø/Glimt,Fudbalski klub Crvena zvezda Beograd,1.0,2.0,0.0,0.0,,,False
2024-08-20,international_cup,GNK Dinamo Zagreb,Qarabağ FK,2.0,1.0,0.0,0.0,,,False
2024-08-20,international_cup,Lille Olympique Sporting Club,"SK Slavia Praha, a.s.",3.0,2.0,0.0,0.0,,,False
2024-08-21,international_cup,Berner Sport Club Young Boys,Galatasaray Spor Kulübü,4.0,2.0,0.0,1.0,,,False
2024-08-21,international_cup,Fodbold Club Midtjylland,Slovan Bratislava,1.0,1.0,0.0,0.0,,,False
2024-08-21,international_cup,Futbolniy Klub Dynamo Kyiv,Fußballclub Red Bull Salzburg,2.0,2.0,0.0,0.0,,,False
2024-08-21,international_cup,Malmö Fotbollförening,"AC Sparta Praha, a. s.",3.0,3.0,0.0,0.0,,,False
2024-08-27,international_cup,"AC Sparta Praha, a. s.",Malmö Fotbollförening,3.0,4.0,0.0,0.0,,,False
2024-08-27,international_cup,Fußballclub Red Bull Salzburg,Futbolniy Klub Dynamo Kyiv,2.0,5.0,0.0,0.0,,,False
2024-08-27,international_cup,Galatasaray Spor Kulübü,Berner Sport Club Young Boys,4.0,4.0,1.0,0.0,,,False
2024-08-28,international_cup,Fudbalski klub Crvena zvezda Beograd,Fotballklubben Bodø/Glimt,3.0,1.0,0.0,0.0,,,False
2024-08-28,international_cup,Qarabağ FK,GNK Dinamo Zagreb,2.0,2.0,1.0,0.0,,,False
2024-08-28,international_cup,"SK Slavia Praha, a.s.",Lille Olympique Sporting Club,3.0,2.0,0.0,0.0,,,False
2024-08-28,international_cup,Slovan Bratislava,Fodbold Club Midtjylland,3.0,2.0,0.0,0.0,,,False
2024-09-17,international_cup,Associazione Calcio Milan,Liverpool Football Club,2.0,2.0,0.0,0.0,,,False
2024-09-17,international_cup,Berner Sport Club Young Boys,Aston Villa Football Club,4.0,1.0,0.0,0.0,,,False
2024-09-17,international_cup,FC Bayern München,GNK Dinamo Zagreb,0.0,1.0,0.0,0.0,,,False
2024-09-17,international_cup,Juventus Football Club,Eindhovense Voetbalvereniging Philips Sport Vereniging,0.0,0.0,0.0,0.0,,,False
2024-09-17,international_cup,Real Madrid Club de Fútbol,Verein für Bewegungsspiele Stuttgart 1893,4.0,1.0,0.0,0.0,,,False
2024-09-17,international_cup,Sporting Clube de Portugal,Lille Olympique Sporting Club,2.0,4.0,0.0,1.0,,,False
2024-09-18,international_cup,"AC Sparta Praha, a. s.",Fußballclub Red Bull Salzburg,1.0,2.0,0.0,0.0,,,False
2024-09-18,international_cup,Bologna Football Club 1909,FC Shakhtar Donetsk,2.0,4.0,0.0,0.0,,,False
2024-09-18,international_cup,Club Brugge Koninklijke Voetbalvereniging,Borussia Dortmund,1.0,1.0,0.0,0.0,,,False
2024-09-18,international_cup,Manchester City Football Club,Football Club Internazionale Milano S.p.A.,1.0,0.0,0.0,0.0,,,False
2024-09-18,international_cup,Paris Saint-Germain Football Club,Girona Fútbol Club S. A. D.,1.0,3.0,0.0,0.0,,,False
2024-09-18,international_cup,The Celtic Football Club,Slovan Bratislava,2.0,3.0,0.0,0.0,,,False
2024-09-19,international_cup,Association sportive de Monaco Football Club,Futbol Club Barcelona,4.0,3.0,0.0,1.0,,,False
2024-09-19,international_cup,Atalanta Bergamasca Calcio S.p.a.,Arsenal Football Club,1.0,0.0,0.0,0.0,,,False
2024-09-19,international_cup,Club Atlético de Madrid S.A.D.,RasenBallsport Leipzig,3.0,4.0,0.0,0.0,,,False
2024-09-19,international_cup,Feyenoord Rotterdam,Bayer 04 Leverkusen Fußball,1.0,0.0,0.0,0.0,,,False
2024-09-19,international_cup,Fudbalski klub Crvena zvezda Beograd,Sport Lisboa e Benfica,2.0,3.0,0.0,0.0,,,False
2024-09-19,international_cup,Stade brestois 29,Sportklub Puntigamer Sturm Graz,3.0,5.0,0.0,1.0,,,False
2024-10-01,international_cup,Arsenal Football Club,Paris Saint-Germain Football Club,1.0,1.0,0.0,0.0,,,False
2024-10-01,international_cup,Bayer 04 Leverkusen Fußball,Associazione Calcio Milan,2.0,3.0,0.0,0.0,,,False
2024-10-01,international_cup,Borussia Dortmund,The Celtic Football Club,2.0,2.0,0.0,0.0,,,False
2024-10-01,international_cup,Eindhovense Voetbalvereniging Philips Sport Vereniging,Sporting Clube de Portugal,3.0,2.0,0.0,0.0,,,False
2024-10-01,international_cup,Football Club Internazionale Milano S.p.A.,Fudbalski klub Crvena zvezda Beograd,2.0,1.0,0.0,0.0,,,False
2024-10-01,international_cup,Futbol Club Barcelona,Berner Sport Club Young Boys,0.0,2.0,0.0,0.0,,,False
2024-10-01,international_cup,Fußballclub Red Bull Salzburg,Stade brestois 29,3.0,2.0,0.0,0.0,,,False
2024-10-01,international_cup,Slovan Bratislava,Manchester City Football Club,0.0,0.0,0.0,0.0,,,False
2024-10-01,international_cup,Verein für Bewegungsspiele Stuttgart 1893,"AC Sparta Praha, a. s.",1.0,1.0,0.0,0.0,,,False
2024-10-02,international_cup,Aston Villa Football Club,FC Bayern München,3.0,2.0,0.0,0.0,,,False
2024-10-02,international_cup,FC Shakhtar Donetsk,Atalanta Bergamasca Calcio S.p.a.,1.0,2.0,0.0,0.0,,,False
2024-10-02,international_cup,GNK Dinamo Zagreb,Association sportive de Monaco Football Club,5.0,2.0,0.0,0.0,,,False
2024-10-02,international_cup,Girona Fútbol Club S. A. D.,Feyenoord Rotterdam,6.0,3.0,0.0,0.0,,,False
2024-10-02,international_cup,Lille Olympique Sporting Club,Real Madrid Club de Fútbol,2.0,5.0,0.0,0.0,,,False
2024-10-02,international_cup,Liverpool Football Club,Bologna Football Club 1909,4.0,2.0,0.0,0.0,,,False
2024-10-02,international_cup,RasenBallsport Leipzig,Juventus Football Club,1.0,2.0,0.0,1.0,,,False
2024-10-02,international_cup,Sport Lisboa e Benfica,Club Atlético de Madrid S.A.D.,1.0,4.0,0.0,0.0,,,False
2024-10-02,international_cup,Sportklub Puntigamer Sturm Graz,Club Brugge Koninklijke Voetbalvereniging,5.0,1.0,0.0,0.0,,,False
2024-10-22,international_cup,Arsenal Football Club,FC Shakhtar Donetsk,2.0,1.0,0.0,0.0,,,False
2024-10-22,international_cup,Association sportive de Monaco Football Club,Fudbalski klub Crvena zvezda Beograd,1.0,1.0,0.0,0.0,,,False
2024-10-22,international_cup,Associazione Calcio Milan,Club Brugge Koninklijke Voetbalvereniging,4.0,3.0,0.0,1.0,,,False
2024-10-22,international_cup,Aston Villa Football Club,Bologna Football Club 1909,1.0,4.0,0.0,0.0,,,False
2024-10-22,international_cup,Girona Fútbol Club S. A. D.,Slovan Bratislava,1.0,3.0,0.0,0.0,,,False
2024-10-22,international_cup,Juventus Football Club,Verein für Bewegungsspiele Stuttgart 1893,1.0,2.0,1.0,0.0,,,False
2024-10-22,international_cup,Paris Saint-Germain Football Club,Eindhovense Voetbalvereniging Philips Sport Vereniging,1.0,6.0,0.0,0.0,,,False
2024-10-22,international_cup,Real Madrid Club de Fútbol,Borussia Dortmund,1.0,0.0,0.0,0.0,,,False
2024-10-22,international_cup,Sportklub Puntigamer Sturm Graz,Sporting Clube de Portugal,2.0,0.0,0.0,0.0,,,False
2024-10-23,international_cup,Atalanta Bergamasca Calcio S.p.a.,The Celtic Football Club,0.0,1.0,0.0,0.0,,,False
2024-10-23,international_cup,Berner Sport Club Young Boys,Football Club Internazionale Milano S.p.A.,4.0,1.0,0.0,0.0,,,False
2024-10-23,international_cup,Club Atlético de Madrid S.A.D.,Lille Olympique Sporting Club,3.0,2.0,0.0,0.0,,,False
2024-10-23,international_cup,Futbol Club Barcelona,FC Bayern München,0.0,2.0,0.0,0.0,,,False
2024-10-23,international_cup,Fußballclub Red Bull Salzburg,GNK Dinamo Zagreb,3.0,1.0,1.0,0.0,,,False
2024-10-23,international_cup,Manchester City Football Club,"AC Sparta Praha, a. s.",1.0,1.0,0.0,0.0,,,False
2024-10-23,international_cup,RasenBallsport Leipzig,Liverpool Football Club,2.0,1.0,0.0,0.0,,,False
2024-10-23,international_cup,Sport Lisboa e Benfica,Feyenoord Rotterdam,2.0,1.0,0.0,0.0,,,False
2024-10-23,international_cup,Stade brestois 29,Bayer 04 Leverkusen Fußball,2.0,4.0,0.0,0.0,,,False
2024-11-05,international_cup,Bologna Football Club 1909,Association sportive de Monaco Football Club,3.0,2.0,0.0,0.0,,,False
2024-11-05,international_cup,Borussia Dortmund,Sportklub Puntigamer Sturm Graz,1.0,0.0,0.0,0.0,,,False
2024-11-05,international_cup,Eindhovense Voetbalvereniging Philips Sport Vereniging,Girona Fútbol Club S. A. D.,4.0,4.0,0.0,1.0,,,False
2024-11-05,international_cup,Lille Olympique Sporting Club,Juventus Football Club,1.0,1.0,0.0,0.0,,,False
2024-11-05,international_cup,Liverpool Football Club,Bayer 04 Leverkusen Fußball,0.0,2.0,0.0,0.0,,,False
2024-11-05,international_cup,Real Madrid Club de Fútbol,Associazione Calcio Milan,4.0,2.0,0.0,0.0,,,False
2024-11-05,international_cup,Slovan Bratislava,GNK Dinamo Zagreb,2.0,2.0,0.0,0.0,,,False
2024-11-05,international_cup,Sporting Clube de Portugal,Manchester City Football Club,3.0,3.0,0.0,0.0,,,False
2024-11-05,international_cup,The Celtic Football Club,RasenBallsport Leipzig,0.0,1.0,0.0,0.0,,,False
2024-11-06,international_cup,"AC Sparta Praha, a. s.",Stade brestois 29,1.0,1.0,0.0,0.0,,,False
2024-11-06,international_cup,Club Brugge Koninklijke Voetbalvereniging,Aston Villa Football Club,2.0,4.0,0.0,0.0,,,False
2024-11-06,international_cup,FC Bayern München,Sport Lisboa e Benfica,1.0,2.0,0.0,0.0,,,False
2024-11-06,international_cup,FC Shakhtar Donetsk,Berner Sport Club Young Boys,1.0,3.0,0.0,0.0,,,False
2024-11-06,international_cup,Feyenoord Rotterdam,Fußballclub Red Bull Salzburg,1.0,2.0,1.0,0.0,,,False
2024-11-06,international_cup,Football Club Internazionale Milano S.p.A.,Arsenal Football Club,2.0,2.0,0.0,0.0,,,False
2024-11-06,international_cup,Fudbalski klub Crvena zvezda Beograd,Futbol Club Barcelona,2.0,0.0,0.0,0.0,,,False
2024-11-06,international_cup,Paris Saint-Germain Football Club,Club Atlético de Madrid S.A.D.,0.0,1.0,0.0,0.0,,,False
2024-11-06,international_cup,Verein für Bewegungsspiele Stuttgart 1893,Atalanta Bergamasca Calcio S.p.a.,2.0,3.0,0.0,0.0,,,False
2024-11-26,international_cup,"AC Sparta Praha, a. s.",Club Atlético de Madrid S.A.D.,1.0,1.0,0.0,0.0,,,False
2024-11-26,international_cup,Bayer 04 Leverkusen Fußball,Fußballclub Red Bull Salzburg,1.0,1.0,0.0,0.0,,,False
2024-11-26,international_cup,Berner Sport Club Young Boys,Atalanta Bergamasca Calcio S.p.a.,2.0,1.0,0.0,0.0,,,False
2024-11-26,international_cup,FC Bayern München,Paris Saint-Germain Football Club,3.0,4.0,0.0,1.0,,,False
2024-11-26,international_cup,Football Club Internazionale Milano S.p.A.,RasenBallsport Leipzig,2.0,2.0,0.0,0.0,,,False
2024-11-26,international_cup,Futbol Club Barcelona,Stade brestois 29,0.0,4.0,0.0,0.0,,,False
2024-11-26,international_cup,Manchester City Football Club,Feyenoord Rotterdam,1.0,1.0,0.0,0.0,,,False
2024-11-26,international_cup,Slovan Bratislava,Associazione Calcio Milan,2.0,3.0,1.0,0.0,,,False
2024-11-26,international_cup,Sporting Clube de Portugal,Arsenal Football Club,1.0,1.0,0.0,0.0,,,False
2024-11-27,international_cup,Association sportive de Monaco Football Club,Sport Lisboa e Benfica,4.0,3.0,1.0,0.0,,,False
2024-11-27,international_cup,Aston Villa Football Club,Juventus Football Club,3.0,3.0,0.0,0.0,,,False
2024-11-27,international_cup,Bologna Football Club 1909,Lille Olympique Sporting Club,3.0,4.0,0.0,0.0,,,False
2024-11-27,international_cup,Eindhovense Voetbalvereniging Philips Sport Vereniging,FC Shakhtar Donetsk,3.0,1.0,0.0,1.0,,,False
2024-11-27,international_cup,Fudbalski klub Crvena zvezda Beograd,Verein für Bewegungsspiele Stuttgart 1893,4.0,1.0,0.0,0.0,,,False
2024-11-27,international_cup,GNK Dinamo Zagreb,Borussia Dortmund,3.0,1.0,0.0,0.0,,,False
2024-11-27,international_cup,Liverpool Football Club,Real Madrid Club de Fútbol,3.0,4.0,0.0,0.0,,,False
2024-11-27,international_cup,Sportklub Puntigamer Sturm Graz,Girona Fútbol Club S. A. D.,1.0,1.0,0.0,0.0,,,False
2024-11-27,international_cup,The Celtic Football Club,Club Brugge Koninklijke Voetbalvereniging,1.0,3.0,0.0,0.0,,,False
2024-12-10,international_cup,Atalanta Bergamasca Calcio S.p.a.,Real Madrid Club de Fútbol,1.0,2.0,0.0,0.0,,,False
2024-12-10,international_cup,Bayer 04 Leverkusen Fußball,Football Club Internazionale Milano S.p.A.,0.0,3.0,0.0,0.0,,,False
2024-12-10,international_cup,Club Brugge Koninklijke Voetbalvereniging,Sporting Clube de Portugal,4.0,4.0,0.0,0.0,,,False
2024-12-10,international_cup,FC Shakhtar Donetsk,FC Bayern München,2.0,2.0,0.0,0.0,,,False
2024-12-10,international_cup,Fußballclub Red Bull Salzburg,Paris Saint-Germain Football Club,3.0,0.0,0.0,0.0,,,False
2024-12-10,international_cup,GNK Dinamo Zagreb,The Celtic Football Club,2.0,3.0,0.0,0.0,,,False
2024-12-10,international_cup,Girona Fútbol Club S. A. D.,Liverpool Football Club,3.0,2.0,0.0,0.0,,,False
2024-12-10,international_cup,RasenBallsport Leipzig,Aston Villa Football Club,1.0,2.0,0.0,0.0,,,False
2024-12-10,international_cup,Stade brestois 29,Eindhovense Voetbalvereniging Philips Sport Vereniging,3.0,3.0,0.0,0.0,,,False
2024-12-11,international_cup,Arsenal Football Club,Association sportive de Monaco Football Club,2.0,1.0,0.0,0.0,,,False
2024-12-11,international_cup,Associazione Calcio Milan,Fudbalski klub Crvena zvezda Beograd,3.0,2.0,0.0,0.0,,,False
2024-12-11,international_cup,Borussia Dortmund,Futbol Club Barcelona,4.0,2.0,0.0,0.0,,,False
2024-12-11,international_cup,Club Atlético de Madrid S.A.D.,Slovan Bratislava,0.0,0.0,0.0,0.0,,,False
2024-12-11,international_cup,Feyenoord Rotterdam,"AC Sparta Praha, a. s.",1.0,4.0,0.0,0.0,,,False
2024-12-11,international_cup,Juventus Football Club,Manchester City Football Club,1.0,2.0,0.0,0.0,,,False
2024-12-11,international_cup,Lille Olympique Sporting Club,Sportklub Puntigamer Sturm Graz,1.0,1.0,0.0,0.0,,,False
2024-12-11,international_cup,Sport Lisboa e Benfica,Bologna Football Club 1909,5.0,5.0,0.0,0.0,,,False
2024-12-11,international_cup,Verein für Bewegungsspiele Stuttgart 1893,Berner Sport Club Young Boys,1.0,4.0,0.0,0.0,,,False
2025-01-21,international_cup,Association sportive de Monaco Football Club,Aston Villa Football Club,1.0,3.0,0.0,0.0,,,False
2025-01-21,international_cup,Atalanta Bergamasca Calcio S.p.a.,Sportklub Puntigamer Sturm Graz,1.0,0.0,0.0,0.0,,,False
2025-01-21,international_cup,Bologna Football Club 1909,Borussia Dortmund,4.0,4.0,0.0,0.0,,,False
2025-01-21,international_cup,Club Atlético de Madrid S.A.D.,Bayer 04 Leverkusen Fußball,2.0,3.0,1.0,1.0,,,False
2025-01-21,international_cup,Club Brugge Koninklijke Voetbalvereniging,Juventus Football Club,0.0,2.0,0.0,0.0,,,False
2025-01-21,international_cup,Fudbalski klub Crvena zvezda Beograd,Eindhovense Voetbalvereniging Philips Sport Vereniging,0.0,0.0,0.0,1.0,,,False
2025-01-21,international_cup,Liverpool Football Club,Lille Olympique Sporting Club,2.0,2.0,0.0,1.0,,,False
2025-01-21,international_cup,Slovan Bratislava,Verein für Bewegungsspiele Stuttgart 1893,3.0,3.0,0.0,0.0,,,False
2025-01-21,international_cup,Sport Lisboa e Benfica,Futbol Club Barcelona,1.0,4.0,1.0,0.0,,,False
2025-01-22,international_cup,"AC Sparta Praha, a. s.",Football Club Internazionale Milano S.p.A.,2.0,2.0,0.0,0.0,,,False
2025-01-22,international_cup,Arsenal Football Club,GNK Dinamo Zagreb,2.0,2.0,0.0,0.0,,,False
2025-01-22,international_cup,Associazione Calcio Milan,Girona Fútbol Club S. A. D.,2.0,2.0,0.0,0.0,,,False
2025-01-22,international_cup,FC Shakhtar Donetsk,Stade brestois 29,1.0,1.0,0.0,0.0,,,False
2025-01-22,international_cup,Feyenoord Rotterdam,FC Bayern München,1.0,3.0,0.0,1.0,,,False
2025-01-22,international_cup,Paris Saint-Germain Football Club,Manchester City Football Club,1.0,1.0,0.0,0.0,,,False
2025-01-22,international_cup,RasenBallsport Leipzig,Sporting Clube de Portugal,3.0,0.0,0.0,0.0,,,False
2025-01-22,international_cup,Real Madrid Club de Fútbol,Fußballclub Red Bull Salzburg,1.0,0.0,0.0,0.0,,,False
2025-01-22,international_cup,The Celtic Football Club,Berner Sport Club Young Boys,1.0,4.0,1.0,0.0,,,False
2025-01-29,international_cup,Aston Villa Football Club,The Celtic Football Club,0.0,0.0,0.0,0.0,,,False
2025-01-29,international_cup,Bayer 04 Leverkusen Fußball,"AC Sparta Praha, a. s.",2.0,2.0,0.0,0.0,,,False
2025-01-29,international_cup,Berner Sport Club Young Boys,Fudbalski klub Crvena zvezda Beograd,1.0,1.0,0.0,0.0,,,False
2025-01-29,international_cup,Borussia Dortmund,FC Shakhtar Donetsk,1.0,2.0,0.0,0.0,,,False
2025-01-29,international_cup,Eindhovense Voetbalvereniging Philips Sport Vereniging,Liverpool Football Club,2.0,3.0,0.0,1.0,,,False
2025-01-29,international_cup,FC Bayern München,Slovan Bratislava,0.0,3.0,0.0,0.0,,,False
2025-01-29,international_cup,Football Club Internazionale Milano S.p.A.,Association sportive de Monaco Football Club,2.0,2.0,0.0,1.0,,,False
2025-01-29,international_cup,Futbol Club Barcelona,Atalanta Bergamasca Calcio S.p.a.,0.0,4.0,0.0,0.0,,,False
2025-01-29,international_cup,Fußballclub Red Bull Salzburg,Club Atlético de Madrid S.A.D.,2.0,0.0,0.0,0.0,,,False
2025-01-29,international_cup,GNK Dinamo Zagreb,Associazione Calcio Milan,3.0,3.0,0.0,1.0,,,False
2025-01-29,international_cup,Girona Fútbol Club S. A. D.,Arsenal Football Club,4.0,2.0,0.0,0.0,,,False
2025-01-29,international_cup,Juventus Football Club,Sport Lisboa e Benfica,1.0,2.0,0.0,0.0,,,False
2025-01-29,international_cup,Lille Olympique Sporting Club,Feyenoord Rotterdam,3.0,1.0,0.0,0.0,,,False
2025-01-29,international_cup,Manchester City Football Club,Club Brugge Koninklijke Voetbalvereniging,0.0,0.0,0.0,0.0,,,False
2025-01-29,international_cup,Sporting Clube de Portugal,Bologna Football Club 1909,4.0,5.0,0.0,0.0,,,False
2025-01-29,international_cup,Sportklub Puntigamer Sturm Graz,RasenBallsport Leipzig,2.0,1.0,0.0,0.0,,,False
2025-01-29,international_cup,Stade brestois 29,Real Madrid Club de Fútbol,1.0,3.0,0.0,0.0,,,False
2025-01-29,international_cup,Verein für Bewegungsspiele Stuttgart 1893,Paris Saint-Germain Football Club,2.0,1.0,0.0,0.0,,,False
2025-02-11,international_cup,Juventus Football Club,Eindhovense Voetbalvereniging Philips Sport Vereniging,0.0,1.0,0.0,0.0,,,False
2025-02-11,international_cup,Manchester City Football Club,Real Madrid Club de Fútbol,0.0,0.0,0.0,0.0,,,False
2025-02-11,international_cup,Sporting Clube de Portugal,Borussia Dortmund,1.0,1.0,0.0,0.0,,,False
2025-02-11,international_cup,Stade brestois 29,Paris Saint-Germain Football Club,1.0,1.0,0.0,0.0,,,False
2025-02-12,international_cup,Association sportive de Monaco Football Club,Sport Lisboa e Benfica,3.0,2.0,1.0,0.0,,,False
2025-02-12,international_cup,Club Brugge Koninklijke Voetbalvereniging,Atalanta Bergamasca Calcio S.p.a.,0.0,3.0,0.0,0.0,,,False
2025-02-12,international_cup,Feyenoord Rotterdam,Associazione Calcio Milan,2.0,1.0,0.0,0.0,,,False
2025-02-12,international_cup,The Celtic Football Club,FC Bayern München,0.0,0.0,0.0,0.0,,,False
2025-02-18,international_cup,Associazione Calcio Milan,Feyenoord Rotterdam,3.0,2.0,1.0,1.0,,,False
2025-02-18,international_cup,Atalanta Bergamasca Calcio S.p.a.,Club Brugge Koninklijke Voetbalvereniging,3.0,4.0,1.0,0.0,,,False
2025-02-18,international_cup,FC Bayern München,The Celtic Football Club,0.0,0.0,0.0,0.0,,,False
2025-02-18,international_cup,Sport Lisboa e Benfica,Association sportive de Monaco Football Club,2.0,1.0,0.0,0.0,,,False
2025-02-19,international_cup,Borussia Dortmund,Sporting Clube de Portugal,1.0,0.0,0.0,0.0,,,False
2025-02-19,international_cup,Eindhovense Voetbalvereniging Philips Sport Vereniging,Juventus Football Club,1.0,3.0,0.0,0.0,,,False
2025-02-19,international_cup,Paris Saint-Germain Football Club,Stade brestois 29,0.0,2.0,0.0,0.0,,,False
2025-02-19,international_cup,Real Madrid Club de Fútbol,Manchester City Football Club,1.0,2.0,0.0,0.0,,,False
2025-03-04,international_cup,Borussia Dortmund,Lille Olympique Sporting Club,2.0,0.0,0.0,0.0,,,False
2025-03-04,international_cup,Club Brugge Koninklijke Voetbalvereniging,Aston Villa Football Club,0.0,0.0,0.0,0.0,,,False
2025-03-04,international_cup,Eindhovense Voetbalvereniging Philips Sport Vereniging,Arsenal Football Club,1.0,3.0,0.0,0.0,,,False
2025-03-04,international_cup,Real Madrid Club de Fútbol,Club Atlético de Madrid S.A.D.,1.0,0.0,0.0,0.0,,,False
2025-03-05,international_cup,FC Bayern München,Bayer 04 Leverkusen Fußball,2.0,3.0,0.0,1.0,,,False
2025-03-05,international_cup,Feyenoord Rotterdam,Football Club Internazionale Milano S.p.A.,3.0,2.0,0.0,0.0,,,False
2025-03-05,international_cup,Paris Saint-Germain Football Club,Liverpool Football Club,1.0,1.0,0.0,0.0,,,False
2025-03-05,international_cup,Sport Lisboa e Benfica,Futbol Club Barcelona,4.0,1.0,0.0,1.0,,,False
2025-03-11,international_cup,Bayer 04 Leverkusen Fußball,FC Bayern München,4.0,3.0,0.0,0.0,,,False
2025-03-11,international_cup,Football Club Internazionale Milano S.p.A.,Feyenoord Rotterdam,2.0,1.0,0.0,0.0,,,False
2025-03-11,international_cup,Futbol Club Barcelona,Sport Lisboa e Benfica,0.0,1.0,0.0,0.0,,,False
2025-03-11,international_cup,Liverpool Football Club,Paris Saint-Germain Football Club,1.0,1.0,0.0,0.0,,,False
2025-03-12,international_cup,Arsenal Football Club,Eindhovense Voetbalvereniging Philips Sport Vereniging,3.0,1.0,0.0,0.0,,,False
2025-03-12,international_cup,Aston Villa Football Club,Club Brugge Koninklijke Voetbalvereniging,0.0,1.0,0.0,1.0,,,False
2025-03-12,international_cup,Club Atlético de Madrid S.A.D.,Real Madrid Club de Fútbol,4.0,4.0,0.0,0.0,,,False
2025-03-12,international_cup,Lille Olympique Sporting Club,Borussia Dortmund,2.0,3.0,0.0,0.0,,,False
2025-04-08,international_cup,Arsenal Football Club,Real Madrid Club de Fútbol,1.0,1.0,0.0,1.0,,,False
2025-04-08,international_cup,FC Bayern München,Football Club Internazionale Milano S.p.A.,1.0,4.0,0.0,0.0,,,False
2025-04-09,international_cup,Futbol Club Barcelona,Borussia Dortmund,0.0,2.0,0.0,0.0,,,False
2025-04-09,international_cup,Paris Saint-Germain Football Club,Aston Villa Football Club,0.0,1.0,0.0,0.0,,,False
2025-04-15,international_cup,Aston Villa Football Club,Paris Saint-Germain Football Club,1.0,0.0,0.0,0.0,,,False
2025-04-15,international_cup,Borussia Dortmund,Futbol Club Barcelona,1.0,1.0,0.0,0.0,,,False
2025-04-16,international_cup,Football Club Internazionale Milano S.p.A.,FC Bayern München,2.0,2.0,0.0,0.0,,,False
2025-04-16,international_cup,Real Madrid Club de Fútbol,Arsenal Football Club,3.0,2.0,0.0,0.0,,,False
2025-04-29,international_cup,Arsenal Football Club,Paris Saint-Germain Football Club,2.0,2.0,0.0,0.0,,,False
2025-04-30,international_cup,Futbol Club Barcelona,Football Club Internazionale Milano S.p.A.,1.0,1.0,0.0,0.0,,,False
2025-05-06,international_cup,Football Club Internazionale Milano S.p.A.,Futbol Club Barcelona,5.0,2.0,0.0,0.0,,,False
2025-05-07,international_cup,Paris Saint-Germain Football Club,Arsenal Football Club,2.0,4.0,0.0,0.0,,,False
2025-05-31,international_cup,Paris Saint-Germain Football Club,Football Club Internazionale Milano S.p.A.,2.0,3.0,0.0,0.0,,,False
2025-07-02,UEFA Women's Euro,Iceland Women's,WNT Finland,,,,,5.0,6.0,False
2025-07-02,UEFA Women's Euro,Switzerland Women's,Norway Women's,,,,,7.0,3.0,False
2025-07-03,UEFA Women's Euro,Belgium Women's,Italy Women's,,,,,4.0,5.0,False
2025-07-03,UEFA Women's Euro,Spain Women's,Portugal Women's,,,,,10.0,1.0,False
2025-07-04,UEFA Women's Euro,Denmark Women's,Sweden Women's,,,,,4.0,8.0,False
2025-07-04,UEFA Women's Euro,Germany Women's,Poland Women's,,,,,7.0,4.0,False
2025-07-05,UEFA Women's Euro,France Women's,England Women's,,,,,1.0,6.0,False
2025-07-05,UEFA Women's Euro,Wales,Netherlands Women's,,,,,4.0,4.0,False
2025-07-06,UEFA Women's Euro,Norway Women's,WNT Finland,,,,,6.0,6.0,False
2025-07-06,UEFA Women's Euro,Switzerland Women's,Iceland Women's,,,,,6.0,1.0,False
2025-07-07,UEFA Women's Euro,Portugal Women's,Italy Women's,,,,,4.0,5.0,False
2025-07-07,UEFA Women's Euro,Spain Women's,Belgium Women's,,,,,11.0,1.0,False
2025-07-08,international_cup,AC Virtus Acquaviva,HSK Zrinjski Mostar,3.0,2.0,0.0,0.0,,,False
2025-07-08,international_cup,FC Drita,FC Differdange 03,0.0,2.0,0.0,0.0,,,False
2025-07-08,international_cup,FC Noah Yerevan,Buducnost Podgorica,3.0,4.0,0.0,0.0,,,False
2025-07-08,UEFA Women's Euro,Germany Women's,Denmark Women's,,,,,10.0,3.0,False
2025-07-08,international_cup,Iberia 1999 Tbilisi,Malmö Fotbollförening,0.0,2.0,0.0,0.0,,,False
2025-07-08,international_cup,KF Egnatia,Breidablik Kópavogur,5.0,2.0,1.0,0.0,,,False
2025-07-08,international_cup,Kuopion Palloseura,FC Milsami Orhei,1.0,2.0,0.0,0.0,,,False
2025-07-08,international_cup,Levadia Tallinn,FC RFS,0.0,0.0,0.0,0.0,,,False
2025-07-08,international_cup,NK Olimpija Ljubljana,Kairat Almaty,3.0,4.0,0.0,0.0,,,False
2025-07-08,UEFA Women's Euro,Poland Women's,Sweden Women's,,,,,2.0,7.0,False
2025-07-08,international_cup,The New Saints,Shkendija Tetovo,3.0,1.0,0.0,0.0,,,False
2025-07-08,international_cup,Víkingur Gøta,Lincoln Red Imps FC,2.0,3.0,1.0,0.0,,,False
2025-07-09,UEFA Women's Euro,England Women's,Netherlands Women's,,,,,4.0,5.0,False
2025-07-09,international_cup,FK Zalgiris Vilnius,Hamrun Spartans,0.0,1.0,0.0,0.0,,,False
2025-07-09,UEFA Women's Euro,France Women's,Wales,,,,,5.0,3.0,False
2025-07-09,international_cup,Ludogorets Razgrad,Dinamo Minsk,1.0,4.0,0.0,0.0,,,False
2025-07-09,international_cup,SC Fotbal Club FCSB SA,Inter Club d'Escaldes,3.0,1.0,0.0,0.0,,,False
2025-07-09,international_cup,Shelbourne FC,Linfield FC,1.0,2.0,0.0,0.0,,,False
2025-07-10,UEFA Women's Euro,Norway Women's,Iceland Women's,,,,,11.0,1.0,False
2025-07-10,UEFA Women's Euro,WNT Finland,Switzerland Women's,,,,,4.0,4.0,False
2025-07-11,UEFA Women's Euro,Italy Women's,Spain Women's,,,,,5.0,9.0,False
2025-07-11,UEFA Women's Euro,Portugal Women's,Belgium Women's,,,,,5.0,3.0,False
2025-07-12,UEFA Women's Euro,Poland Women's,Denmark Women's,,,,,1.0,5.0,False
2025-07-12,UEFA Women's Euro,Sweden Women's,Germany Women's,,,,,6.0,2.0,False
2025-07-13,UEFA Women's Euro,England Women's,Wales,,,,,6.0,2.0,False
2025-07-13,UEFA Women's Euro,Netherlands Women's,France Women's,,,,,4.0,5.0,False
2025-07-15,international_cup,Breidablik Kópavogur,KF Egnatia,2.0,7.0,0.0,0.0,,,False
2025-07-15,international_cup,Buducnost Podgorica,FC Noah Yerevan,4.0,1.0,1.0,0.0,,,False
2025-07-15,international_cup,FC Differdange 03,FC Drita,2.0,4.0,0.0,0.0,,,False
2025-07-15,international_cup,FC Milsami Orhei,Kuopion Palloseura,1.0,3.0,0.0,0.0,,,False
2025-07-15,international_cup,FC RFS,Levadia Tallinn,1.0,4.0,0.0,0.0,,,False
2025-07-15,international_cup,HSK Zrinjski Mostar,AC Virtus Acquaviva,0.0,3.0,0.0,0.0,,,False
2025-07-15,international_cup,Hamrun Spartans,FK Zalgiris Vilnius,3.0,3.0,0.0,1.0,,,False
2025-07-15,international_cup,Inter Club d'Escaldes,SC Fotbal Club FCSB SA,1.0,2.0,0.0,0.0,,,False
2025-07-15,international_cup,Kairat Almaty,NK Olimpija Ljubljana,4.0,1.0,0.0,0.0,,,False
2025-07-15,international_cup,Lincoln Red Imps FC,Víkingur Gøta,1.0,2.0,0.0,0.0,,,False
2025-07-15,international_cup,Malmö Fotbollförening,Iberia 1999 Tbilisi,2.0,4.0,0.0,1.0,,,False
2025-07-15,international_cup,Shkendija Tetovo,The New Saints,4.0,6.0,0.0,0.0,,,False
2025-07-16,international_cup,Dinamo Minsk,Ludogorets Razgrad,3.0,3.0,0.0,0.0,,,False
2025-07-16,international_cup,Linfield FC,Shelbourne FC,0.0,2.0,1.0,0.0,,,False
2025-07-16,UEFA Women's Euro,Norway Women's,Italy Women's,,,,,7.0,7.0,False
2025-07-17,UEFA Women's Euro,Sweden Women's,England Women's,,,,,6.0,6.0,False
2025-07-18,UEFA Women's Euro,Spain Women's,Switzerland Women's,,,,,6.0,0.0,False
2025-07-19,UEFA Women's Euro,France Women's,Germany Women's,,,,,5.0,2.0,False
2025-07-22,UEFA Women's Euro,England Women's,Italy Women's,,,,,10.0,3.0,False
2025-07-22,international_cup,FC Noah Yerevan,Ferencvárosi TC,2.0,0.0,0.0,1.0,,,False
2025-07-22,international_cup,FC RFS,Malmö Fotbollförening,0.0,0.0,0.0,0.0,,,False
2025-07-22,international_cup,"FC Viktoria Plzeň, a.s.",Servette Football Club 1890 SA,0.0,0.0,0.0,0.0,,,False
2025-07-22,international_cup,Football Club København,FC Drita,1.0,3.0,0.0,0.0,,,False
2025-07-22,international_cup,Hamrun Spartans,Futbolniy Klub Dynamo Kyiv,3.0,3.0,0.0,0.0,,,False
2025-07-22,international_cup,Hrvatski Nogometni Klub Rijeka,Ludogorets Razgrad,2.0,6.0,0.0,0.0,,,False
2025-07-22,international_cup,KKS Lech Poznań Spółka Akcyjna,Breidablik Kópavogur,0.0,2.0,0.0,1.0,,,False
2025-07-22,international_cup,Kuopion Palloseura,Kairat Almaty,1.0,1.0,0.0,0.0,,,False
2025-07-22,international_cup,Lincoln Red Imps FC,Fudbalski klub Crvena zvezda Beograd,2.0,2.0,0.0,1.0,,,False
2025-07-22,international_cup,Pafos FC,Maccabi Tel Aviv,5.0,3.0,0.0,0.0,,,False
2025-07-22,international_cup,Rangers Football Club,Panathinaikos Athlitikos Omilos,2.0,1.0,0.0,1.0,,,False
2025-07-22,international_cup,Shkendija Tetovo,SC Fotbal Club FCSB SA,1.0,1.0,1.0,1.0,,,False
2025-07-22,international_cup,Slovan Bratislava,HSK Zrinjski Mostar,3.0,3.0,0.0,0.0,,,False
2025-07-23,UEFA Women's Euro,Germany Women's,Spain Women's,,,,,6.0,6.0,False
2025-07-23,international_cup,Shelbourne FC,Qarabağ FK,3.0,2.0,0.0,0.0,,,False
2025-07-23,international_cup,Sportsklubben Brann,Fußballclub Red Bull Salzburg,4.0,1.0,0.0,0.0,,,False
2025-07-27,UEFA Women's Euro,England Women's,Spain Women's,,,,,3.0,7.0,False
2025-07-29,international_cup,FC Drita,Football Club København,0.0,3.0,1.0,0.0,,,False
2025-07-29,international_cup,Fudbalski klub Crvena zvezda Beograd,Lincoln Red Imps FC,1.0,1.0,0.0,0.0,,,False
2025-07-29,international_cup,Futbolniy Klub Dynamo Kyiv,Hamrun Spartans,2.0,1.0,0.0,0.0,,,False
2025-07-29,international_cup,HSK Zrinjski Mostar,Slovan Bratislava,2.0,2.0,0.0,0.0,,,False
2025-07-29,international_cup,Kairat Almaty,Kuopion Palloseura,5.0,1.0,1.0,0.0,,,False
2025-07-30,international_cup,Breidablik Kópavogur,KKS Lech Poznań Spółka Akcyjna,1.0,1.0,0.0,0.0,,,False
2025-07-30,international_cup,Ferencvárosi TC,FC Noah Yerevan,2.0,4.0,0.0,0.0,,,False
2025-07-30,international_cup,Fußballclub Red Bull Salzburg,Sportsklubben Brann,5.0,6.0,0.0,0.0,,,False
2025-07-30,international_cup,Ludogorets Razgrad,Hrvatski Nogometni Klub Rijeka,2.0,3.0,0.0,2.0,,,False
2025-07-30,international_cup,Maccabi Tel Aviv,Pafos FC,1.0,3.0,1.0,0.0,,,False
2025-07-30,international_cup,Malmö Fotbollförening,FC RFS,0.0,1.0,0.0,1.0,,,False
2025-07-30,international_cup,Panathinaikos Athlitikos Omilos,Rangers Football Club,1.0,2.0,0.0,0.0,,,False
2025-07-30,international_cup,Qarabağ FK,Shelbourne FC,1.0,3.0,0.0,0.0,,,False
2025-07-30,international_cup,SC Fotbal Club FCSB SA,Shkendija Tetovo,2.0,3.0,0.0,0.0,,,False
2025-07-30,international_cup,Servette Football Club 1890 SA,"FC Viktoria Plzeň, a.s.",3.0,1.0,1.0,1.0,,,False
2025-08-05,international_cup,Futbolniy Klub Dynamo Kyiv,Pafos FC,2.0,3.0,0.0,0.0,,,False
2025-08-05,international_cup,Malmö Fotbollförening,Football Club København,1.0,2.0,0.0,0.0,,,False
2025-08-05,international_cup,Rangers Football Club,"FC Viktoria Plzeň, a.s.",2.0,2.0,0.0,0.0,,,False
2025-08-05,international_cup,Shkendija Tetovo,Qarabağ FK,4.0,3.0,0.0,0.0,,,False
2025-08-06,international_cup,Feyenoord Rotterdam,Fenerbahçe Spor Kulübü,3.0,0.0,0.0,0.0,,,False
2025-08-06,international_cup,Fußballclub Red Bull Salzburg,Club Brugge Koninklijke Voetbalvereniging,1.0,1.0,0.0,0.0,,,False
2025-08-06,international_cup,KKS Lech Poznań Spółka Akcyjna,Fudbalski klub Crvena zvezda Beograd,1.0,1.0,0.0,0.0,,,False
2025-08-06,international_cup,Kairat Almaty,Slovan Bratislava,3.0,5.0,0.0,1.0,,,False
2025-08-06,international_cup,Ludogorets Razgrad,Ferencvárosi TC,1.0,3.0,0.0,0.0,,,False
2025-08-06,international_cup,Olympique Gymnaste Club Nice Côte d'Azur,Sport Lisboa e Benfica,3.0,1.0,0.0,0.0,,,False
2025-08-12,international_cup,Club Brugge Koninklijke Voetbalvereniging,Fußballclub Red Bull Salzburg,1.0,0.0,0.0,0.0,,,False
2025-08-12,international_cup,"FC Viktoria Plzeň, a.s.",Rangers Football Club,1.0,2.0,0.0,0.0,,,False
2025-08-12,international_cup,Fenerbahçe Spor Kulübü,Feyenoord Rotterdam,2.0,2.0,0.0,0.0,,,False
2025-08-12,international_cup,Ferencvárosi TC,Ludogorets Razgrad,3.0,4.0,0.0,0.0,,,False
2025-08-12,international_cup,Football Club København,Malmö Fotbollförening,0.0,2.0,0.0,0.0,,,False
2025-08-12,international_cup,Fudbalski klub Crvena zvezda Beograd,KKS Lech Poznań Spółka Akcyjna,4.0,1.0,1.0,0.0,,,False
2025-08-12,international_cup,Pafos FC,Futbolniy Klub Dynamo Kyiv,1.0,1.0,0.0,0.0,,,False
2025-08-12,international_cup,Qarabağ FK,Shkendija Tetovo,0.0,2.0,0.0,0.0,,,False
2025-08-12,international_cup,Slovan Bratislava,Kairat Almaty,7.0,4.0,1.0,0.0,,,False
2025-08-12,international_cup,Sport Lisboa e Benfica,Olympique Gymnaste Club Nice Côte d'Azur,1.0,2.0,0.0,0.0,,,False
2025-08-13,international_cup,Paris Saint-Germain Football Club,Tottenham Hotspur Football Club,3.0,2.0,0.0,0.0,,,False
2025-08-19,international_cup,Ferencvárosi TC,Qarabağ FK,2.0,1.0,0.0,0.0,,,False
2025-08-19,international_cup,Fudbalski klub Crvena zvezda Beograd,Pafos FC,1.0,1.0,0.0,0.0,,,False
2025-08-19,international_cup,Rangers Football Club,Club Brugge Koninklijke Voetbalvereniging,3.0,1.0,0.0,0.0,,,False
2025-08-20,international_cup,FC Basel 1893 AG,Football Club København,4.0,3.0,1.0,0.0,,,False
2025-08-20,international_cup,Fenerbahçe Spor Kulübü,Sport Lisboa e Benfica,3.0,4.0,0.0,1.0,,,False
2025-08-20,international_cup,Fotballklubben Bodø/Glimt,Sportklub Puntigamer Sturm Graz,1.0,2.0,0.0,0.0,,,False
2025-08-20,international_cup,The Celtic Football Club,Kairat Almaty,2.0,3.0,0.0,0.0,,,False
2025-08-26,international_cup,Kairat Almaty,The Celtic Football Club,0.0,1.0,0.0,0.0,,,False
2025-08-26,international_cup,Pafos FC,Fudbalski klub Crvena zvezda Beograd,3.0,3.0,0.0,0.0,,,False
2025-08-26,international_cup,Sportklub Puntigamer Sturm Graz,Fotballklubben Bodø/Glimt,2.0,1.0,0.0,0.0,,,False
2025-08-27,international_cup,Club Brugge Koninklijke Voetbalvereniging,Rangers Football Club,1.0,1.0,0.0,1.0,,,False
2025-08-27,international_cup,Football Club København,FC Basel 1893 AG,1.0,0.0,0.0,0.0,,,False
2025-08-27,international_cup,Qarabağ FK,Ferencvárosi TC,3.0,3.0,0.0,0.0,,,False
2025-08-27,international_cup,Sport Lisboa e Benfica,Fenerbahçe Spor Kulübü,2.0,3.0,0.0,1.0,,,False
2025-09-16,international_cup,Athletic Club Bilbao,Arsenal Football Club,1.0,3.0,0.0,0.0,,,False
2025-09-16,international_cup,Eindhovense Voetbalvereniging Philips Sport Vereniging,Royale Union Saint-Gilloise,0.0,0.0,0.0,0.0,,,False
2025-09-16,international_cup,Juventus Football Club,Borussia Dortmund,0.0,1.0,0.0,0.0,,,False
2025-09-16,international_cup,Real Madrid Club de Fútbol,Olympique de Marseille,3.0,2.0,1.0,0.0,,,False
2025-09-16,international_cup,Sport Lisboa e Benfica,Qarabağ FK,0.0,0.0,0.0,0.0,,,False
2025-09-16,international_cup,Tottenham Hotspur Football Club,Villarreal Club de Fútbol S.A.D.,4.0,3.0,0.0,0.0,,,False
2025-09-17,international_cup,AFC Ajax Amsterdam,Football Club Internazionale Milano S.p.A.,1.0,2.0,0.0,0.0,,,False
2025-09-17,international_cup,FC Bayern München,Chelsea Football Club,3.0,1.0,0.0,0.0,,,False
2025-09-17,international_cup,Liverpool Football Club,Club Atlético de Madrid S.A.D.,1.0,2.0,0.0,0.0,,,False
2025-09-17,international_cup,Olympiakos Syndesmos Filathlon Peiraios,Pafos FC,3.0,2.0,0.0,1.0,,,False
2025-09-17,international_cup,Paris Saint-Germain Football Club,Atalanta Bergamasca Calcio S.p.a.,0.0,1.0,0.0,0.0,,,False
2025-09-17,international_cup,"SK Slavia Praha, a.s.",Fotballklubben Bodø/Glimt,2.0,3.0,0.0,0.0,,,False
2025-09-18,international_cup,Club Brugge Koninklijke Voetbalvereniging,Association sportive de Monaco Football Club,2.0,2.0,0.0,0.0,,,False
2025-09-18,international_cup,Eintracht Frankfurt Fußball AG,Galatasaray Spor Kulübü,1.0,0.0,0.0,0.0,,,False
2025-09-18,international_cup,Football Club København,Bayer 04 Leverkusen Fußball,3.0,2.0,0.0,0.0,,,False
2025-09-18,international_cup,Manchester City Football Club,Società Sportiva Calcio Napoli,0.0,1.0,0.0,1.0,,,False
2025-09-18,international_cup,Newcastle United Football Club,Futbol Club Barcelona,2.0,4.0,0.0,0.0,,,False
2025-09-18,international_cup,Sporting Clube de Portugal,Kairat Almaty,4.0,2.0,0.0,0.0,,,False
2025-09-30,international_cup,Atalanta Bergamasca Calcio S.p.a.,Club Brugge Koninklijke Voetbalvereniging,2.0,0.0,0.0,0.0,,,False
2025-09-30,international_cup,Chelsea Football Club,Sport Lisboa e Benfica,4.0,4.0,1.0,0.0,,,False
2025-09-30,international_cup,Club Atlético de Madrid S.A.D.,Eintracht Frankfurt Fußball AG,1.0,1.0,0.0,0.0,,,False
2025-09-30,international_cup,Football Club Internazionale Milano S.p.A.,"SK Slavia Praha, a.s.",2.0,1.0,0.0,0.0,,,False
2025-09-30,international_cup,Fotballklubben Bodø/Glimt,Tottenham Hotspur Football Club,2.0,2.0,0.0,0.0,,,False
2025-09-30,international_cup,Galatasaray Spor Kulübü,Liverpool Football Club,5.0,3.0,0.0,0.0,,,False
2025-09-30,international_cup,Kairat Almaty,Real Madrid Club de Fútbol,2.0,0.0,0.0,0.0,,,False
2025-09-30,international_cup,Olympique de Marseille,AFC Ajax Amsterdam,2.0,3.0,0.0,0.0,,,False
2025-09-30,international_cup,Pafos FC,FC Bayern München,1.0,0.0,0.0,0.0,,,False
2025-10-01,international_cup,Arsenal Football Club,Olympiakos Syndesmos Filathlon Peiraios,3.0,1.0,0.0,0.0,,,False
2025-10-01,international_cup,Association sportive de Monaco Football Club,Manchester City Football Club,1.0,4.0,0.0,0.0,,,False
2025-10-01,international_cup,Bayer 04 Leverkusen Fußball,Eindhovense Voetbalvereniging Philips Sport Vereniging,0.0,2.0,0.0,0.0,,,False
2025-10-01,international_cup,Borussia Dortmund,Athletic Club Bilbao,1.0,2.0,0.0,0.0,,,False
2025-10-01,international_cup,Futbol Club Barcelona,Paris Saint-Germain Football Club,4.0,2.0,0.0,0.0,,,False
2025-10-01,international_cup,Qarabağ FK,Football Club København,2.0,1.0,0.0,0.0,,,False
2025-10-01,international_cup,Royale Union Saint-Gilloise,Newcastle United Football Club,4.0,1.0,0.0,0.0,,,False
2025-10-01,international_cup,Società Sportiva Calcio Napoli,Sporting Clube de Portugal,0.0,0.0,0.0,0.0,,,False
2025-10-01,international_cup,Villarreal Club de Fútbol S.A.D.,Juventus Football Club,1.0,3.0,0.0,0.0,,,False
2025-10-21,international_cup,Arsenal Football Club,Club Atlético de Madrid S.A.D.,1.0,2.0,0.0,0.0,,,False
2025-10-21,international_cup,Bayer 04 Leverkusen Fußball,Paris Saint-Germain Football Club,2.0,1.0,1.0,1.0,,,False
2025-10-21,international_cup,Eindhovense Voetbalvereniging Philips Sport Vereniging,Società Sportiva Calcio Napoli,4.0,1.0,0.0,1.0,,,False
2025-10-21,international_cup,Football Club København,Borussia Dortmund,2.0,1.0,0.0,0.0,,,False
2025-10-21,international_cup,Futbol Club Barcelona,Olympiakos Syndesmos Filathlon Peiraios,1.0,3.0,0.0,1.0,,,False
2025-10-21,international_cup,Kairat Almaty,Pafos FC,3.0,1.0,0.0,1.0,,,False
2025-10-21,international_cup,Newcastle United Football Club,Sport Lisboa e Benfica,1.0,1.0,0.0,0.0,,,False
2025-10-21,international_cup,Royale Union Saint-Gilloise,Football Club Internazionale Milano S.p.A.,1.0,1.0,0.0,0.0,,,False
2025-10-21,international_cup,Villarreal Club de Fútbol S.A.D.,Manchester City Football Club,4.0,2.0,0.0,0.0,,,False
2025-10-22,international_cup,Association sportive de Monaco Football Club,Tottenham Hotspur Football Club,0.0,1.0,0.0,0.0,,,False
2025-10-22,international_cup,Atalanta Bergamasca Calcio S.p.a.,"SK Slavia Praha, a.s.",3.0,2.0,0.0,0.0,,,False
2025-10-22,international_cup,Athletic Club Bilbao,Qarabağ FK,0.0,0.0,0.0,0.0,,,False
2025-10-22,international_cup,Chelsea Football Club,AFC Ajax Amsterdam,2.0,1.0,0.0,1.0,,,False
2025-10-22,international_cup,Eintracht Frankfurt Fußball AG,Liverpool Football Club,2.0,0.0,0.0,0.0,,,False
2025-10-22,international_cup,FC Bayern München,Club Brugge Koninklijke Voetbalvereniging,1.0,0.0,0.0,0.0,,,False
2025-10-22,international_cup,Galatasaray Spor Kulübü,Fotballklubben Bodø/Glimt,1.0,1.0,0.0,0.0,,,False
2025-10-22,international_cup,Real Madrid Club de Fútbol,Juventus Football Club,1.0,0.0,0.0,0.0,,,False
2025-10-22,international_cup,Sporting Clube de Portugal,Olympique de Marseille,2.0,3.0,0.0,1.0,,,False
2025-11-04,international_cup,Club Atlético de Madrid S.A.D.,Royale Union Saint-Gilloise,1.0,3.0,0.0,0.0,,,False
2025-11-04,international_cup,Fotballklubben Bodø/Glimt,Association sportive de Monaco Football Club,1.0,4.0,1.0,0.0,,,False
2025-11-04,international_cup,Juventus Football Club,Sporting Clube de Portugal,2.0,3.0,0.0,0.0,,,False
2025-11-04,international_cup,Liverpool Football Club,Real Madrid Club de Fútbol,1.0,4.0,0.0,0.0,,,False
2025-11-04,international_cup,Olympiakos Syndesmos Filathlon Peiraios,Eindhovense Voetbalvereniging Philips Sport Vereniging,1.0,1.0,0.0,0.0,,,False
2025-11-04,international_cup,Paris Saint-Germain Football Club,FC Bayern München,1.0,3.0,0.0,1.0,,,False
2025-11-04,international_cup,"SK Slavia Praha, a.s.",Arsenal Football Club,3.0,4.0,0.0,0.0,,,False
2025-11-04,international_cup,Società Sportiva Calcio Napoli,Eintracht Frankfurt Fußball AG,2.0,1.0,0.0,0.0,,,False
2025-11-04,international_cup,Tottenham Hotspur Football Club,Football Club København,1.0,3.0,1.0,0.0,,,False
2025-11-05,international_cup,AFC Ajax Amsterdam,Galatasaray Spor Kulübü,4.0,0.0,0.0,0.0,,,False
2025-11-05,international_cup,Club Brugge Koninklijke Voetbalvereniging,Futbol Club Barcelona,2.0,3.0,0.0,0.0,,,False
2025-11-05,international_cup,Football Club Internazionale Milano S.p.A.,Kairat Almaty,1.0,1.0,0.0,0.0,,,False
2025-11-05,international_cup,Manchester City Football Club,Borussia Dortmund,2.0,1.0,0.0,0.0,,,False
2025-11-05,international_cup,Newcastle United Football Club,Athletic Club Bilbao,0.0,2.0,0.0,0.0,,,False
2025-11-05,international_cup,Olympique de Marseille,Atalanta Bergamasca Calcio S.p.a.,1.0,2.0,0.0,0.0,,,False
2025-11-05,international_cup,Pafos FC,Villarreal Club de Fútbol S.A.D.,1.0,2.0,0.0,0.0,,,False
2025-11-05,international_cup,Qarabağ FK,Chelsea Football Club,2.0,3.0,0.0,0.0,,,False
2025-11-05,international_cup,Sport Lisboa e Benfica,Bayer 04 Leverkusen Fußball,3.0,3.0,0.0,0.0,,,False
2025-11-25,international_cup,AFC Ajax Amsterdam,Sport Lisboa e Benfica,1.0,1.0,0.0,0.0,,,False
2025-11-25,international_cup,Borussia Dortmund,Villarreal Club de Fútbol S.A.D.,1.0,0.0,0.0,1.0,,,False
2025-11-25,international_cup,Chelsea Football Club,Futbol Club Barcelona,1.0,1.0,0.0,1.0,,,False
2025-11-25,international_cup,Fotballklubben Bodø/Glimt,Juventus Football Club,0.0,4.0,0.0,0.0,,,False
2025-11-25,international_cup,Galatasaray Spor Kulübü,Royale Union Saint-Gilloise,4.0,2.0,1.0,0.0,,,False
2025-11-25,international_cup,Manchester City Football Club,Bayer 04 Leverkusen Fußball,0.0,2.0,0.0,0.0,,,False
2025-11-25,international_cup,Olympique de Marseille,Newcastle United Football Club,5.0,3.0,0.0,0.0,,,False
2025-11-25,international_cup,"SK Slavia Praha, a.s.",Athletic Club Bilbao,2.0,3.0,0.0,0.0,,,False
2025-11-25,international_cup,Società Sportiva Calcio Napoli,Qarabağ FK,2.0,2.0,0.0,0.0,,,False
2025-11-26,international_cup,Arsenal Football Club,FC Bayern München,2.0,2.0,0.0,0.0,,,False
2025-11-26,international_cup,Club Atlético de Madrid S.A.D.,Football Club Internazionale Milano S.p.A.,0.0,1.0,0.0,0.0,,,False
2025-11-26,international_cup,Eintracht Frankfurt Fußball AG,Atalanta Bergamasca Calcio S.p.a.,0.0,0.0,0.0,0.0,,,False
2025-11-26,international_cup,Football Club København,Kairat Almaty,2.0,4.0,0.0,0.0,,,False
2025-11-26,international_cup,Liverpool Football Club,Eindhovense Voetbalvereniging Philips Sport Vereniging,1.0,0.0,0.0,0.0,,,False
2025-11-26,international_cup,Olympiakos Syndesmos Filathlon Peiraios,Real Madrid Club de Fútbol,1.0,2.0,0.0,0.0,,,False
2025-11-26,international_cup,Pafos FC,Association sportive de Monaco Football Club,2.0,3.0,0.0,0.0,,,False
2025-11-26,international_cup,Paris Saint-Germain Football Club,Tottenham Hotspur Football Club,0.0,1.0,1.0,0.0,,,False
2025-11-26,international_cup,Sporting Clube de Portugal,Club Brugge Koninklijke Voetbalvereniging,1.0,3.0,0.0,0.0,,,False
2025-12-09,international_cup,Association sportive de Monaco Football Club,Galatasaray Spor Kulübü,1.0,2.0,0.0,0.0,,,False
2025-12-09,international_cup,Atalanta Bergamasca Calcio S.p.a.,Chelsea Football Club,0.0,1.0,0.0,0.0,,,False
2025-12-09,international_cup,Eindhovense Voetbalvereniging Philips Sport Vereniging,Club Atlético de Madrid S.A.D.,4.0,3.0,0.0,0.0,,,False
2025-12-09,international_cup,FC Bayern München,Sporting Clube de Portugal,2.0,1.0,0.0,0.0,,,False
2025-12-09,international_cup,Football Club Internazionale Milano S.p.A.,Liverpool Football Club,3.0,2.0,0.0,0.0,,,False
2025-12-09,international_cup,Futbol Club Barcelona,Eintracht Frankfurt Fußball AG,2.0,1.0,0.0,0.0,,,False
2025-12-09,international_cup,Kairat Almaty,Olympiakos Syndesmos Filathlon Peiraios,1.0,2.0,0.0,0.0,,,False
2025-12-09,international_cup,Royale Union Saint-Gilloise,Olympique de Marseille,4.0,1.0,0.0,0.0,,,False
2025-12-09,international_cup,Tottenham Hotspur Football Club,"SK Slavia Praha, a.s.",2.0,4.0,0.0,0.0,,,False
2025-12-10,international_cup,Athletic Club Bilbao,Paris Saint-Germain Football Club,3.0,1.0,0.0,0.0,,,False
2025-12-10,international_cup,Bayer 04 Leverkusen Fußball,Newcastle United Football Club,2.0,2.0,0.0,0.0,,,False
2025-12-10,international_cup,Borussia Dortmund,Fotballklubben Bodø/Glimt,1.0,0.0,0.0,0.0,,,False
2025-12-10,international_cup,Club Brugge Koninklijke Voetbalvereniging,Arsenal Football Club,0.0,2.0,0.0,0.0,,,False
2025-12-10,international_cup,Juventus Football Club,Pafos FC,1.0,1.0,0.0,0.0,,,False
2025-12-10,international_cup,Qarabağ FK,AFC Ajax Amsterdam,0.0,1.0,0.0,0.0,,,False
2025-12-10,international_cup,Real Madrid Club de Fútbol,Manchester City Football Club,3.0,3.0,0.0,0.0,,,False
2025-12-10,international_cup,Sport Lisboa e Benfica,Società Sportiva Calcio Napoli,1.0,2.0,0.0,0.0,,,False
2025-12-10,international_cup,Villarreal Club de Fútbol S.A.D.,Football Club København,3.0,2.0,0.0,0.0,,,False
2025-12-21,national_team_competition,Morocco,Comoros,3.0,1.0,0.0,0.0,,,False
2025-12-22,national_team_competition,Egypt,Zimbabwe,2.0,2.0,0.0,0.0,,,False
2025-12-22,national_team_competition,Mali,Zambia,1.0,1.0,0.0,0.0,,,False
2025-12-22,national_team_competition,South Africa,Angola,2.0,2.0,0.0,0.0,,,False
2025-12-23,national_team_competition,Democratic Republic of the Congo,Benin,3.0,3.0,0.0,0.0,,,False
2025-12-23,national_team_competition,Nigeria,Tanzania,1.0,0.0,0.0,0.0,,,False
2025-12-23,national_team_competition,Senegal,Botswana,1.0,2.0,0.0,0.0,,,False
2025-12-23,national_team_competition,Tunisia,Uganda,1.0,2.0,0.0,0.0,,,False
2025-12-24,national_team_competition,Algeria,Sudan,0.0,2.0,0.0,1.0,,,False
2025-12-24,national_team_competition,Burkina Faso,Equatorial Guinea,1.0,1.0,0.0,1.0,,,False
2025-12-24,national_team_competition,Cameroon,Gabon,2.0,1.0,0.0,0.0,,,False
2025-12-24,national_team_competition,Côte d'Ivoire,Mozambique,1.0,2.0,0.0,0.0,,,False
2025-12-26,national_team_competition,Angola,Zimbabwe,3.0,4.0,0.0,0.0,,,False
2025-12-26,national_team_competition,Egypt,South Africa,1.0,3.0,1.0,0.0,,,False
2025-12-26,national_team_competition,Morocco,Mali,1.0,7.0,0.0,0.0,,,False
2025-12-26,national_team_competition,Zambia,Comoros,2.0,0.0,0.0,0.0,,,False
2025-12-27,national_team_competition,Benin,Botswana,2.0,2.0,0.0,0.0,,,False
2025-12-27,national_team_competition,Nigeria,Tunisia,3.0,0.0,0.0,0.0,,,False
2025-12-27,national_team_competition,Senegal,Democratic Republic of the Congo,1.0,0.0,0.0,0.0,,,False
2025-12-27,national_team_competition,Uganda,Tanzania,3.0,2.0,0.0,0.0,,,False
2025-12-28,national_team_competition,Algeria,Burkina Faso,2.0,3.0,0.0,0.0,,,False
2025-12-28,national_team_competition,Côte d'Ivoire,Cameroon,2.0,2.0,0.0,0.0,,,False
2025-12-28,national_team_competition,Equatorial Guinea,Sudan,2.0,3.0,0.0,0.0,,,False
2025-12-28,national_team_competition,Gabon,Mozambique,2.0,1.0,0.0,0.0,,,False
2025-12-29,national_team_competition,Angola,Egypt,1.0,2.0,0.0,0.0,,,False
2025-12-29,national_team_competition,Comoros,Mali,3.0,1.0,0.0,1.0,,,False
2025-12-29,national_team_competition,Zambia,Morocco,4.0,1.0,1.0,0.0,,,False
2025-12-29,national_team_competition,Zimbabwe,South Africa,1.0,1.0,0.0,0.0,,,False
2025-12-30,national_team_competition,Benin,Senegal,4.0,1.0,0.0,1.0,,,False
2025-12-30,national_team_competition,Botswana,Democratic Republic of the Congo,0.0,0.0,0.0,0.0,,,False
2025-12-30,national_team_competition,Tanzania,Tunisia,3.0,1.0,0.0,0.0,,,False
2025-12-30,national_team_competition,Uganda,Nigeria,1.0,2.0,1.0,0.0,,,False
2025-12-31,national_team_competition,Equatorial Guinea,Algeria,4.0,1.0,0.0,0.0,,,False
2025-12-31,national_team_competition,Gabon,Côte d'Ivoire,1.0,2.0,0.0,0.0,,,False
2025-12-31,national_team_competition,Mozambique,Cameroon,0.0,3.0,0.0,0.0,,,False
2025-12-31,national_team_competition,Sudan,Burkina Faso,0.0,2.0,0.0,0.0,,,False
2026-01-03,national_team_competition,Mali,Tunisia,4.0,6.0,1.0,0.0,,,True
2026-01-03,national_team_competition,Senegal,Sudan,2.0,2.0,0.0,0.0,,,False
2026-01-04,national_team_competition,Morocco,Tanzania,1.0,5.0,0.0,0.0,,,False
2026-01-04,national_team_competition,South Africa,Cameroon,5.0,2.0,0.0,0.0,,,False
2026-01-05,national_team_competition,Egypt,Benin,4.0,4.0,0.0,0.0,,,False
2026-01-05,national_team_competition,Nigeria,Mozambique,3.0,1.0,0.0,0.0,,,False
2026-01-06,national_team_competition,Algeria,Democratic Republic of the Congo,3.0,2.0,0.0,0.0,,,False
2026-01-06,national_team_competition,Côte d'Ivoire,Burkina Faso,2.0,1.0,0.0,0.0,,,False
2026-01-09,national_team_competition,Cameroon,Morocco,2.0,2.0,0.0,0.0,,,False
2026-01-09,national_team_competition,Mali,Senegal,2.0,5.0,1.0,0.0,,,False
2026-01-10,national_team_competition,Algeria,Nigeria,5.0,3.0,0.0,0.0,,,False
2026-01-10,national_team_competition,Egypt,Côte d'Ivoire,2.0,0.0,0.0,0.0,,,False
2026-01-14,national_team_competition,Nigeria,Morocco,2.0,0.0,0.0,0.0,,,True
2026-01-14,national_team_competition,Senegal,Egypt,2.0,1.0,0.0,0.0,,,False
2026-01-17,national_team_competition,Egypt,Nigeria,0.0,3.0,0.0,0.0,,,True
2026-01-18,national_team_competition,Senegal,Morocco,5.0,2.0,0.0,0.0,,,False
2026-01-20,international_cup,Football Club Internazionale Milano S.p.A.,Arsenal Football Club,2.0,2.0,0.0,0.0,,,False
2026-01-20,international_cup,Football Club København,Società Sportiva Calcio Napoli,2.0,2.0,1.0,0.0,,,False
2026-01-20,international_cup,Fotballklubben Bodø/Glimt,Manchester City Football Club,0.0,2.0,0.0,1.0,,,False
2026-01-20,international_cup,Kairat Almaty,Club Brugge Koninklijke Voetbalvereniging,2.0,0.0,0.0,0.0,,,False
2026-01-20,international_cup,Olympiakos Syndesmos Filathlon Peiraios,Bayer 04 Leverkusen Fußball,2.0,1.0,0.0,0.0,,,False
2026-01-20,international_cup,Real Madrid Club de Fútbol,Association sportive de Monaco Football Club,1.0,1.0,0.0,0.0,,,False
2026-01-20,international_cup,Sporting Clube de Portugal,Paris Saint-Germain Football Club,2.0,1.0,0.0,0.0,,,False
2026-01-20,international_cup,Tottenham Hotspur Football Club,Borussia Dortmund,1.0,1.0,0.0,1.0,,,False
2026-01-20,international_cup,Villarreal Club de Fútbol S.A.D.,AFC Ajax Amsterdam,3.0,2.0,0.0,0.0,,,False
2026-01-21,international_cup,Atalanta Bergamasca Calcio S.p.a.,Athletic Club Bilbao,0.0,2.0,0.0,0.0,,,False
2026-01-21,international_cup,Chelsea Football Club,Pafos FC,2.0,3.0,0.0,0.0,,,False
2026-01-21,international_cup,FC Bayern München,Royale Union Saint-Gilloise,2.0,1.0,1.0,0.0,,,False
2026-01-21,international_cup,Galatasaray Spor Kulübü,Club Atlético de Madrid S.A.D.,3.0,4.0,0.0,0.0,,,False
2026-01-21,international_cup,Juventus Football Club,Sport Lisboa e Benfica,2.0,0.0,0.0,0.0,,,False
2026-01-21,international_cup,Newcastle United Football Club,Eindhovense Voetbalvereniging Philips Sport Vereniging,2.0,4.0,0.0,0.0,,,False
2026-01-21,international_cup,Olympique de Marseille,Liverpool Football Club,1.0,0.0,0.0,0.0,,,False
2026-01-21,international_cup,Qarabağ FK,Eintracht Frankfurt Fußball AG,1.0,2.0,0.0,0.0,,,False
2026-01-21,international_cup,"SK Slavia Praha, a.s.",Futbol Club Barcelona,0.0,1.0,0.0,0.0,,,False
2026-01-28,international_cup,AFC Ajax Amsterdam,Olympiakos Syndesmos Filathlon Peiraios,0.0,2.0,0.0,0.0,,,False
2026-01-28,international_cup,Arsenal Football Club,Kairat Almaty,1.0,1.0,0.0,0.0,,,False
2026-01-28,international_cup,Association sportive de Monaco Football Club,Juventus Football Club,2.0,2.0,0.0,0.0,,,False
2026-01-28,international_cup,Athletic Club Bilbao,Sporting Clube de Portugal,4.0,5.0,0.0,0.0,,,False
2026-01-28,international_cup,Bayer 04 Leverkusen Fußball,Villarreal Club de Fútbol S.A.D.,0.0,3.0,0.0,0.0,,,False
2026-01-28,international_cup,Borussia Dortmund,Football Club Internazionale Milano S.p.A.,1.0,2.0,0.0,0.0,,,False
2026-01-28,international_cup,Club Atlético de Madrid S.A.D.,Fotballklubben Bodø/Glimt,2.0,2.0,0.0,0.0,,,False
2026-01-28,international_cup,Club Brugge Koninklijke Voetbalvereniging,Olympique de Marseille,1.0,2.0,0.0,0.0,,,False
2026-01-28,international_cup,Eindhovense Voetbalvereniging Philips Sport Vereniging,FC Bayern München,4.0,2.0,1.0,0.0,,,False
2026-01-28,international_cup,Eintracht Frankfurt Fußball AG,Tottenham Hotspur Football Club,0.0,2.0,0.0,0.0,,,False
2026-01-28,international_cup,Futbol Club Barcelona,Football Club København,1.0,4.0,0.0,0.0,,,False
2026-01-28,international_cup,Liverpool Football Club,Qarabağ FK,0.0,1.0,0.0,0.0,,,False
2026-01-28,international_cup,Manchester City Football Club,Galatasaray Spor Kulübü,0.0,1.0,0.0,0.0,,,False
2026-01-28,international_cup,Pafos FC,"SK Slavia Praha, a.s.",2.0,1.0,0.0,1.0,,,False
2026-01-28,international_cup,Paris Saint-Germain Football Club,Newcastle United Football Club,0.0,1.0,0.0,0.0,,,False
2026-01-28,international_cup,Royale Union Saint-Gilloise,Atalanta Bergamasca Calcio S.p.a.,2.0,3.0,0.0,0.0,,,False
2026-01-28,international_cup,Società Sportiva Calcio Napoli,Chelsea Football Club,2.0,1.0,0.0,0.0,,,False
2026-01-28,international_cup,Sport Lisboa e Benfica,Real Madrid Club de Fútbol,2.0,5.0,0.0,2.0,,,False
2026-02-17,international_cup,Association sportive de Monaco Football Club,Paris Saint-Germain Football Club,2.0,0.0,1.0,0.0,,,False
2026-02-17,international_cup,Borussia Dortmund,Atalanta Bergamasca Calcio S.p.a.,2.0,3.0,0.0,0.0,,,False
2026-02-17,international_cup,Galatasaray Spor Kulübü,Juventus Football Club,1.0,2.0,0.0,1.0,,,False
2026-02-17,international_cup,Sport Lisboa e Benfica,Real Madrid Club de Fútbol,2.0,2.0,0.0,0.0,,,False
2026-02-18,international_cup,Club Brugge Koninklijke Voetbalvereniging,Club Atlético de Madrid S.A.D.,1.0,2.0,0.0,0.0,,,False
2026-02-18,international_cup,Fotballklubben Bodø/Glimt,Football Club Internazionale Milano S.p.A.,1.0,1.0,0.0,0.0,,,False
2026-02-18,international_cup,Olympiakos Syndesmos Filathlon Peiraios,Bayer 04 Leverkusen Fußball,1.0,1.0,0.0,0.0,,,False
2026-02-18,international_cup,Qarabağ FK,Newcastle United Football Club,0.0,1.0,0.0,0.0,,,False
2026-02-24,international_cup,Bayer 04 Leverkusen Fußball,Olympiakos Syndesmos Filathlon Peiraios,0.0,1.0,0.0,0.0,,,False
2026-02-24,international_cup,Club Atlético de Madrid S.A.D.,Club Brugge Koninklijke Voetbalvereniging,1.0,2.0,0.0,0.0,,,False
2026-02-24,international_cup,Football Club Internazionale Milano S.p.A.,Fotballklubben Bodø/Glimt,0.0,1.0,0.0,0.0,,,False
2026-02-24,international_cup,Newcastle United Football Club,Qarabağ FK,0.0,1.0,0.0,0.0,,,False
2026-02-25,international_cup,Atalanta Bergamasca Calcio S.p.a.,Borussia Dortmund,1.0,4.0,1.0,2.0,,,False
2026-02-25,international_cup,Juventus Football Club,Galatasaray Spor Kulübü,2.0,4.0,1.0,0.0,,,False
2026-02-25,international_cup,Paris Saint-Germain Football Club,Association sportive de Monaco Football Club,1.0,4.0,0.0,1.0,,,False
2026-02-25,international_cup,Real Madrid Club de Fútbol,Sport Lisboa e Benfica,2.0,2.0,0.0,0.0,,,False
2026-03-10,international_cup,Atalanta Bergamasca Calcio S.p.a.,FC Bayern München,1.0,3.0,0.0,0.0,,,False
2026-03-10,international_cup,Club Atlético de Madrid S.A.D.,Tottenham Hotspur Football Club,0.0,5.0,0.0,0.0,,,False
2026-03-10,international_cup,Galatasaray Spor Kulübü,Liverpool Football Club,1.0,4.0,0.0,0.0,,,False
2026-03-10,international_cup,Newcastle United Football Club,Futbol Club Barcelona,2.0,1.0,0.0,0.0,,,False
2026-03-11,international_cup,Bayer 04 Leverkusen Fußball,Arsenal Football Club,4.0,3.0,0.0,0.0,,,False
2026-03-11,international_cup,Fotballklubben Bodø/Glimt,Sporting Clube de Portugal,2.0,1.0,0.0,0.0,,,False
2026-03-11,international_cup,Paris Saint-Germain Football Club,Chelsea Football Club,1.0,0.0,0.0,0.0,,,False
2026-03-11,international_cup,Real Madrid Club de Fútbol,Manchester City Football Club,0.0,2.0,0.0,0.0,,,False
2026-03-17,international_cup,Arsenal Football Club,Bayer 04 Leverkusen Fußball,0.0,1.0,0.0,0.0,,,False
2026-03-17,international_cup,Chelsea Football Club,Paris Saint-Germain Football Club,0.0,0.0,0.0,0.0,,,False
2026-03-17,international_cup,Manchester City Football Club,Real Madrid Club de Fútbol,1.0,2.0,1.0,0.0,,,False
2026-03-17,international_cup,Sporting Clube de Portugal,Fotballklubben Bodø/Glimt,3.0,4.0,0.0,0.0,,,False
2026-03-18,international_cup,FC Bayern München,Atalanta Bergamasca Calcio S.p.a.,0.0,0.0,0.0,0.0,,,False
2026-03-18,international_cup,Futbol Club Barcelona,Newcastle United Football Club,1.0,3.0,0.0,0.0,,,False
2026-03-18,international_cup,Liverpool Football Club,Galatasaray Spor Kulübü,0.0,0.0,0.0,0.0,,,False
2026-03-18,international_cup,Tottenham Hotspur Football Club,Club Atlético de Madrid S.A.D.,4.0,3.0,0.0,0.0,,,False
2026-04-07,international_cup,Real Madrid Club de Fútbol,FC Bayern München,1.0,4.0,0.0,0.0,,,False
2026-04-07,international_cup,Sporting Clube de Portugal,Arsenal Football Club,1.0,0.0,0.0,0.0,,,False
2026-04-08,international_cup,Futbol Club Barcelona,Club Atlético de Madrid S.A.D.,1.0,3.0,1.0,0.0,,,False
2026-04-08,international_cup,Paris Saint-Germain Football Club,Liverpool Football Club,0.0,2.0,0.0,0.0,,,False
2026-04-14,international_cup,Club Atlético de Madrid S.A.D.,Futbol Club Barcelona,0.0,1.0,0.0,1.0,,,False
2026-04-14,international_cup,Liverpool Football Club,Paris Saint-Germain Football Club,2.0,0.0,0.0,0.0,,,False
2026-04-15,international_cup,Arsenal Football Club,Sporting Clube de Portugal,0.0,1.0,0.0,0.0,,,False
2026-04-15,international_cup,FC Bayern München,Real Madrid Club de Fútbol,1.0,5.0,0.0,2.0,,,False
2026-04-28,international_cup,Paris Saint-Germain Football Club,FC Bayern München,3.0,0.0,0.0,0.0,,,False
2026-04-29,international_cup,Club Atlético de Madrid S.A.D.,Arsenal Football Club,1.0,0.0,0.0,0.0,,,False
2026-05-05,international_cup,Arsenal Football Club,Club Atlético de Madrid S.A.D.,1.0,2.0,0.0,0.0,,,False
2026-05-06,international_cup,FC Bayern München,Paris Saint-Germain Football Club,3.0,3.0,0.0,0.0,,,False
