date,home_team,away_team,home_goals,away_goals,is_neutral,is_intl,home_xg,away_xg,xg_available,home_elo,away_elo,home_avg_attack,home_avg_defense,away_avg_attack,away_avg_defense,home_avg_overall,away_avg_overall
2023-09-08,Paraguay,Peru,0.0,0.0,0,1,1.25,0.34,1,1500.0,1500.0,,,,,,
2023-09-08,Argentina,Ecuador,1.0,0.0,0,1,1.09,0.28,1,1500.0,1500.0,,,,,,
2023-09-08,Colombia,Venezuela,1.0,0.0,0,1,1.15,0.48,1,1500.0,1500.0,,,,,,
2023-09-09,Uruguay,Chile,3.0,1.0,0,1,2.11,0.53,1,1500.0,1500.0,,,,,,
2023-09-09,Brazil,Bolivia,5.0,1.0,0,1,3.59,0.12,1,1500.0,1500.0,,,,,,
2023-09-12,Bolivia,Argentina,0.0,3.0,0,1,0.08,1.72,1,1491.4292623481676,1508.5707376518324,,,,,,
2023-09-13,Venezuela,Paraguay,1.0,0.0,0,1,1.09,1.36,1,1491.4292623481676,1498.5707376518324,,,,,,
2023-09-13,Ecuador,Uruguay,2.0,1.0,0,1,1.68,0.49,1,1491.4292623481676,1508.5707376518324,,,,,,
2023-09-13,Peru,Brazil,0.0,1.0,0,1,0.14,0.78,1,1501.4292623481676,1508.5707376518324,,,,,,
2023-09-13,Chile,Colombia,0.0,0.0,0,1,0.73,0.37,1,1491.4292623481676,1508.5707376518324,,,,,,
2023-10-12,Nepal,Laos,1.0,1.0,1,1,,,0,1500.0,1500.0,,,,,,
2023-10-12,Colombia,Uruguay,2.0,2.0,0,1,1.89,1.81,1,1509.5136723864475,1499.5136723864475,,,,,,
2023-10-12,Maldives,Bangladesh,1.0,1.0,1,1,,,0,1500.0,1500.0,,,,,,
2023-10-12,Singapore,Guam,2.0,1.0,1,1,,,0,1500.0,1500.0,,,,,,
2023-10-12,Yemen,Sri Lanka,3.0,0.0,1,1,,,0,1500.0,1500.0,,,,,,
2023-10-12,Afghanistan,Mongolia,1.0,0.0,1,1,,,0,1500.0,1500.0,,,,,,
2023-10-12,Hong Kong,Bhutan,4.0,0.0,1,1,,,0,1500.0,1500.0,,,,,,
2023-10-12,Myanmar,Macau,5.0,1.0,1,1,,,0,1500.0,1500.0,,,,,,
2023-10-12,Indonesia,Brunei,6.0,0.0,1,1,,,0,1500.0,1500.0,,,,,,
2023-10-12,Taiwan,Timor-Leste,4.0,0.0,1,1,,,0,1500.0,1500.0,,,,,,
2023-10-12,Cambodia,Pakistan,0.0,0.0,1,1,,,0,1500.0,1500.0,,,,,,
2023-10-13,Bolivia,Ecuador,1.0,2.0,0,1,,,0,1480.4863276135525,1500.4863276135525,,,,,,
2023-10-13,Brazil,Venezuela,1.0,1.0,0,1,0.83,0.75,1,1519.7980859851446,1500.2019140148554,,,,,,
2023-10-13,Chile,Peru,2.0,0.0,0,1,1.28,0.14,1,1490.4863276135525,1490.2019140148554,,,,,,
2023-10-13,Argentina,Paraguay,1.0,0.0,0,1,0.81,0.1,1,1519.5136723864475,1489.7980859851446,,,,,,
2023-10-17,Pakistan,Cambodia,1.0,0.0,1,1,,,0,1500.0,1500.0,,,,,,
2023-10-17,Mongolia,Afghanistan,0.0,1.0,1,1,,,0,1490.0,1510.0,,,,,,
2023-10-17,Laos,Nepal,0.0,1.0,1,1,,,0,1500.0,1500.0,,,,,,
2023-10-17,Brunei,Indonesia,0.0,6.0,1,1,,,0,1490.0,1510.0,,,,,,
2023-10-17,Timor-Leste,Taiwan,0.0,3.0,1,1,,,0,1490.0,1510.0,,,,,,
2023-10-17,Macau,Myanmar,0.0,0.0,1,1,,,0,1490.0,1510.0,,,,,,
2023-10-17,Bhutan,Hong Kong,2.0,0.0,1,1,,,0,1490.0,1510.0,,,,,,
2023-10-17,Bangladesh,Maldives,2.0,1.0,1,1,,,0,1500.0,1500.0,,,,,,
2023-10-17,Sri Lanka,Yemen,1.0,1.0,1,1,,,0,1490.0,1510.0,,,,,,
2023-10-17,Guam,Singapore,0.0,1.0,1,1,,,0,1490.0,1510.0,,,,,,
2023-10-18,Ecuador,Colombia,0.0,0.0,0,1,0.53,1.18,1,1511.3476574539968,1507.8036988130114,,,,,,
2023-10-18,Peru,Argentina,0.0,2.0,0,1,0.4,1.22,1,1481.639194280016,1527.2587043765864,,,,,,
2023-10-18,Uruguay,Brazil,2.0,0.0,0,1,0.62,0.28,1,1501.2236459598837,1517.8213163988019,,,,,,
2023-10-18,Venezuela,Chile,3.0,0.0,0,1,2.02,0.38,1,1502.1786836011981,1499.049047348392,,,,,,
2023-10-18,Paraguay,Bolivia,1.0,0.0,0,1,1.12,0.12,1,1482.0530539950057,1469.6249977731081,,,,,,
2023-11-15,Rwanda,Zimbabwe,0.0,0.0,0,1,,,0,1500.0,1500.0,,,,,,
2023-11-15,D.R. Congo,Mauritania,2.0,0.0,0,1,,,0,1500.0,1500.0,,,,,,
2023-11-15,Equatorial Guinea,Namibia,0.0,3.0,0,1,,,0,1500.0,1500.0,,,,,,
2023-11-15,Ethiopia,Sierra Leone,0.0,0.0,0,1,,,0,1500.0,1500.0,,,,,,
2023-11-16,Saudi Arabia,Pakistan,4.0,0.0,0,1,2.43,0.35,1,1500.0,1510.0,,,,,,
2023-11-16,Malaysia,Kyrgyzstan,4.0,3.0,0,1,,,0,1500.0,1500.0,,,,,,
2023-11-16,Australia,Bangladesh,7.0,0.0,0,1,7.02,0.02,1,1500.0,1510.0,,,,,,
2023-11-16,United Arab Emirates,Nepal,4.0,0.0,0,1,,,0,1500.0,1510.0,,,,,,
2023-11-16,Qatar,Afghanistan,8.0,1.0,0,1,5.71,0.41,1,1500.0,1519.4249887221547,,,,,,
2023-11-16,Algeria,Somalia,3.0,1.0,0,1,,,0,1500.0,1500.0,,,,,,
2023-11-16,Burundi,Gambia,3.0,2.0,0,1,,,0,1500.0,1500.0,,,,,,
2023-11-16,Oman,Taiwan,3.0,0.0,0,1,,,0,1500.0,1519.4249887221547,,,,,,
2023-11-16,Nigeria,Lesotho,1.0,1.0,0,1,,,0,1500.0,1500.0,,,,,,
2023-11-16,Thailand,China,1.0,2.0,0,1,1.0,2.05,1,1500.0,1500.0,,,,,,
2023-11-16,Syria,North Korea,1.0,0.0,0,1,,,0,1500.0,1500.0,,,,,,
2023-11-16,Lebanon,Palestine,0.0,0.0,0,1,,,0,1500.0,1500.0,,,,,,
2023-11-16,Kuwait,India,0.0,1.0,0,1,,,0,1500.0,1500.0,,,,,,
2023-11-16,Yemen,Bahrain,0.0,2.0,0,1,,,0,1509.4249887221547,1500.0,,,,,,
2023-11-16,Iran,Hong Kong,4.0,0.0,0,1,,,0,1500.0,1499.4249887221547,,,,,,
2023-11-16,Tajikistan,Jordan,1.0,1.0,0,1,,,0,1500.0,1500.0,,,,,,
2023-11-16,Bolivia,Peru,2.0,0.0,0,1,1.09,0.79,1,1461.402730899097,1471.5131203259252,,,,,,
2023-11-16,Japan,Myanmar,5.0,0.0,0,1,3.13,0.0,1,1500.0,1509.4249887221547,,,,,,
2023-11-16,South Korea,Singapore,5.0,0.0,0,1,,,0,1500.0,1519.4249887221547,,,,,,
2023-11-16,Botswana,Mozambique,2.0,3.0,0,1,,,0,1500.0,1500.0,,,,,,
2023-11-16,Gabon,Kenya,2.0,1.0,0,1,,,0,1500.0,1500.0,,,,,,
2023-11-16,Sudan,Togo,1.0,1.0,0,1,,,0,1500.0,1500.0,,,,,,
2023-11-16,Iraq,Indonesia,5.0,1.0,0,1,,,0,1500.0,1519.4249887221547,,,,,,
2023-11-16,Egypt,Djibouti,6.0,0.0,0,1,,,0,1500.0,1500.0,,,,,,
2023-11-16,Turkmenistan,Uzbekistan,1.0,3.0,0,1,,,0,1500.0,1500.0,,,,,,
2023-11-16,Cape Verde,Angola,0.0,0.0,0,1,,,0,1500.0,1500.0,,,,,,
2023-11-16,Philippines,Vietnam,0.0,2.0,0,1,,,0,1500.0,1500.0,,,,,,
2023-11-17,Venezuela,Ecuador,0.0,0.0,0,1,0.16,0.17,1,1510.661299026106,1509.8186244067745,,,,,,
2023-11-17,Chile,Paraguay,0.0,0.0,0,1,0.74,0.55,1,1490.566431923484,1490.275320869017,,,,,,
2023-11-17,Swaziland,Libya,0.0,1.0,0,1,,,0,1500.0,1500.0,,,,,,
2023-11-17,Ivory Coast,Seychelles,9.0,0.0,0,1,,,0,1500.0,1500.0,,,,,,
2023-11-17,Ghana,Madagascar,1.0,0.0,0,1,,,0,1500.0,1500.0,,,,,,
2023-11-17,Mali,Chad,3.0,1.0,0,1,,,0,1500.0,1500.0,,,,,,
2023-11-17,Guinea,Uganda,2.0,1.0,0,1,,,0,1500.0,1500.0,,,,,,
2023-11-17,Argentina,Uruguay,0.0,2.0,0,1,0.64,0.77,1,1537.3847783306771,1510.2652007305578,,,,,,
2023-11-17,Liberia,Malawi,0.0,1.0,0,1,,,0,1500.0,1500.0,,,,,,
2023-11-17,Comoros,Central Africa,4.0,2.0,0,1,,,0,1500.0,1500.0,,,,,,
2023-11-17,Burkina Faso,Guinea Bissau,1.0,1.0,0,1,,,0,1500.0,1500.0,,,,,,
2023-11-17,Cameroon,Mauritius,3.0,0.0,0,1,,,0,1500.0,1500.0,,,,,,
2023-11-17,Zambia,Congo,4.0,2.0,0,1,,,0,1500.0,1500.0,,,,,,
2023-11-17,Tunisia,Sao Tome and Principe,4.0,0.0,0,1,,,0,1500.0,1500.0,,,,,,
2023-11-17,Colombia,Brazil,2.0,1.0,0,1,1.36,1.08,1,1509.3327318602337,1508.7797616281277,,,,,,
2023-11-18,Senegal,South Sudan,4.0,0.0,0,1,,,0,1500.0,1500.0,,,,,,
2023-11-18,Niger,Tanzania,0.0,1.0,0,1,,,0,1500.0,1500.0,,,,,,
2023-11-18,South Africa,Benin,2.0,1.0,0,1,,,0,1500.0,1500.0,,,,,,
2023-11-19,Sierra Leone,Egypt,0.0,2.0,0,1,,,0,1501.4292623481676,1508.5707376518324,,,,,,
2023-11-19,Mozambique,Algeria,0.0,2.0,0,1,,,0,1511.4292623481676,1508.5707376518324,,,,,,
2023-11-19,Zimbabwe,Nigeria,1.0,1.0,0,1,,,0,1501.4292623481676,1498.5707376518324,,,,,,
2023-11-19,Sudan,D.R. Congo,1.0,0.0,0,1,,,0,1498.5707376518324,1508.5707376518324,,,,,,
2023-11-19,Burundi,Gabon,1.0,2.0,0,1,,,0,1508.5707376518324,1508.5707376518324,,,,,,
2023-11-20,Seychelles,Kenya,0.0,5.0,0,1,,,0,1491.4292623481676,1491.4292623481676,,,,,,
2023-11-20,Chad,Madagascar,0.0,3.0,0,1,,,0,1491.4292623481676,1491.4292623481676,,,,,,
2023-11-20,Djibouti,Guinea Bissau,0.0,1.0,0,1,,,0,1491.4292623481676,1501.4292623481676,,,,,,
2023-11-20,Mali,Central Africa,1.0,1.0,0,1,,,0,1508.5707376518324,1491.4292623481676,,,,,,
2023-11-20,Liberia,Equatorial Guinea,3.0,0.0,0,1,,,0,1488.5707376518324,1488.5707376518324,,,,,,
2023-11-20,Gambia,Ivory Coast,0.0,2.0,0,1,,,0,1491.4292623481676,1508.5707376518324,,,,,,
2023-11-21,Hong Kong,Turkmenistan,2.0,2.0,0,1,,,0,1490.8704592914535,1488.5707376518324,,,,,,
2023-11-21,Philippines,Indonesia,1.0,1.0,0,1,,,0,1488.5707376518324,1510.302743577357,,,,,,
2023-11-21,Afghanistan,Kuwait,0.0,4.0,0,1,,,0,1510.302743577357,1488.5707376518324,,,,,,
2023-11-21,Vietnam,Iraq,0.0,1.0,0,1,,,0,1511.4292623481676,1509.1222451447977,,,,,,
2023-11-21,Comoros,Ghana,1.0,0.0,0,1,,,0,1508.5707376518324,1508.5707376518324,,,,,,
2023-11-21,Kyrgyzstan,Oman,1.0,0.0,0,1,,,0,1491.4292623481676,1509.1222451447977,,,,,,
2023-11-21,Syria,Japan,0.0,5.0,0,1,0.53,3.41,1,1508.5707376518324,1508.8374377265861,,,,,,
2023-11-21,Jordan,Saudi Arabia,0.0,2.0,0,1,0.94,0.79,1,1501.4292623481676,1508.8537673247542,,,,,,
2023-11-21,Uzbekistan,Iran,2.0,2.0,0,1,,,0,1511.4292623481676,1508.5545294307012,,,,,,
2023-11-21,Malawi,Tunisia,0.0,1.0,0,1,,,0,1511.4292623481676,1508.5707376518324,,,,,,
2023-11-21,Taiwan,Malaysia,0.0,1.0,0,1,,,0,1510.302743577357,1508.5707376518324,,,,,,
2023-11-21,Bangladesh,Lebanon,1.0,1.0,0,1,,,0,1501.1462326752458,1498.5707376518324,,,,,,
2023-11-21,Ethiopia,Burkina Faso,0.0,3.0,0,1,,,0,1498.5707376518324,1498.5707376518324,,,,,,
2023-11-21,Pakistan,Tajikistan,1.0,6.0,0,1,,,0,1501.1462326752458,1498.5707376518324,,,,,,
2023-11-21,Palestine,Australia,0.0,1.0,0,1,0.55,0.66,1,1501.4292623481676,1508.8537673247542,,,,,,
2023-11-21,Singapore,Thailand,1.0,3.0,0,1,0.63,1.02,1,1510.302743577357,1488.5707376518324,,,,,,
2023-11-21,Botswana,Guinea,1.0,0.0,0,1,,,0,1488.5707376518324,1508.5707376518324,,,,,,
2023-11-21,Libya,Cameroon,1.0,1.0,0,1,,,0,1511.4292623481676,1508.5707376518324,,,,,,
2023-11-21,Niger,Zambia,2.0,1.0,0,1,,,0,1488.5707376518324,1508.5707376518324,,,,,,
2023-11-21,Swaziland,Cape Verde,0.0,2.0,0,1,,,0,1488.5707376518324,1498.5707376518324,,,,,,
2023-11-21,Nepal,Yemen,0.0,2.0,0,1,,,0,1501.1462326752458,1497.7310859089582,,,,,,
2023-11-21,Lesotho,Benin,0.0,0.0,0,1,,,0,1501.4292623481676,1491.4292623481676,,,,,,
2023-11-21,Myanmar,North Korea,1.0,6.0,0,1,,,0,1500.5875509955686,1491.4292623481676,,,,,,
2023-11-21,India,Qatar,0.0,3.0,0,1,0.5,2.46,1,1511.4292623481676,1509.1222451447977,,,,,,
2023-11-21,Sao Tome and Principe,Namibia,0.0,2.0,0,1,,,0,1491.4292623481676,1511.4292623481676,,,,,,
2023-11-21,Somalia,Uganda,0.0,1.0,0,1,,,0,1491.4292623481676,1491.4292623481676,,,,,,
2023-11-21,South Sudan,Mauritania,0.0,0.0,0,1,,,0,1491.4292623481676,1491.4292623481676,,,,,,
2023-11-21,China,South Korea,0.0,3.0,0,1,0.14,1.7,1,1511.4292623481676,1509.1222451447977,,,,,,
2023-11-21,Mauritius,Angola,0.0,0.0,0,1,,,0,1491.4292623481676,1501.4292623481676,,,,,,
2023-11-21,Tanzania,Morocco,0.0,2.0,0,1,,,0,1511.4292623481676,1500.0,,,,,,
2023-11-21,Bahrain,United Arab Emirates,0.0,2.0,0,1,,,0,1511.6939028131965,1508.8537673247542,,,,,,
2023-11-21,Rwanda,South Africa,2.0,0.0,0,1,,,0,1498.5707376518324,1508.5707376518324,,,,,,
2023-11-21,Togo,Senegal,0.0,0.0,0,1,,,0,1501.4292623481676,1508.5707376518324,,,,,,
2023-11-22,Paraguay,Colombia,0.0,1.0,0,1,0.96,2.3,1,1491.7127899197692,1517.8878824340234,,,,,,
2023-11-22,Peru,Venezuela,1.0,1.0,0,1,0.68,0.89,1,1462.656217368423,1509.2082862935451,,,,,,
2023-11-22,Uruguay,Bolivia,3.0,0.0,0,1,1.89,0.14,1,1522.4491306103364,1470.259633856599,,,,,,
2023-11-22,Ecuador,Chile,1.0,0.0,0,1,1.19,0.56,1,1511.2716371393353,1489.1289628727318,,,,,,
2023-11-22,Brazil,Argentina,0.0,1.0,0,1,0.45,0.19,1,1500.224611054338,1525.2008484508985,,,,,,
2024-03-21,South Korea,Thailand,1.0,1.0,0,1,2.47,1.25,1,1520.6164897198535,1500.6065068626283,,,,,,
2024-03-21,Pakistan,Jordan,0.0,3.0,0,1,,,0,1489.6444340962116,1490.2099383504149,,,,,,
2024-03-21,Iran,Turkmenistan,5.0,0.0,0,1,,,0,1510.0647454257426,1490.0647769314753,,,,,,
2024-03-21,Palestine,Bangladesh,5.0,0.0,0,1,,,0,1490.2099383504149,1499.6444340962116,,,,,,
2024-03-21,Afghanistan,India,0.0,0.0,0,1,,,0,1498.266974366561,1499.935017773112,,,,,,
2024-03-21,Oman,Malaysia,2.0,0.0,0,1,,,0,1500.0494450126505,1520.048797610628,,,,,,
2024-03-21,United Arab Emirates,Yemen,2.0,1.0,0,1,,,0,1520.3630102227069,1509.2564979265835,,,,,,
2024-03-21,Singapore,China,2.0,2.0,0,1,0.5,1.73,1,1498.266974366561,1499.935017773112,,,,,,
2024-03-21,Qatar,Kuwait,3.0,0.0,0,1,1.67,0.32,1,1520.6164897198535,1500.6065068626283,,,,,,
2024-03-21,Myanmar,Syria,1.0,1.0,0,1,,,0,1488.901105140706,1497.1489955628329,,,,,,
2024-03-21,Nepal,Bahrain,0.0,5.0,0,1,,,0,1489.6208206576205,1500.1846599152439,,,,,,
2024-03-21,Indonesia,Vietnam,1.0,0.0,0,1,,,0,1511.1145712748416,1499.935017773112,,,,,,
2024-03-21,Taiwan,Kyrgyzstan,0.0,2.0,0,1,,,0,1498.8246836185613,1500.5020624803149,,,,,,
2024-03-21,Japan,North Korea,1.0,0.0,0,1,1.11,0.17,1,1520.2591798155856,1503.1157082030302,,,,,,
2024-03-21,Saudi Arabia,Tajikistan,1.0,0.0,0,1,1.08,0.77,1,1520.073091322507,1510.0725362308665,,,,,,
2024-03-21,Iraq,Philippines,1.0,0.0,0,1,,,0,1520.6164897198535,1487.7589099543477,,,,,,
2024-03-21,Australia,Lebanon,2.0,0.0,0,1,,,0,1520.073091322507,1500.0725362308665,,,,,,
2024-03-21,Hong Kong,Uzbekistan,0.0,2.0,0,1,,,0,1489.3764200118105,1509.9190463531263,,,,,,
2024-03-22,United States Virgin Islands,British Virgin Islands,1.0,1.0,1,1,,,0,1500.0,1500.0,,,,,,
2024-03-22,Anguilla,Turks and Caicos Islands,0.0,0.0,1,1,,,0,1500.0,1500.0,,,,,,
2024-03-26,British Virgin Islands,United States Virgin Islands,1.0,0.0,1,1,,,0,1500.0,1500.0,,,,,,
2024-03-26,China,Singapore,4.0,1.0,0,1,3.46,0.65,1,1501.317218788197,1496.884773351476,,,,,,
2024-03-26,Philippines,Iraq,0.0,5.0,0,1,,,0,1480.099536335616,1528.2758633385852,,,,,,
2024-03-26,Kyrgyzstan,Taiwan,5.0,1.0,0,1,,,0,1511.8839999318036,1487.4427461670725,,,,,,
2024-03-26,Uzbekistan,Hong Kong,3.0,0.0,0,1,,,0,1520.764871947491,1478.5305944174459,,,,,,
2024-03-26,Syria,Myanmar,7.0,0.0,0,1,,,0,1498.3449662620214,1487.7051344415174,,,,,,
2024-03-26,Yemen,United Arab Emirates,0.0,3.0,0,1,,,0,1500.997371313616,1528.6221368356744,,,,,,
2024-03-26,North Korea,Japan,0.0,3.0,0,1,,,0,1495.0245482910886,1528.3503397275272,,,,,,
2024-03-26,Vietnam,Indonesia,0.0,3.0,0,1,,,0,1491.6779296674054,1519.3716593805482,,,,,,
2024-03-26,Bahrain,Nepal,3.0,0.0,0,1,,,0,1511.314874245825,1478.4906063270394,,,,,,
2024-03-26,Tajikistan,Saudi Arabia,1.0,1.0,0,1,1.79,1.33,1,1501.7825253139563,1528.3631022394172,,,,,,
2024-03-26,Kuwait,Qatar,1.0,2.0,0,1,0.98,1.57,1,1492.5947187700122,1528.6282778124696,,,,,,
2024-03-26,Turkmenistan,Iran,0.0,1.0,0,1,,,0,1482.0527119946885,1518.0768103625294,,,,,,
2024-03-26,Thailand,South Korea,0.0,3.0,0,1,0.24,2.09,1,1502.5947187700122,1518.6282778124696,,,,,,
2024-03-26,Jordan,Pakistan,7.0,0.0,0,1,,,0,1501.6232529771382,1478.2311194694882,,,,,,
2024-03-26,India,Afghanistan,1.0,2.0,0,1,,,0,1501.317218788197,1496.884773351476,,,,,,
2024-03-26,Bangladesh,Palestine,0.0,1.0,0,1,,,0,1490.8067264329354,1499.047646013691,,,,,,
2024-03-26,Malaysia,Oman,0.0,2.0,0,1,,,0,1510.9101459465558,1509.1880966767228,,,,,,
2024-03-26,Lebanon,Australia,0.0,5.0,0,1,0.2,2.88,1,1492.060487510482,1528.0851400428915,,,,,,
2024-03-27,Turks and Caicos Islands,Anguilla,1.0,2.0,1,1,,,0,1500.0,1500.0,,,,,,
2024-06-05,Tunisia,Equatorial Guinea,1.0,0.0,0,1,,,0,1520.0804977734979,1480.0,,,,,,
2024-06-05,Namibia,Liberia,1.0,1.0,0,1,,,0,1522.290592188612,1497.1414753036647,,,,,,
2024-06-05,Antigua and Barbuda,Bermuda,1.0,1.0,0,1,,,0,1500.0,1500.0,,,,,,
2024-06-05,Sierra Leone,Djibouti,2.0,1.0,0,1,,,0,1490.2019140148554,1480.2830296729219,,,,,,
2024-06-05,Central Africa,Chad,1.0,0.0,0,1,,,0,1493.3380470713712,1480.0,,,,,,
2024-06-05,Togo,South Sudan,1.0,1.0,0,1,,,0,1500.2019140148554,1490.0,,,,,,
2024-06-06,Bahrain,Yemen,0.0,0.0,0,1,,,0,1518.9751541491871,1490.354249167632,,,,,,
2024-06-06,Taiwan,Oman,0.0,3.0,0,1,,,0,1479.5531421157748,1520.6658763194498,,,,,,
2024-06-06,Algeria,Guinea,1.0,2.0,0,1,,,0,1520.0804977734979,1499.4320674922767,,,,,,
2024-06-06,Congo,Niger,0.0,3.0,0,1,,,0,1491.4292623481676,1497.709407811388,,,,,,
2024-06-06,Afghanistan,Qatar,0.0,0.0,0,1,,,0,1508.4387714131785,1539.0300479092043,,,,,,
2024-06-06,Benin,Rwanda,1.0,0.0,0,1,,,0,1493.1392359216038,1507.4245049765866,,,,,,
2024-06-06,Egypt,Burkina Faso,2.0,1.0,0,1,,,0,1519.7980859851446,1510.0,,,,,,
2024-06-06,Guinea Bissau,Ethiopia,0.0,0.0,0,1,,,0,1512.5754950234134,1487.1414753036647,,,,,,
2024-06-06,Hong Kong,Iran,2.0,4.0,0,1,,,0,1471.1246557603133,1528.4788523195261,,,,,,
2024-06-06,Curacao,Barbados,4.0,1.0,0,1,,,0,1500.0,1500.0,,,,,,
2024-06-06,Senegal,D.R. Congo,1.0,1.0,0,1,,,0,1509.7980859851446,1499.7169703270781,,,,,,
2024-06-06,Trinidad & Tobago,Grenada,2.0,2.0,0,1,,,0,1500.0,1500.0,,,,,,
2024-06-06,Mali,Ghana,1.0,2.0,0,1,,,0,1506.6619529286288,1500.0,,,,,,
2024-06-06,Guatemala,Dominica,6.0,0.0,0,1,,,0,1500.0,1500.0,,,,,,
2024-06-06,Jamaica,Dominican Republic,1.0,0.0,0,1,,,0,1500.0,1500.0,,,,,,
2024-06-06,Bangladesh,Australia,0.0,2.0,0,1,0.04,1.51,1,1479.610557967081,1538.4871660755302,,,,,,
2024-06-06,China,Thailand,1.0,1.0,0,1,2.13,1.11,1,1509.7632207264944,1491.620188777393,,,,,,
2024-06-06,India,Kuwait,0.0,0.0,0,1,0.64,0.69,1,1489.7632207264944,1482.1929486732774,,,,,,
2024-06-06,Nicaragua,Montserrat,4.0,1.0,0,1,,,0,1500.0,1500.0,,,,,,
2024-06-06,Singapore,South Korea,0.0,7.0,0,1,,,0,1488.4387714131785,1529.6028078050888,,,,,,
2024-06-06,Libya,Mauritius,2.0,1.0,0,1,,,0,1509.9195022265021,1490.2830296729219,,,,,,
2024-06-06,Vietnam,Philippines,3.0,2.0,0,1,,,0,1481.0367842857393,1470.0470472894476,,,,,,
2024-06-06,Pakistan,Saudi Arabia,0.0,3.0,0,1,,,0,1470.312645865822,1529.0361483693055,,,,,,
2024-06-06,Malawi,Sao Tome and Principe,3.0,1.0,0,1,,,0,1499.9195022265021,1480.5679325077233,,,,,,
2024-06-06,Mauritania,Sudan,0.0,2.0,0,1,,,0,1492.8585246963353,1507.4245049765866,,,,,,
2024-06-06,Myanmar,Japan,0.0,5.0,0,1,0.1,2.81,1,1479.432979726052,1538.8298939066135,,,,,,
2024-06-06,Jordan,Tajikistan,3.0,0.0,0,1,,,0,1509.5417265808044,1501.109479184068,,,,,,
2024-06-06,Suriname,Saint Vincent and the Grenadines,4.0,1.0,0,1,,,0,1500.0,1500.0,,,,,,
2024-06-06,Palestine,Lebanon,0.0,0.0,0,1,,,0,1510.2438144795456,1481.6584614778433,,,,,,
2024-06-06,Uzbekistan,Turkmenistan,3.0,1.0,0,1,,,0,1528.1708106046235,1471.6506700376917,,,,,,
2024-06-06,Nepal,United Arab Emirates,0.0,4.0,0,1,,,0,1470.8303264236772,1539.2652589816585,,,,,,
2024-06-06,Kyrgyzstan,Malaysia,1.0,1.0,0,1,,,0,1519.7736039831013,1499.4323663038288,,,,,,
2024-06-06,Indonesia,Iraq,0.0,2.0,0,1,0.37,2.68,1,1530.0128047622143,1538.3283523847535,,,,,,
2024-06-06,North Korea,Syria,1.0,0.0,0,1,,,0,1484.5449941120023,1506.6171209774868,,,,,,
2024-06-07,Honduras,Cuba,3.0,1.0,0,1,,,0,1500.0,1500.0,,,,,,
2024-06-07,Nigeria,South Africa,1.0,1.0,0,1,,,0,1500.0804977734979,1499.7169703270781,,,,,,
2024-06-07,Zimbabwe,Lesotho,0.0,2.0,0,1,,,0,1499.9195022265021,1499.7192887747315,,,,,,
2024-06-07,Costa Rica,Saint Kitts and Nevis,4.0,0.0,0,1,,,0,1500.0,1500.0,,,,,,
2024-06-07,Mozambique,Somalia,2.0,1.0,0,1,,,0,1499.9195022265021,1480.0,,,,,,
2024-06-07,Uganda,Botswana,1.0,0.0,0,1,,,0,1502.8585246963353,1497.709407811388,,,,,,
2024-06-07,El Salvador,Puerto Rico,0.0,0.0,0,1,,,0,1500.0,1500.0,,,,,,
2024-06-07,Kenya,Burundi,1.0,1.0,0,1,,,0,1502.8585246963353,1497.1414753036647,,,,,,
2024-06-07,Morocco,Zambia,2.0,1.0,0,1,,,0,1511.749879890046,1499.4320674922767,,,,,,
2024-06-07,Madagascar,Comoros,2.0,1.0,0,1,,,0,1502.8585246963353,1517.1414753036647,,,,,,
2024-06-07,Angola,Swaziland,1.0,0.0,0,1,,,0,1502.5754950234134,1477.4245049765866,,,,,,
2024-06-07,Haiti,Saint Lucia,2.0,1.0,0,1,,,0,1500.0,1500.0,,,,,,
2024-06-07,Panama,Guyana,2.0,0.0,0,1,,,0,1500.0,1500.0,,,,,,
2024-06-07,Ivory Coast,Gabon,1.0,0.0,0,1,,,0,1519.5136723864475,1520.0,,,,,,
2024-06-08,Cameroon,Cape Verde,4.0,1.0,0,1,,,0,1510.0804977734979,1509.7169703270781,,,,,,
2024-06-08,Anguilla,Suriname,0.0,4.0,0,1,,,0,1510.0,1508.5707376518324,,,,,,
2024-06-08,British Virgin Islands,Guatemala,0.0,3.0,0,1,,,0,1510.0,1508.5707376518324,,,,,,
2024-06-08,Gambia,Seychelles,5.0,1.0,0,1,,,0,1480.4863276135525,1480.0,,,,,,
2024-06-08,Cayman Islands,Antigua and Barbuda,1.0,0.0,0,1,,,0,1500.0,1498.5707376518324,,,,,,
2024-06-09,Djibouti,Ethiopia,1.0,1.0,0,1,,,0,1471.9907367263452,1489.2791562006214,,,,,,
2024-06-09,Namibia,Tunisia,0.0,0.0,0,1,,,0,1520.1607381034773,1527.5443481257084,,,,,,
2024-06-09,Saint Vincent and the Grenadines,El Salvador,1.0,3.0,0,1,,,0,1491.4292623481676,1498.5707376518324,,,,,,
2024-06-09,Aruba,Curacao,0.0,2.0,0,1,,,0,1500.0,1508.5707376518324,,,,,,
2024-06-09,D.R. Congo,Togo,1.0,0.0,0,1,,,0,1501.4292102395634,1498.4862993804866,,,,,,
2024-06-09,Belize,Nicaragua,0.0,4.0,0,1,,,0,1500.0,1508.5707376518324,,,,,,
2024-06-09,Mauritania,Senegal,0.0,1.0,0,1,,,0,1481.842173015783,1508.0858460726593,,,,,,
2024-06-09,Bahamas,Trinidad & Tobago,1.0,7.0,0,1,,,0,1500.0,1498.5707376518324,,,,,,
2024-06-09,Dominica,Jamaica,2.0,3.0,0,1,,,0,1491.4292623481676,1508.5707376518324,,,,,,
2024-06-09,Sao Tome and Principe,Liberia,0.0,1.0,0,1,,,0,1472.537936039688,1499.2713293887994,,,,,,
2024-06-10,Grenada,Costa Rica,0.0,3.0,0,1,,,0,1501.4292623481676,1508.5707376518324,,,,,,
2024-06-10,Benin,Nigeria,2.0,1.0,0,1,,,0,1502.1148888398723,1498.6409875411089,,,,,,
2024-06-10,Somalia,Botswana,1.0,3.0,0,1,,,0,1471.985710481361,1489.2835287219318,,,,,,
2024-06-10,Ghana,Central Africa,4.0,3.0,0,1,,,0,1511.6165555472417,1501.534961909295,,,,,,
2024-06-10,Equatorial Guinea,Malawi,1.0,0.0,0,1,,,0,1472.5361496477894,1507.9494986945374,,,,,,
2024-06-10,Bermuda,Honduras,1.0,6.0,0,1,,,0,1501.4292623481676,1508.5707376518324,,,,,,
2024-06-10,Uganda,Algeria,1.0,2.0,0,1,,,0,1511.2844037857915,1508.0746427385193,,,,,,
2024-06-10,Guinea,Mozambique,0.0,1.0,0,1,,,0,1511.4379225272553,1507.9337917451412,,,,,,
2024-06-10,Barbados,Haiti,1.0,3.0,0,1,,,0,1491.4292623481676,1508.5707376518324,,,,,,
2024-06-10,Burkina Faso,Sierra Leone,2.0,2.0,0,1,,,0,1501.70433139122,1498.4942069614322,,,,,,
2024-06-10,Montserrat,Panama,1.0,3.0,0,1,,,0,1491.4292623481676,1508.5707376518324,,,,,,
2024-06-10,Guinea Bissau,Egypt,1.0,1.0,0,1,,,0,1510.4378141264567,1528.0937545939246,,,,,,
2024-06-11,Lesotho,Rwanda,0.0,1.0,0,1,,,0,1511.1541955457562,1498.4488520583182,,,,,,
2024-06-11,Malaysia,Taiwan,3.0,1.0,0,1,,,0,1501.4297338642505,1469.297401819939,,,,,,
2024-06-11,Chad,Comoros,0.0,2.0,0,1,,,0,1471.8030851620763,1508.1658884154465,,,,,,
2024-06-11,South Korea,China,1.0,0.0,0,1,,,0,1539.857072465429,1507.8266745425904,,,,,,
2024-06-11,North Korea,Myanmar,4.0,1.0,0,1,,,0,1493.7428921330486,1469.7033787272283,,,,,,
2024-06-11,Yemen,Nepal,2.0,2.0,0,1,,,0,1492.5792906672177,1461.3604290510189,,,,,,
2024-06-11,Madagascar,Mali,0.0,0.0,0,1,,,0,1511.8341115845535,1495.0453973813871,,,,,,
2024-06-11,Angola,Cameroon,1.0,1.0,0,1,,,0,1510.4455894700911,1518.6409875411089,,,,,,
2024-06-11,Qatar,India,2.0,1.0,0,1,,,0,1539.588095506819,1488.1212156630486,,,,,,
2024-06-11,Congo,Morocco,0.0,6.0,0,1,,,0,1480.1775038751978,1519.9752197299042,,,,,,
2024-06-11,Indonesia,Philippines,2.0,0.0,0,1,,,0,1518.818753584904,1461.784661284316,,,,,,
2024-06-11,Turkmenistan,Hong Kong,0.0,0.0,0,1,,,0,1464.6239837069875,1461.336294945383,,,,,,
2024-06-11,Iran,Uzbekistan,0.0,0.0,0,1,,,0,1538.2672131344564,1535.1974969353278,,,,,,
2024-06-11,Zambia,Tanzania,0.0,1.0,0,1,,,0,1491.2067276524185,1499.6793824581216,,,,,,
2024-06-11,South Sudan,Sudan,0.0,3.0,0,1,,,0,1491.7156146343689,1518.440856657139,,,,,,
2024-06-11,South Africa,Zimbabwe,3.0,1.0,0,1,,,0,1501.1564805594671,1488.4845954554773,,,,,,
2024-06-11,Thailand,Singapore,3.0,1.0,0,1,,,0,1493.556734961297,1478.1845067528384,,,,,,
2024-06-11,Lebanon,Bangladesh,4.0,0.0,0,1,,,0,1483.8825303471149,1469.8659917103869,,,,,,
2024-06-11,Iraq,Vietnam,3.0,1.0,0,1,,,0,1549.5224035620638,1489.299170290871,,,,,,
2024-06-11,Gabon,Gambia,3.0,2.0,0,1,,,0,1511.4155479218468,1489.043356325459,,,,,,
2024-06-11,Oman,Kyrgyzstan,1.0,1.0,0,1,,,0,1530.9216166152855,1517.7762364226796,,,,,,
2024-06-11,United Arab Emirates,Bahrain,1.0,1.0,0,1,,,0,1548.7351563543168,1516.7501126496013,,,,,,
2024-06-11,Kenya,Ivory Coast,0.0,0.0,0,1,,,0,1501.2684665299068,1528.0981244646007,,,,,,
2024-06-11,Saint Kitts and Nevis,Bahamas,1.0,0.0,0,1,,,0,1491.4292623481676,1488.530464433567,,,,,,
2024-06-11,Japan,Syria,5.0,0.0,0,1,,,0,1548.5594949054373,1497.4192229564405,,,,,,
2024-06-11,Tajikistan,Pakistan,3.0,0.0,0,1,,,0,1492.775615099555,1460.5636757015309,,,,,,
2024-06-11,Saudi Arabia,Jordan,1.0,2.0,0,1,,,0,1538.7851185335967,1517.8755906653175,,,,,,
2024-06-11,Seychelles,Burundi,1.0,3.0,0,1,,,0,1471.4429712880935,1498.7315334700932,,,,,,
2024-06-11,Saint Lucia,Aruba,2.0,2.0,0,1,,,0,1491.4292623481676,1488.8131896945345,,,,,,
2024-06-11,Kuwait,Afghanistan,1.0,0.0,0,1,,,0,1483.8349537367233,1507.880723815564,,,,,,
2024-06-11,Cape Verde,Libya,1.0,0.0,0,1,,,0,1501.1564805594671,1517.9416180478738,,,,,,
2024-06-11,Cuba,Cayman Islands,3.0,0.0,0,1,,,0,1491.4292623481676,1508.530464433567,,,,,,
2024-06-11,Mauritius,Swaziland,2.0,1.0,0,1,,,0,1482.2609138515502,1469.5544105299089,,,,,,
2024-06-11,Australia,Palestine,5.0,0.0,0,1,,,0,1548.2317323322243,1508.019745610274,,,,,,
2024-06-12,Dominican Republic,British Virgin Islands,4.0,0.0,0,1,,,0,1491.4292623481676,1498.530464433567,,,,,,
2024-06-12,Puerto Rico,Anguilla,8.0,0.0,0,1,,,0,1501.4292623481676,1498.530464433567,,,,,,
2024-06-12,Guyana,Belize,3.0,1.0,0,1,,,0,1491.4292623481676,1488.8131896945345,,,,,,
2024-09-05,Northern Ireland,Luxembourg,2.0,0.0,0,1,1.3,0.2,1,1500.0,1500.0,,,,,,
2024-09-05,Australia,Bahrain,0.0,1.0,0,1,,,0,1555.6920418930335,1519.0669873695572,,,,,,
2024-09-05,San Marino,Liechtenstein,1.0,0.0,0,1,0.56,0.33,1,1500.0,1500.0,,,,,,
2024-09-05,Uzbekistan,North Korea,1.0,0.0,0,1,,,0,1536.7131965375875,1501.643546902793,,,,,,
2024-09-05,Portugal,Croatia,2.0,1.0,0,1,1.2,0.58,1,1500.0,1500.0,,,,,,
2024-09-05,South Korea,Palestine,0.0,0.0,0,1,,,0,1547.53896245615,1500.5594360494647,,,,,,
2024-09-05,Jordan,Kuwait,1.0,1.0,0,1,,,0,1529.888657242215,1493.0893174250618,,,,,,
2024-09-05,Denmark,Switzerland,2.0,0.0,0,1,1.64,0.4,1,1500.0,1500.0,,,,,,
2024-09-05,Qatar,United Arab Emirates,1.0,3.0,0,1,,,0,1546.7479346448827,1546.418281634361,,,,,,
2024-09-05,Bolivia,Venezuela,4.0,0.0,0,1,,,0,1463.1189042684366,1509.3075224695033,,,,,,
2024-09-05,Estonia,Slovakia,0.0,1.0,0,1,0.05,2.26,1,1500.0,1500.0,,,,,,
2024-09-05,Belarus,Bulgaria,0.0,0.0,0,1,0.42,1.25,1,1500.0,1500.0,,,,,,
2024-09-05,Scotland,Poland,2.0,3.0,0,1,1.59,2.14,1,1500.0,1500.0,,,,,,
2024-09-05,Serbia,Spain,0.0,0.0,0,1,0.73,1.49,1,1500.0,1500.0,,,,,,
2024-09-05,Iraq,Oman,1.0,0.0,0,1,,,0,1556.4522395308115,1529.1238971003534,,,,,,
2024-09-05,Japan,China,7.0,0.0,0,1,,,0,1555.7279785847218,1500.1447845518692,,,,,,
2024-09-05,Saudi Arabia,Indonesia,1.0,1.0,0,1,,,0,1526.7720519566992,1525.8319608983077,,,,,,
2024-09-05,Iran,Kyrgyzstan,1.0,0.0,0,1,,,0,1536.7515135321967,1519.5739559376118,,,,,,
2024-09-05,Azerbaijan,Sweden,1.0,3.0,0,1,2.96,3.46,1,1500.0,1500.0,,,,,,
2024-09-06,Kazakhstan,Norway,0.0,0.0,0,1,0.06,1.69,1,1500.0,1500.0,,,,,,
2024-09-06,France,Italy,1.0,3.0,0,1,0.79,2.12,1,1500.0,1500.0,,,,,,
2024-09-06,Cook Islands,Tonga,1.0,3.0,1,1,,,0,1500.0,1500.0,,,,,,
2024-09-06,Iceland,Montenegro,2.0,0.0,0,1,1.08,0.58,1,1500.0,1500.0,,,,,,
2024-09-06,Kosovo,Romania,0.0,3.0,0,1,0.37,3.06,1,1500.0,1500.0,,,,,,
2024-09-06,American Samoa,Samoa,0.0,2.0,1,1,,,0,1500.0,1500.0,,,,,,
2024-09-06,Belgium,Israel,3.0,1.0,0,1,3.13,0.38,1,1500.0,1500.0,,,,,,
2024-09-06,Lithuania,Cyprus,0.0,1.0,0,1,1.41,0.51,1,1500.0,1500.0,,,,,,
2024-09-06,Argentina,Chile,3.0,0.0,0,1,,,0,1535.9198474001444,1481.1760594752825,,,,,,
2024-09-06,Slovenia,Austria,1.0,1.0,0,1,1.08,1.04,1,1500.0,1500.0,,,,,,
2024-09-06,Wales,Turkey,0.0,0.0,0,1,2.28,0.16,1,1500.0,1500.0,,,,,,
2024-09-07,Uruguay,Paraguay,0.0,0.0,0,1,,,0,1529.5898601984989,1481.0281267957503,,,,,,
2024-09-07,Armenia,Latvia,4.0,1.0,0,1,1.49,0.15,1,1500.0,1500.0,,,,,,
2024-09-07,Moldova,Malta,2.0,0.0,0,1,1.52,0.15,1,1500.0,1500.0,,,,,,
2024-09-07,Ukraine,Albania,1.0,2.0,0,1,0.85,1.34,1,1500.0,1500.0,,,,,,
2024-09-07,Brazil,Ecuador,1.0,0.0,0,1,,,0,1489.5056121050923,1519.2245405367846,,,,,,
2024-09-07,Netherlands,Bosnia-Herzegovina,5.0,2.0,0,1,3.94,0.75,1,1500.0,1500.0,,,,,,
2024-09-07,Greece,Finland,3.0,0.0,0,1,1.75,0.21,1,1500.0,1500.0,,,,,,
2024-09-07,Georgia,Czech Republic,4.0,1.0,0,1,2.41,0.65,1,1500.0,1500.0,,,,,,
2024-09-07,Germany,Hungary,5.0,0.0,0,1,4.25,0.49,1,1500.0,1500.0,,,,,,
2024-09-07,Faroe Islands,Macedonia,1.0,1.0,0,1,1.55,2.15,1,1500.0,1500.0,,,,,,
2024-09-07,Ireland,England,0.0,2.0,0,1,0.37,2.25,1,1500.0,1500.0,,,,,,
2024-09-07,Peru,Colombia,1.0,1.0,0,1,,,0,1462.556981192465,1528.5725455580423,,,,,,
2024-09-08,Croatia,Poland,1.0,0.0,0,1,0.84,0.65,1,1491.4292623481676,1511.4292623481676,,,,,,
2024-09-08,Luxembourg,Belarus,0.0,1.0,0,1,0.18,0.4,1,1491.4292623481676,1498.5707376518324,,,,,,
2024-09-08,Denmark,Serbia,2.0,0.0,0,1,0.49,0.2,1,1508.5707376518324,1498.5707376518324,,,,,,
2024-09-08,Slovakia,Azerbaijan,2.0,0.0,0,1,2.17,0.54,1,1511.4292623481676,1488.5707376518324,,,,,,
2024-09-08,Bulgaria,Northern Ireland,1.0,0.0,0,1,1.32,0.28,1,1501.4292623481676,1508.5707376518324,,,,,,
2024-09-08,Switzerland,Spain,1.0,4.0,0,1,1.08,2.07,1,1491.4292623481676,1501.4292623481676,,,,,,
2024-09-08,Sweden,Estonia,3.0,0.0,0,1,3.65,0.65,1,1511.4292623481676,1488.5707376518324,,,,,,
2024-09-08,Gibraltar,Liechtenstein,2.0,2.0,0,1,1.64,1.08,1,1500.0,1491.4292623481676,,,,,,
2024-09-08,Portugal,Scotland,2.0,1.0,0,1,1.82,0.53,1,1508.5707376518324,1488.5707376518324,,,,,,
2024-09-09,Romania,Lithuania,3.0,1.0,0,1,1.78,1.01,1,1511.4292623481676,1488.5707376518324,,,,,,
2024-09-09,France,Belgium,2.0,0.0,0,1,2.7,0.82,1,1488.5707376518324,1508.5707376518324,,,,,,
2024-09-09,Norway,Austria,2.0,1.0,0,1,0.88,0.88,1,1501.4292623481676,1501.4292623481676,,,,,,
2024-09-09,Montenegro,Wales,1.0,2.0,0,1,1.63,0.85,1,1491.4292623481676,1498.5707376518324,,,,,,
2024-09-09,Tonga,Samoa,1.0,2.0,1,1,,,0,1510.0,1510.0,,,,,,
2024-09-09,Turkey,Iceland,3.0,1.0,0,1,2.22,0.07,1,1501.4292623481676,1508.5707376518324,,,,,,
2024-09-09,Cyprus,Kosovo,0.0,4.0,0,1,0.4,2.64,1,1511.4292623481676,1488.5707376518324,,,,,,
2024-09-09,Slovenia,Kazakhstan,3.0,0.0,0,1,3.33,0.35,1,1498.5707376518324,1498.5707376518324,,,,,,
2024-09-09,Israel,Italy,1.0,2.0,0,1,0.46,1.56,1,1491.4292623481676,1511.4292623481676,,,,,,
2024-09-10,Bahrain,Japan,0.0,5.0,0,1,,,0,1531.5098461724147,1562.7792679859806,,,,,,
2024-09-10,Colombia,Argentina,2.0,1.0,0,1,,,0,1528.1119067832738,1542.993211844047,,,,,,
2024-09-10,Kuwait,Iraq,0.0,0.0,0,1,,,0,1495.5368926308588,1564.262588257287,,,,,,
2024-09-10,Ireland,Greece,0.0,2.0,0,1,0.23,0.61,1,1488.5707376518324,1508.5707376518324,,,,,,
2024-09-10,Macedonia,Armenia,2.0,0.0,0,1,0.92,0.55,1,1501.4292623481676,1508.5707376518324,,,,,,
2024-09-10,Andorra,Malta,0.0,1.0,0,1,0.92,0.66,1,1500.0,1491.4292623481676,,,,,,
2024-09-10,United Arab Emirates,Iran,0.0,1.0,0,1,,,0,1557.8568370722446,1544.8417281355007,,,,,,
2024-09-10,Netherlands,Germany,2.0,2.0,0,1,1.91,2.29,1,1508.5707376518324,1508.5707376518324,,,,,,
2024-09-10,Albania,Georgia,0.0,1.0,0,1,0.14,0.93,1,1511.4292623481676,1508.5707376518324,,,,,,
2024-09-10,Latvia,Faroe Islands,1.0,0.0,0,1,1.64,1.31,1,1491.4292623481676,1498.5707376518324,,,,,,
2024-09-10,North Korea,Qatar,2.0,2.0,0,1,,,0,1494.0442633138373,1535.309379206999,,,,,,
2024-09-10,China,Saudi Arabia,1.0,2.0,0,1,,,0,1493.0934951506104,1525.3162946621244,,,,,,
2024-09-10,Palestine,Jordan,1.0,3.0,0,1,,,0,1503.2804284035026,1527.441082036418,,,,,,
2024-09-10,Indonesia,Australia,0.0,0.0,0,1,,,0,1527.2877181928825,1543.249183090176,,,,,,
2024-09-10,Hungary,Bosnia-Herzegovina,0.0,0.0,0,1,0.92,0.18,1,1491.4292623481676,1491.4292623481676,,,,,,
2024-09-10,England,Finland,2.0,0.0,0,1,2.06,0.1,1,1511.4292623481676,1491.4292623481676,,,,,,
2024-09-10,Czech Republic,Ukraine,3.0,2.0,0,1,2.17,1.71,1,1491.4292623481676,1488.5707376518324,,,,,,
2024-09-10,Kyrgyzstan,Uzbekistan,2.0,3.0,0,1,,,0,1511.4837413343078,1544.3124801265433,,,,,,
2024-09-10,Oman,South Korea,1.0,3.0,0,1,,,0,1521.313548373878,1544.8179701021122,,,,,,
2024-09-11,Paraguay,Brazil,1.0,0.0,0,1,,,0,1483.7912345912482,1498.9225380622754,,,,,,
2024-09-11,Ecuador,Peru,1.0,0.0,0,1,,,0,1509.8076145796015,1463.0176199672335,,,,,,
2024-09-11,Venezuela,Uruguay,0.0,0.0,0,1,,,0,1499.417218455627,1526.826752403001,,,,,,
2024-09-11,Chile,Bolivia,1.0,2.0,0,1,,,0,1474.1026950313799,1473.0092082823128,,,,,,
2024-10-10,Finland,Ireland,1.0,2.0,0,1,1.1,1.49,1,1483.4171982823527,1477.709407811388,,,,,,
2024-10-10,Jordan,South Korea,0.0,2.0,0,1,,,0,1538.1834300365374,1555.5790992316486,,,,,,
2024-10-10,Uzbekistan,Iran,0.0,0.0,0,1,,,0,1554.8063067412495,1556.6358190743028,,,,,,
2024-10-10,Australia,China,3.0,1.0,0,1,,,0,1544.2257683707028,1482.582272248183,,,,,,
2024-10-10,Latvia,Macedonia,0.0,3.0,0,1,0.63,1.11,1,1500.2019140148554,1510.2019140148554,,,,,,
2024-10-10,Moldova,Andorra,2.0,0.0,0,1,0.5,0.26,1,1508.5707376518324,1488.3299889257758,,,,,,
2024-10-10,Bolivia,Colombia,1.0,0.0,0,1,,,0,1484.4692868160216,1537.10453795547,,,,,,
2024-10-10,Faroe Islands,Armenia,2.0,2.0,0,1,0.63,1.54,1,1489.7980859851446,1499.7980859851446,,,,,,
2024-10-10,United Arab Emirates,North Korea,1.0,1.0,0,1,,,0,1546.0627461334425,1493.7929060959536,,,,,,
2024-10-10,Saudi Arabia,Japan,0.0,2.0,0,1,,,0,1535.8275175645517,1573.3178556816729,,,,,,
2024-10-10,Norway,Slovenia,3.0,0.0,0,1,2.33,0.79,1,1510.0,1507.1414753036647,,,,,,
2024-10-10,Israel,France,1.0,4.0,0,1,0.09,1.32,1,1480.5679325077233,1497.709407811388,,,,,,
2024-10-10,Gibraltar,San Marino,1.0,0.0,0,1,0.93,0.74,1,1498.3299889257758,1508.5707376518324,,,,,,
2024-10-10,Iraq,Palestine,1.0,0.0,0,1,,,0,1563.7241406854255,1492.5380804033832,,,,,,
2024-10-10,New Caledonia,Papua New Guinea,3.0,1.0,0,1,,,0,1500.0,1500.0,,,,,,
2024-10-10,Solomon Islands,Fiji,0.0,1.0,0,1,,,0,1500.0,1500.0,,,,,,
2024-10-10,Qatar,Kyrgyzstan,3.0,1.0,0,1,,,0,1535.5607364248826,1500.9899147196015,,,,,,
2024-10-10,Italy,Belgium,2.0,2.0,0,1,1.76,0.89,1,1522.290592188612,1499.4320674922767,,,,,,
2024-10-10,Bahrain,Indonesia,2.0,2.0,0,1,,,0,1520.9712584767224,1526.3111329123558,,,,,,
2024-10-10,England,Greece,1.0,2.0,0,1,0.84,0.74,1,1519.4413264139826,1519.4320674922767,,,,,,
2024-10-10,Austria,Kazakhstan,4.0,0.0,0,1,3.06,0.14,1,1492.8585246963353,1490.0,,,,,,
2024-10-10,Oman,Kuwait,4.0,0.0,0,1,,,0,1510.5524192443415,1496.0753402027203,,,,,,
2024-10-11,New Zealand,Tahiti,3.0,0.0,0,1,,,0,1500.0,1500.0,,,,,,
2024-10-11,Ecuador,Paraguay,0.0,0.0,0,1,,,0,1517.0916742491445,1492.7909887915043,,,,,,
2024-10-11,Chile,Brazil,1.0,2.0,0,1,,,0,1462.642616497671,1489.9227838620193,,,,,,
2024-10-11,Czech Republic,Albania,2.0,0.0,0,1,1.49,0.28,1,1499.9195022265021,1499.9195022265021,,,,,,
2024-10-11,Venezuela,Argentina,1.0,1.0,0,1,,,0,1498.7679273158453,1534.0005806718507,,,,,,
2024-10-11,Slovakia,Sweden,2.0,2.0,0,1,1.83,1.95,1,1519.3624336896225,1519.3624336896225,,,,,,
2024-10-11,Hungary,Netherlands,1.0,1.0,0,1,0.35,0.95,1,1490.0,1507.1414753036647,,,,,,
2024-10-11,Turkey,Montenegro,1.0,0.0,0,1,2.99,0.62,1,1510.2019140148554,1480.2019140148554,,,,,,
2024-10-11,Estonia,Azerbaijan,3.0,1.0,0,1,1.62,1.73,1,1480.6375663103775,1480.6375663103775,,,,,,
2024-10-11,Bosnia-Herzegovina,Germany,1.0,2.0,0,1,0.45,1.81,1,1492.8585246963353,1510.0,,,,,,
2024-10-11,Ukraine,Georgia,1.0,0.0,0,1,0.57,0.68,1,1480.0804977734979,1520.0804977734979,,,,,,
2024-10-11,Iceland,Wales,2.0,2.0,0,1,1.03,2.43,1,1499.7980859851446,1509.7980859851446,,,,,,
2024-10-12,Lithuania,Kosovo,1.0,2.0,0,1,0.94,0.75,1,1480.6375663103775,1500.6375663103775,,,,,,
2024-10-12,Serbia,Switzerland,2.0,0.0,0,1,0.66,1.6,1,1490.2807112252685,1480.2830296729219,,,,,,
2024-10-12,Cyprus,Romania,0.0,3.0,0,1,1.04,2.14,1,1499.3624336896225,1519.3624336896225,,,,,,
2024-10-12,Peru,Uruguay,1.0,0.0,0,1,,,0,1455.7335602976905,1527.4760435427827,,,,,,
2024-10-12,Vanuatu,Samoa,4.0,1.0,0,1,,,0,1500.0,1520.0,,,,,,
2024-10-12,Bulgaria,Luxembourg,0.0,0.0,0,1,0.31,0.78,1,1510.2019140148554,1480.2019140148554,,,,,,
2024-10-12,Belarus,Northern Ireland,0.0,0.0,0,1,0.35,1.15,1,1509.7980859851446,1499.7980859851446,,,,,,
2024-10-12,Croatia,Scotland,2.0,1.0,0,1,1.25,0.91,1,1500.5679325077233,1480.5586735860174,,,,,,
2024-10-12,Spain,Denmark,1.0,0.0,0,1,1.64,0.1,1,1512.5754950234134,1516.8607640783962,,,,,,
2024-10-12,Poland,Portugal,1.0,3.0,0,1,0.89,3.01,1,1502.290592188612,1516.5828017176473,,,,,,
2024-10-13,Faroe Islands,Latvia,1.0,1.0,0,1,1.14,1.48,1,1488.6518533098988,1489.0556813396097,,,,,,
2024-10-13,Greece,Ireland,2.0,0.0,0,1,2.15,0.74,1,1530.8615908887402,1489.2992062212345,,,,,,
2024-10-13,Kazakhstan,Slovenia,0.0,1.0,0,1,0.31,0.58,1,1481.5097601216655,1498.6512354253302,,,,,,
2024-10-13,Austria,Norway,5.0,1.0,0,1,2.28,0.8,1,1501.3487645746698,1518.4902398783345,,,,,,
2024-10-13,Malta,Moldova,1.0,0.0,0,1,2.12,0.33,1,1503.099273422392,1516.5761471685053,,,,,,
2024-10-13,Liechtenstein,Gibraltar,0.0,0.0,0,1,0.91,0.19,1,1493.099273422392,1507.1905950573284,,,,,,
2024-10-13,Finland,England,1.0,3.0,0,1,1.24,1.62,1,1471.8273998725062,1508.011803017519,,,,,,
2024-10-13,Armenia,Macedonia,0.0,2.0,0,1,1.01,0.45,1,1500.9443186603903,1521.3481466901012,,,,,,
2024-10-14,Estonia,Sweden,0.0,3.0,0,1,0.27,2.49,1,1489.2083039622098,1520.7916960377902,,,,,,
2024-10-14,Ukraine,Czech Republic,1.0,1.0,0,1,1.55,1.01,1,1489.7927540901778,1508.4902398783345,,,,,,
2024-10-14,Germany,Netherlands,1.0,0.0,0,1,0.91,0.13,1,1520.9429347346152,1508.0844100382799,,,,,,
2024-10-14,Belgium,France,1.0,2.0,0,1,2.69,1.49,1,1501.4988961508218,1508.6523425460032,,,,,,
2024-10-14,Italy,Israel,4.0,1.0,0,1,2.77,0.26,1,1520.223763530067,1469.6249977731081,,,,,,
2024-10-14,Wales,Montenegro,1.0,0.0,0,1,1.93,0.26,1,1510.9443186603903,1472.4646504179184,,,,,,
2024-10-14,Azerbaijan,Slovakia,1.0,3.0,0,1,1.69,0.97,1,1472.066828658545,1517.933171341455,,,,,,
2024-10-14,Bosnia-Herzegovina,Hungary,0.0,2.0,0,1,1.09,1.36,1,1481.9155899617201,1489.0570652653848,,,,,,
2024-10-14,Iceland,Turkey,2.0,4.0,0,1,1.11,3.03,1,1498.6518533098988,1517.9391776117925,,,,,,
2024-10-14,Georgia,Albania,0.0,1.0,0,1,1.33,0.55,1,1510.368241456818,1491.3487645746698,,,,,,
2024-10-15,Spain,Serbia,3.0,0.0,0,1,2.92,0.37,1,1521.2672602724708,1498.5708024309938,,,,,,
2024-10-15,Poland,Croatia,3.0,3.0,0,1,1.27,1.27,1,1491.2664427741,1508.5797406132212,,,,,,
2024-10-15,Japan,Australia,1.0,1.0,0,1,,,0,1583.6777571805405,1551.1186256689366,,,,,,
2024-10-15,Colombia,Chile,4.0,0.0,0,1,,,0,1527.028690785089,1451.989617675493,,,,,,
2024-10-15,South Korea,Iraq,3.0,2.0,0,1,,,0,1566.5147822299768,1570.371018262621,,,,,,
2024-10-15,Scotland,Portugal,0.0,0.0,0,1,0.43,1.47,1,1472.5468654805195,1527.6069511321593,,,,,,
2024-10-15,Switzerland,Denmark,2.0,2.0,0,1,2.13,1.15,1,1471.9929384671966,1508.1689988293388,,,,,,
2024-10-15,Palestine,Kuwait,2.0,2.0,0,1,,,0,1485.8912028261877,1487.9101246433922,,,,,,
2024-10-15,Lithuania,Romania,1.0,2.0,0,1,1.14,1.37,1,1469.776236469933,1530.223763530067,,,,,,
2024-10-15,Kosovo,Cyprus,3.0,0.0,0,1,1.89,0.4,1,1511.4988961508218,1488.5011038491782,,,,,,
2024-10-15,Northern Ireland,Bulgaria,5.0,0.0,0,1,1.49,1.22,1,1501.5080595585807,1507.9391776117925,,,,,,
2024-10-15,China,Indonesia,2.0,1.0,0,1,,,0,1475.6894149499492,1527.5895214219122,,,,,,
2024-10-15,Belarus,Luxembourg,1.0,1.0,0,1,1.59,1.27,1,1508.0881124117084,1482.4646504179184,,,,,,
2024-10-15,Saudi Arabia,Bahrain,0.0,0.0,0,1,,,0,1525.467616065684,1519.692869967166,,,,,,
2024-10-15,Jordan,Oman,4.0,0.0,0,1,,,0,1527.2477470382091,1518.7176348036696,,,,,,
2024-10-15,Iran,Qatar,4.0,1.0,0,1,,,0,1558.0134611361455,1543.1735546102914,,,,,,
2024-10-15,Uzbekistan,United Arab Emirates,1.0,0.0,0,1,,,0,1553.428664679407,1543.2013524503823,,,,,,
2024-10-15,Kyrgyzstan,North Korea,1.0,0.0,0,1,,,0,1493.3770965341928,1496.6542997790139,,,,,,
2024-10-16,Argentina,Bolivia,6.0,0.0,0,1,,,0,1534.425363304957,1494.5451339864026,,,,,,
2024-10-16,Paraguay,Venezuela,2.0,1.0,0,1,,,0,1494.8975187234971,1498.343144682739,,,,,,
2024-10-16,Brazil,Peru,4.0,0.0,0,1,,,0,1500.5757826841973,1466.3585436208782,,,,,,
2024-10-16,Uruguay,Ecuador,0.0,0.0,0,1,,,0,1516.851060219595,1514.9851443171517,,,,,,
2024-11-14,Australia,Saudi Arabia,0.0,0.0,0,1,,,0,1553.4511309957218,1523.8759392831553,,,,,,
2024-11-14,Greece,England,0.0,3.0,0,1,0.57,1.21,1,1538.285575881227,1518.4092384048847,,,,,,
2024-11-14,Solomon Islands,New Caledonia,2.0,3.0,0,1,,,0,1488.5707376518324,1508.5707376518324,,,,,,
2024-11-14,Kazakhstan,Austria,0.0,2.0,0,1,0.1,2.7,1,1470.5668253870504,1510.4058298400546,,,,,,
2024-11-14,United Arab Emirates,Kyrgyzstan,3.0,0.0,0,1,,,0,1534.91767657888,1502.0403547937667,,,,,,
2024-11-14,Macedonia,Latvia,1.0,0.0,0,1,1.61,0.68,1,1532.1979385061636,1490.4735561318616,,,,,,
2024-11-14,Slovenia,Norway,1.0,4.0,0,1,1.56,1.6,1,1509.5941701599454,1509.4331746129496,,,,,,
2024-11-14,North Korea,Iran,2.0,3.0,0,1,,,0,1487.99104151944,1566.168587175089,,,,,,
2024-11-14,Oman,Palestine,1.0,0.0,0,1,,,0,1510.3865091730581,1484.518909342091,,,,,,
2024-11-14,Armenia,Faroe Islands,0.0,1.0,0,1,1.22,0.85,1,1490.094526844328,1487.2339785176468,,,,,,
2024-11-14,Papua New Guinea,Fiji,3.0,3.0,0,1,,,0,1491.4292623481676,1511.4292623481676,,,,,,
2024-11-14,Venezuela,Brazil,1.0,1.0,0,1,,,0,1489.6751251402522,1508.1982001787705,,,,,,
2024-11-14,Kuwait,South Korea,1.0,3.0,0,1,,,0,1489.2824181274889,1575.19441222557,,,,,,
2024-11-14,Iraq,Jordan,0.0,0.0,0,1,,,0,1561.6913882670278,1535.5788726688206,,,,,,
2024-11-14,Ireland,Finland,1.0,0.0,0,1,0.95,1.98,1,1481.8752212287477,1461.4299644851405,,,,,,
2024-11-14,France,Israel,0.0,0.0,0,1,2.22,0.05,1,1519.8793515125014,1462.4421715640135,,,,,,
2024-11-14,Bahrain,China,0.0,1.0,0,1,,,0,1521.2845467496948,1485.7441038651814,,,,,,
2024-11-14,Belgium,Italy,0.0,1.0,0,1,0.52,2.48,1,1490.2718871843235,1527.4065897391615,,,,,,
2024-11-14,Qatar,Uzbekistan,3.0,2.0,0,1,,,0,1535.0184285713478,1561.7123405509092,,,,,,
2024-11-15,Denmark,Spain,1.0,2.0,0,1,0.59,1.8,1,1508.5666739617805,1529.2048974391998,,,,,,
2024-11-15,Portugal,Poland,5.0,1.0,0,1,3.19,0.69,1,1527.461320456346,1490.3284097464946,,,,,,
2024-11-15,Paraguay,Argentina,2.0,1.0,0,1,,,0,1503.5655382659838,1541.8946078787899,,,,,,
2024-11-15,New Zealand,Vanuatu,8.0,1.0,0,1,,,0,1508.5707376518324,1509.1386701595557,,,,,,
2024-11-15,Romania,Kosovo,3.0,0.0,0,1,0.2,1.09,1,1539.9231501315442,1519.4282305983938,,,,,,
2024-11-15,Samoa,Tahiti,0.0,3.0,0,1,,,0,1510.8613298404443,1491.4292623481676,,,,,,
2024-11-15,Indonesia,Japan,0.0,4.0,0,1,,,0,1517.53483250668,1581.3452518537554,,,,,,
2024-11-15,Northern Ireland,Belarus,2.0,0.0,0,1,2.37,0.33,1,1510.2605785713395,1505.9452287005038,,,,,,
2024-11-15,Scotland,Croatia,1.0,0.0,0,1,0.88,1.36,1,1472.692496156333,1509.5177736408266,,,,,,
2024-11-15,San Marino,Gibraltar,1.0,1.0,0,1,2.13,1.74,1,1499.7101315202797,1508.220465504251,,,,,,
2024-11-15,Luxembourg,Bulgaria,0.0,1.0,0,1,1.05,0.28,1,1484.607534129123,1499.1866585990338,,,,,,
2024-11-15,Cyprus,Lithuania,2.0,1.0,0,1,1.27,0.85,1,1480.5717694016062,1460.0768498684558,,,,,,
2024-11-15,Ecuador,Bolivia,4.0,0.0,0,1,,,0,1516.4669740978952,1487.0758894125697,,,,,,
2024-11-15,Switzerland,Serbia,1.0,1.0,0,1,2.4,1.53,1,1471.595263334755,1490.6331652642648,,,,,,
2024-11-16,Germany,Bosnia-Herzegovina,7.0,0.0,0,1,4.03,0.46,1,1529.153205939945,1470.688241628408,,,,,,
2024-11-16,Albania,Czech Republic,0.0,0.0,0,1,0.36,0.4,1,1503.309578932198,1509.388768775694,,,,,,
2024-11-16,Sweden,Slovakia,2.0,1.0,0,1,2.14,0.48,1,1531.3212727204225,1528.0521419494162,,,,,,
2024-11-16,Georgia,Ukraine,1.0,1.0,0,1,1.03,0.9,1,1498.4074270992896,1488.8942251928183,,,,,,
2024-11-16,Turkey,Wales,0.0,0.0,0,1,3.02,0.24,1,1528.820864102887,1518.451331115216,,,,,,
2024-11-16,Uruguay,Colombia,3.0,2.0,0,1,,,0,1515.3692304388514,1533.577507214545,,,,,,
2024-11-16,Netherlands,Hungary,4.0,0.0,0,1,3.12,1.33,1,1499.87413883295,1500.284413598697,,,,,,
2024-11-16,Andorra,Moldova,0.0,1.0,0,1,0.35,1.32,1,1480.3245794091029,1507.623512067273,,,,,,
2024-11-16,Peru,Chile,0.0,0.0,0,1,,,0,1458.736126126305,1445.4408012460372,,,,,,
2024-11-16,Montenegro,Iceland,0.0,2.0,0,1,0.98,1.31,1,1464.9576379630928,1487.7701668188042,,,,,,
2024-11-16,Azerbaijan,Estonia,0.0,0.0,0,1,1.13,0.24,1,1461.9478580505838,1478.6787272795775,,,,,,
2024-11-17,Norway,Kazakhstan,5.0,0.0,0,1,2.23,0.3,1,1520.8669758251776,1460.274451778104,,,,,,
2024-11-17,Macedonia,Faroe Islands,1.0,0.0,0,1,0.73,0.32,1,1539.617570760831,1498.7437955564087,,,,,,
2024-11-17,Latvia,Armenia,1.0,2.0,0,1,0.7,2.02,1,1483.0539238771942,1478.584709805566,,,,,,
2024-11-17,Austria,Slovenia,1.0,1.0,0,1,2.29,0.69,1,1520.6982034490009,1498.1603689477174,,,,,,
2024-11-17,Finland,Greece,0.0,2.0,0,1,0.41,1.13,1,1453.4302063416023,1526.3010588230093,,,,,,
2024-11-17,Israel,Belgium,1.0,0.0,0,1,0.85,0.83,1,1465.4395273925443,1479.901763309927,,,,,,
2024-11-17,Fiji,New Caledonia,1.0,1.0,0,1,,,0,1512.290592188612,1519.4320674922767,,,,,,
2024-11-17,Papua New Guinea,Solomon Islands,1.0,2.0,0,1,,,0,1490.5679325077233,1477.709407811388,,,,,,
2024-11-17,England,Ireland,5.0,0.0,0,1,3.87,0.04,1,1530.3937554631025,1489.874979372286,,,,,,
2024-11-17,Italy,France,1.0,3.0,0,1,0.66,0.39,1,1537.776713613558,1516.8819956839707,,,,,,
2024-11-18,Romania,Cyprus,4.0,1.0,0,1,2.78,0.96,1,1547.9215360945675,1488.5701553646295,,,,,,
2024-11-18,Luxembourg,Northern Ireland,2.0,2.0,0,1,0.6,1.39,1,1473.591556862263,1518.7098695738205,,,,,,
2024-11-18,Croatia,Portugal,1.0,1.0,0,1,2.14,1.31,1,1499.8967909887076,1535.0047215881089,,,,,,
2024-11-18,Samoa,New Zealand,0.0,8.0,0,1,,,0,1498.8890994153628,1517.1574915198926,,,,,,
2024-11-18,Liechtenstein,San Marino,1.0,3.0,0,1,0.65,2.49,1,1492.0694029754693,1498.521607180788,,,,,,
2024-11-18,Tahiti,Vanuatu,2.0,0.0,0,1,,,0,1503.4014927732492,1500.5519162914954,,,,,,
2024-11-18,Bulgaria,Belarus,1.0,1.0,0,1,0.49,0.46,1,1510.2026358658939,1497.4959376980228,,,,,,
2024-11-18,Kosovo,Lithuania,1.0,0.0,0,1,0.6,0.49,1,1511.4298446353705,1452.0784639054325,,,,,,
2024-11-18,Spain,Switzerland,3.0,2.0,0,1,3.33,1.45,1,1540.0479911481534,1470.7064541498678,,,,,,
2024-11-18,Serbia,Denmark,0.0,0.0,0,1,1.91,0.41,1,1491.521974449152,1497.7235802528269,,,,,,
2024-11-18,Poland,Scotland,1.0,2.0,0,1,1.46,1.48,1,1482.7850086147316,1482.313478808452,,,,,,
2024-11-19,Bolivia,Paraguay,2.0,2.0,0,1,,,0,1479.3219905706628,1513.2297481789833,,,,,,
2024-11-19,Hungary,Germany,1.0,1.0,0,1,1.82,1.27,1,1491.7021065687711,1536.1289497199032,,,,,,
2024-11-19,Albania,Ukraine,1.0,2.0,0,1,1.62,1.42,1,1502.052127533307,1490.5905940283326,,,,,,
2024-11-19,Malta,Andorra,0.0,0.0,0,1,0.53,0.6,1,1512.0519085236242,1469.6721183943307,,,,,,
2024-11-19,China,Japan,1.0,3.0,0,1,,,0,1498.1575856587608,1590.947965251749,,,,,,
2024-11-19,Indonesia,Saudi Arabia,2.0,0.0,0,1,,,0,1507.9321191086863,1526.1270715338708,,,,,,
2024-11-19,Wales,Iceland,4.0,1.0,0,1,1.68,1.53,1,1520.171627823536,1498.5510918324148,,,,,,
2024-11-19,Kyrgyzstan,Iran,2.0,3.0,0,1,,,0,1494.3815182587234,1575.359345689449,,,,,,
2024-11-19,Sweden,Azerbaijan,6.0,0.0,0,1,4.48,0.08,1,1539.7999658525505,1460.9932115123415,,,,,,
2024-11-19,Bahrain,Australia,2.0,2.0,0,1,,,0,1508.8710649561153,1551.1999987450063,,,,,,
2024-11-19,Palestine,South Korea,1.0,1.0,0,1,,,0,1476.66849622509,1584.164447356482,,,,,,
2024-11-19,Czech Republic,Georgia,2.0,1.0,0,1,1.63,1.27,1,1510.646220174585,1496.7110582637754,,,,,,
2024-11-19,North Korea,Uzbekistan,0.0,1.0,0,1,,,0,1478.80028300508,1552.3821393413145,,,,,,
2024-11-19,United Arab Emirates,Qatar,5.0,0.0,0,1,,,0,1542.5765131139233,1544.3486297809425,,,,,,
2024-11-19,Oman,Iraq,0.0,1.0,0,1,,,0,1518.2369222900593,1559.5350788873866,,,,,,
2024-11-19,Kuwait,Jordan,1.0,1.0,0,1,,,0,1480.3123829965768,1537.7351820484619,,,,,,
2024-11-19,Montenegro,Turkey,3.0,1.0,0,1,0.87,1.63,1,1454.1767129494822,1527.100567394567,,,,,,
2024-11-19,Slovakia,Estonia,1.0,0.0,0,1,2.23,0.3,1,1519.5734488172882,1479.6333738178198,,,,,,
2024-11-19,Bosnia-Herzegovina,Netherlands,1.0,1.0,0,1,0.54,1.29,1,1463.7124978484499,1508.4564458628759,,,,,,
2024-11-20,Chile,Venezuela,4.0,2.0,0,1,,,0,1447.2426967153754,1488.7716170517335,,,,,,
2024-11-20,Colombia,Ecuador,0.0,1.0,0,1,,,0,1524.4900012230328,1524.2208729398021,,,,,,
2024-11-20,Argentina,Peru,1.0,0.0,0,1,,,0,1532.2303979657904,1456.9342306569667,,,,,,
2024-11-20,Brazil,Uruguay,1.0,1.0,0,1,,,0,1509.1017082672893,1524.4567364303637,,,,,,
2025-03-19,Liberia,Tunisia,0.0,1.0,0,1,,,0,1509.9399969035167,1528.7648316583939,,,,,,
2025-03-19,Central Africa,Madagascar,1.0,4.0,0,1,,,0,1493.24721517581,1509.9351121044224,,,,,,
2025-03-19,Swaziland,Cameroon,0.0,0.0,0,1,,,0,1461.3399036200387,1519.8384474542913,,,,,,
2025-03-19,Tanzania,Congo,3.0,0.0,0,1,,,0,1510.868975958302,1469.883942904852,,,,,,
2025-03-20,Denmark,Portugal,1.0,0.0,0,1,2.78,0.51,1,1498.9775637953223,1535.4330874984591,,,,,,
2025-03-20,Slovakia,Slovenia,0.0,0.0,0,1,0.79,0.25,1,1527.041081285425,1500.218360011169,,,,,,
2025-03-20,Mozambique,Uganda,3.0,1.0,0,1,,,0,1519.461705235535,1499.764766211322,,,,,,
2025-03-20,Ukraine,Belgium,3.0,1.0,0,1,2.82,0.59,1,1502.3413743005228,1470.9210700589679,,,,,,
2025-03-20,Kosovo,Iceland,2.0,1.0,0,1,1.48,1.11,1,1518.3824266829681,1490.5837854457957,,,,,,
2025-03-20,Iran,United Arab Emirates,2.0,0.0,0,1,1.51,0.3,1,1584.4700873554532,1551.1972504618054,,,,,,
2025-03-20,Japan,Bahrain,2.0,0.0,0,1,1.38,0.39,1,1599.722548792838,1508.6503097928794,,,,,,
2025-03-20,Comoros,Mali,0.0,3.0,0,1,,,0,1518.5581970413796,1496.9443968615183,,,,,,
2025-03-20,Greece,Scotland,0.0,1.0,0,1,2.84,1.49,1,1535.6437319580364,1493.7560330471126,,,,,,
2025-03-20,Austria,Serbia,1.0,1.0,0,1,2.31,0.36,1,1518.6402123855494,1490.2679909066565,,,,,,
2025-03-20,Armenia,Georgia,0.0,3.0,0,1,0.29,1.69,1,1490.1397405800003,1488.530765856972,,,,,,
2025-03-20,Zimbabwe,Benin,2.0,2.0,0,1,,,0,1480.269123900896,1510.5878251231854,,,,,,
2025-03-20,Sierra Leone,Guinea Bissau,3.0,1.0,0,1,,,0,1500.0138547533602,1509.509557270927,,,,,,
2025-03-20,Gabon,Seychelles,3.0,0.0,0,1,,,0,1519.3621229692355,1460.7902130582745,,,,,,
2025-03-20,Italy,Germany,1.0,2.0,0,1,1.18,1.11,1,1525.7640560303782,1536.2893443116955,,,,,,
2025-03-20,Uzbekistan,Kyrgyzstan,1.0,0.0,0,1,3.34,0.05,1,1561.704439331381,1485.2707765927191,,,,,,
2025-03-20,Malawi,Namibia,0.0,1.0,0,1,,,0,1498.3690897577806,1518.940254570792,,,,,,
2025-03-20,Gambia,Kenya,3.0,3.0,0,1,,,0,1481.0967812780702,1500.6025573953918,,,,,,
2025-03-20,Turkey,Hungary,3.0,1.0,0,1,0.7,0.94,1,1516.4417216171357,1491.5417119769788,,,,,,
2025-03-20,Bulgaria,Ireland,1.0,2.0,0,1,0.32,1.75,1,1508.4171373464253,1482.42292852071,,,,,,
2025-03-20,Iraq,Kuwait,2.0,2.0,0,1,1.22,1.33,1,1569.7854857159289,1480.525995827417,,,,,,
2025-03-20,Cape Verde,Mauritius,1.0,0.0,0,1,,,0,1510.2033817753777,1490.4754207614203,,,,,,
2025-03-20,Saudi Arabia,China,1.0,0.0,0,1,1.54,0.1,1,1517.0399458534216,1489.3830021176718,,,,,,
2025-03-20,Qatar,North Korea,5.0,1.0,0,1,2.45,0.46,1,1535.7278924330603,1469.4779830150135,,,,,,
2025-03-20,Jordan,Palestine,3.0,1.0,0,1,0.96,0.86,1,1537.5215692176216,1478.308419762128,,,,,,
2025-03-20,Croatia,France,2.0,0.0,0,1,1.43,1.49,1,1499.4684250783573,1528.8946532671505,,,,,,
2025-03-20,South Korea,Oman,1.0,1.0,0,1,0.67,0.17,1,1582.5245238194439,1507.986515461517,,,,,,
2025-03-20,Australia,Indonesia,5.0,1.0,0,1,2.2,1.78,1,1551.4207539082422,1517.0192447891354,,,,,,
2025-03-20,Netherlands,Spain,2.0,2.0,0,1,0.61,1.48,1,1508.6077156600365,1546.7420728631673,,,,,,
2025-03-20,Libya,Angola,1.0,1.0,0,1,,,0,1508.8947168319633,1509.2481295569087,,,,,,
2025-03-21,Andorra,Latvia,0.0,1.0,0,1,0.37,0.47,1,1472.2700856721694,1471.49889310276,,,,,,
2025-03-21,England,Albania,2.0,0.0,0,1,1.58,0.06,1,1537.8458063146784,1490.3013472611167,,,,,,
2025-03-21,Rwanda,Nigeria,0.0,2.0,0,1,,,0,1510.234312829953,1490.1680512577957,,,,,,
2025-03-21,Guinea,Somalia,0.0,0.0,0,1,,,0,1499.9100090368615,1461.047235837262,,,,,,
2025-03-21,Ecuador,Venezuela,2.0,1.0,0,1,2.68,1.05,1,1535.657722343802,1479.0153860212517,,,,,,
2025-03-21,Cyprus,San Marino,2.0,0.0,0,1,2.81,0.37,1,1481.6175733170319,1509.768490700022,,,,,,
2025-03-21,Paraguay,Chile,1.0,0.0,0,1,0.76,0.85,1,1513.6925892193963,1456.9989277458571,,,,,,
2025-03-21,D.R. Congo,South Sudan,1.0,0.0,0,1,,,0,1509.9170767381067,1481.0467135549839,,,,,,
2025-03-21,Ethiopia,Egypt,0.0,2.0,0,1,,,0,1490.2178989797312,1529.0220114494543,,,,,,
2025-03-21,Ghana,Chad,5.0,0.0,0,1,,,0,1519.9043022807266,1461.4107765361432,,,,,,
2025-03-21,South Africa,Lesotho,0.0,3.0,0,1,,,0,1509.3719521140486,1499.3687347741213,,,,,,
2025-03-21,Burkina Faso,Djibouti,4.0,1.0,0,1,,,0,1500.184683599292,1471.0519939472354,,,,,,
2025-03-21,Peru,Bolivia,3.0,1.0,0,1,1.55,1.31,1,1450.391930966413,1478.8591495302499,,,,,,
2025-03-21,Brazil,Colombia,2.0,1.0,0,1,2.44,0.62,1,1508.107837766749,1513.0531518190328,,,,,,
2025-03-21,Equatorial Guinea,Sao Tome and Principe,2.0,0.0,0,1,,,0,1482.1165585845463,1461.8692685249707,,,,,,
2025-03-21,New Caledonia,Tahiti,3.0,0.0,1,1,,,0,1520.659415825589,1511.891984332342,,,,,,
2025-03-21,Burundi,Ivory Coast,0.0,1.0,0,1,,,0,1509.3842916999122,1528.7640335991157,,,,,,
2025-03-21,Malta,Finland,0.0,1.0,0,1,1.85,1.88,1,1509.4539412457855,1444.0875332065752,,,,,,
2025-03-21,Botswana,Algeria,1.0,3.0,0,1,,,0,1500.2220033660308,1519.5942803129888,,,,,,
2025-03-21,New Zealand,Fiji,7.0,0.0,1,1,,,0,1528.0682696499703,1511.0632438552998,,,,,,
2025-03-21,Poland,Lithuania,1.0,0.0,0,1,1.73,0.66,1,1471.342454376071,1445.1258818578349,,,,,,
2025-03-21,Niger,Morocco,1.0,2.0,0,1,,,0,1508.961166284358,1530.26878070025,,,,,,
2025-03-21,Romania,Bosnia-Herzegovina,0.0,1.0,0,1,1.65,0.89,1,1554.8741181421651,1463.5612280512892,,,,,,
2025-03-22,Congo,Zambia,0.0,3.0,0,1,,,0,1462.4444364810859,1480.0171341522382,,,,,,
2025-03-22,Liechtenstein,Macedonia,0.0,3.0,0,1,0.19,2.53,1,1480.822519456235,1547.060069744041,,,,,,
2025-03-22,Czech Republic,Faroe Islands,2.0,1.0,0,1,2.13,0.38,1,1518.8265125813884,1491.301296573199,,,,,,
2025-03-22,Togo,Mauritania,2.0,2.0,0,1,,,0,1489.9984328819432,1471.1594745720233,,,,,,
2025-03-22,Uruguay,Argentina,0.0,1.0,0,1,0.19,0.71,1,1525.4506069309039,1538.7726976563442,,,,,,
2025-03-22,Montenegro,Gibraltar,3.0,1.0,0,1,3.27,1.27,1,1464.8355587269134,1509.4089898437428,,,,,,
2025-03-22,Wales,Kazakhstan,3.0,1.0,0,1,2.17,1.04,1,1528.1389342101552,1453.3542398243585,,,,,,
2025-03-22,Israel,Estonia,2.0,1.0,0,1,2.54,0.34,1,1474.4202206435034,1472.165741349683,,,,,,
2025-03-22,Sudan,Senegal,0.0,0.0,0,1,,,0,1529.109757736524,1518.7685445164188,,,,,,
2025-03-22,Moldova,Norway,0.0,5.0,0,1,0.76,2.95,1,1518.275973082045,1527.7871877789232,,,,,,
2025-03-23,Iceland,Kosovo,1.0,3.0,0,1,0.42,2.13,1,1482.78632017344,1526.179891955324,,,,,,
2025-03-23,Hungary,Turkey,0.0,3.0,0,1,1.38,1.62,1,1483.6647203808898,1524.3187132132248,,,,,,
2025-03-23,Spain,Netherlands,4.0,3.0,0,1,3.21,2.8,1,1547.0834607987895,1508.2663277244144,,,,,,
2025-03-23,Portugal,Denmark,5.0,2.0,0,1,3.33,1.98,1,1525.8227314947949,1508.5879197989866,,,,,,
2025-03-23,France,Croatia,3.0,0.0,0,1,2.61,0.18,1,1519.4861228442503,1508.8769555012575,,,,,,
2025-03-23,Ireland,Bulgaria,2.0,1.0,0,1,1.67,0.18,1,1494.5759908473265,1496.2640750198088,,,,,,
2025-03-23,Slovenia,Slovakia,1.0,0.0,0,1,1.97,2.49,1,1502.3941516828918,1524.865289613702,,,,,,
2025-03-23,Belgium,Ukraine,3.0,0.0,0,1,2.43,0.64,1,1463.2225570162614,1510.0398873432293,,,,,,
2025-03-23,Swaziland,Mauritius,3.0,3.0,0,1,,,0,1461.5844626006751,1482.4558350443758,,,,,,
2025-03-23,Serbia,Austria,2.0,0.0,0,1,1.44,1.15,1,1492.4862280005877,1516.421975291618,,,,,,
2025-03-23,Georgia,Armenia,6.0,1.0,0,1,1.91,0.48,1,1500.005361873484,1478.6651445634884,,,,,,
2025-03-23,Kenya,Gabon,1.0,2.0,0,1,,,0,1501.4780048703522,1526.3350703985259,,,,,,
2025-03-23,Germany,Italy,3.0,3.0,0,1,3.24,1.35,1,1547.4206540411446,1514.632746300929,,,,,,
2025-03-23,Scotland,Greece,0.0,3.0,0,1,0.84,1.38,1,1506.3407879059855,1523.0589770991635,,,,,,
2025-03-24,Ethiopia,Djibouti,6.0,1.0,0,1,,,0,1479.8957669269985,1463.2910319247374,,,,,,
2025-03-24,England,Latvia,3.0,0.0,0,1,3.53,0.31,1,1545.1097644265699,1482.9498917935298,,,,,,
2025-03-24,Namibia,Equatorial Guinea,1.0,1.0,0,1,,,0,1529.7852646327394,1490.1217873174896,,,,,,
2025-03-24,Lithuania,Finland,2.0,2.0,0,1,0.49,2.0,1,1437.2850467943156,1457.291159988569,,,,,,
2025-03-24,Ivory Coast,Gambia,1.0,0.0,0,1,,,0,1539.6430807141085,1480.22133380311,,,,,,
2025-03-24,Madagascar,Ghana,0.0,3.0,0,1,,,0,1520.8909841984541,1526.8792992021476,,,,,,
2025-03-24,San Marino,Romania,1.0,5.0,0,1,0.65,3.84,1,1500.3965301566445,1541.0171816126247,,,,,,
2025-03-24,Liberia,Sao Tome and Principe,2.0,1.0,0,1,,,0,1499.045103930904,1453.8640397920274,,,,,,
2025-03-24,Bosnia-Herzegovina,Cyprus,2.0,1.0,0,1,1.02,1.39,1,1477.4181645808296,1490.9895338604094,,,,,,
2025-03-24,Central Africa,Mali,0.0,0.0,0,1,,,0,1482.2913430817782,1508.976904612431,,,,,,
2025-03-24,Albania,Andorra,3.0,0.0,0,1,1.47,0.0,1,1483.0373891492252,1460.8190869813996,,,,,,
2025-03-24,New Caledonia,New Zealand,0.0,3.0,1,1,,,0,1530.4071224126953,1537.5792161194302,,,,,,
2025-03-24,Poland,Malta,2.0,0.0,0,1,2.91,0.19,1,1479.1832894395902,1496.2503144637917,,,,,,
2025-03-24,Tunisia,Malawi,2.0,0.0,0,1,,,0,1539.6597246310066,1487.524079695833,,,,,,
2025-03-24,Guinea Bissau,Burkina Faso,1.0,2.0,0,1,,,0,1500.6701116984277,1507.94564562179,,,,,,
2025-03-25,Gibraltar,Czech Republic,0.0,4.0,0,1,0.01,4.23,1,1499.5651663518668,1526.6314671840194,,,,,,
2025-03-25,Moldova,Estonia,2.0,3.0,0,1,0.52,1.55,1,1507.115859119706,1463.6585074918175,,,,,,
2025-03-25,Palestine,Iraq,2.0,1.0,0,1,1.73,0.69,1,1471.352228145537,1565.9789732188378,,,,,,
2025-03-25,Liechtenstein,Kazakhstan,0.0,2.0,0,1,0.07,1.51,1,1471.2895337536713,1446.7989722101886,,,,,,
2025-03-25,Angola,Cape Verde,1.0,2.0,0,1,,,0,1510.6674262171691,1518.2229674924222,,,,,,
2025-03-25,South Korea,Jordan,1.0,1.0,0,1,1.76,0.28,1,1579.086050636124,1544.4777608342126,,,,,,
2025-03-25,Israel,Norway,2.0,4.0,0,1,0.56,4.22,1,1482.9274545013689,1538.9473017412622,,,,,,
2025-03-25,Rwanda,Lesotho,1.0,1.0,0,1,,,0,1498.2445451727879,1511.0787982421964,,,,,,
2025-03-25,Comoros,Chad,1.0,0.0,0,1,,,0,1506.5256892904667,1454.4357796147222,,,,,,
2025-03-25,China,Australia,0.0,2.0,0,1,0.89,1.02,1,1481.5816559637904,1559.0381681294841,,,,,,
2025-03-25,Egypt,Sierra Leone,1.0,0.0,0,1,,,0,1539.344143502187,1508.8533003258594,,,,,,
2025-03-25,Burundi,Seychelles,5.0,0.0,0,1,,,0,1498.5052445849194,1453.8172656289842,,,,,,
2025-03-25,Nigeria,Zimbabwe,1.0,1.0,0,1,,,0,1502.157818914961,1479.7032557320051,,,,,,
2025-03-25,North Korea,United Arab Emirates,1.0,2.0,0,1,0.51,1.55,1,1462.7044105295722,1543.5491709415849,,,,,,
2025-03-25,Japan,Saudi Arabia,0.0,0.0,0,1,1.04,0.02,1,1605.8715099504961,1524.841292007303,,,,,,
2025-03-25,Kuwait,Oman,0.0,1.0,0,1,0.77,0.76,1,1484.3325083245081,1511.424988644837,,,,,,
2025-03-25,Cameroon,Libya,3.0,1.0,0,1,,,0,1519.593888473655,1507.4754201717028,,,,,,
2025-03-25,Algeria,Mozambique,5.0,1.0,0,1,,,0,1530.4735406259124,1527.482148833087,,,,,,
2025-03-25,Iran,Uzbekistan,2.0,2.0,0,1,2.64,0.96,1,1592.1181668756738,1568.217946232734,,,,,,
2025-03-25,Benin,South Africa,0.0,2.0,0,1,,,0,1511.1536932920762,1497.6618886459735,,,,,,
2025-03-25,Mauritania,D.R. Congo,0.0,2.0,0,1,,,0,1473.1152924443254,1517.685211812937,,,,,,
2025-03-25,Uganda,Guinea,1.0,0.0,0,1,,,0,1491.74432261377,1497.4066829954843,,,,,,
2025-03-25,Sudan,South Sudan,1.0,1.0,0,1,,,0,1527.3902520252384,1473.2785784801536,,,,,,
2025-03-25,Kyrgyzstan,Qatar,3.0,1.0,0,1,0.41,0.63,1,1478.7572696913662,1542.5014649185016,,,,,,
2025-03-25,Bolivia,Uruguay,0.0,0.0,0,1,1.99,0.46,1,1469.4781204998362,1514.398836094864,,,,,,
2025-03-25,Senegal,Togo,2.0,0.0,0,1,,,0,1520.4880502277044,1488.0426150096412,,,,,,
2025-03-25,Macedonia,Wales,1.0,1.0,0,1,1.04,0.8,1,1556.5930554466047,1534.694201824325,,,,,,
2025-03-25,Indonesia,Bahrain,1.0,0.0,0,1,1.19,0.26,1,1509.4018305678935,1502.5013486352213,,,,,,
2025-03-25,Botswana,Somalia,2.0,0.0,0,1,,,0,1489.3427430531071,1463.5505618786392,,,,,,
2025-03-25,Morocco,Tanzania,2.0,0.0,0,1,,,0,1541.0927416535653,1518.308482382068,,,,,,
2025-03-25,Montenegro,Faroe Islands,1.0,0.0,0,1,1.67,0.28,1,1474.6793822187894,1483.496341970568,,,,,,
2025-03-26,Venezuela,Peru,1.0,0.0,0,1,1.88,0.47,1,1471.991905501272,1459.7729599968266,,,,,,
2025-03-26,Colombia,Paraguay,2.0,2.0,0,1,2.16,1.64,1,1504.34270946857,1520.7147234220229,,,,,,
2025-03-26,Argentina,Brazil,4.0,1.0,0,1,1.78,0.12,1,1549.824468492384,1516.8182801172118,,,,,,
2025-03-26,Chile,Ecuador,0.0,0.0,0,1,0.68,0.71,1,1449.9767935432305,1542.681202863782,,,,,,
2025-06-01,Los Angeles FC,Club America,2.0,1.0,0,1,1.43,1.2,1,1500.0,1500.0,,,,,,
2025-06-04,Germany,Portugal,1.0,2.0,0,1,1.11,2.56,1,1545.0819232086985,1533.9113583463143,,,,,,
2025-06-04,Dominica,British Virgin Islands,3.0,0.0,0,1,,,0,1480.4863276135525,1489.7589544456862,,,,,,
2025-06-05,Bermuda,Cayman Islands,5.0,0.0,0,1,,,0,1490.2019140148554,1499.4745480056604,,,,,,
2025-06-05,Bahrain,Saudi Arabia,0.0,2.0,0,1,1.35,1.44,1,1494.1245894454464,1528.4434624335179,,,,,,
2025-06-05,Qatar,Iran,1.0,0.0,0,1,0.49,0.27,1,1532.1060814057776,1590.022654441725,,,,,,
2025-06-05,Grenada,Bahamas,6.0,0.0,0,1,,,0,1490.2019140148554,1480.0413572702762,,,,,,
2025-06-05,Barbados,Aruba,1.0,1.0,0,1,,,0,1480.4863276135525,1490.316129830409,,,,,,
2025-06-05,United Arab Emirates,Uzbekistan,0.0,0.0,0,1,0.79,0.47,1,1552.6637124267857,1570.3134586666827,,,,,,
2025-06-05,Montserrat,Belize,1.0,0.0,0,1,,,0,1480.4863276135525,1480.316129830409,,,,,,
2025-06-05,Iraq,South Korea,0.0,2.0,0,1,0.28,2.08,1,1554.701529787042,1576.6978518843632,,,,,,
2025-06-05,Australia,Japan,1.0,0.0,0,1,0.33,0.47,1,1568.2495471837442,1602.2693395242813,,,,,,
2025-06-05,Kuwait,Palestine,0.0,2.0,0,1,0.51,2.72,1,1473.6741306600416,1482.6296715773328,,,,,,
2025-06-05,Spain,France,5.0,4.0,0,1,2.91,2.78,1,1554.5813661059178,1527.7591338179664,,,,,,
2025-06-05,Oman,Jordan,0.0,3.0,0,1,0.44,2.05,1,1522.0833663093035,1546.8659595859733,,,,,,
2025-06-05,North Korea,Kyrgyzstan,2.0,2.0,0,1,0.93,0.82,1,1453.5898690443714,1489.1526532040903,,,,,,
2025-06-05,Saint Vincent and the Grenadines,Anguilla,6.0,0.0,0,1,,,0,1480.2019140148554,1490.0413572702762,,,,,,
2025-06-05,Indonesia,China,1.0,0.0,0,1,1.35,0.45,1,1517.7785897576684,1472.3702769095303,,,,,,
2025-06-06,Colombia,Peru,0.0,0.0,0,1,0.71,0.4,1,1503.377829388392,1451.544864020346,,,,,,
2025-06-06,Gibraltar,Croatia,0.0,7.0,0,1,0.09,5.74,1,1488.9060384510399,1500.6039445275414,,,,,,
2025-06-06,Czech Republic,Montenegro,2.0,0.0,0,1,1.42,0.43,1,1537.2905950848462,1483.499559522084,,,,,,
2025-06-06,Paraguay,Uruguay,2.0,0.0,0,1,1.46,0.2,1,1521.679603502201,1514.545019237579,,,,,,
2025-06-06,Antigua and Barbuda,Cuba,0.0,1.0,0,1,,,0,1490.0402732182654,1500.4851787760742,,,,,,
2025-06-06,Macedonia,Belgium,1.0,1.0,0,1,1.29,2.16,1,1554.5526834462808,1473.1309549816656,,,,,,
2025-06-06,Norway,Italy,3.0,0.0,0,1,1.63,0.21,1,1548.7740539462513,1516.9714771333752,,,,,,
2025-06-06,Chile,Argentina,0.0,1.0,0,1,0.45,1.23,1,1451.1997726620061,1557.4797995496915,,,,,,
2025-06-06,Ecuador,Brazil,0.0,0.0,0,1,0.46,0.38,1,1541.4582237450063,1509.1629490599043,,,,,,
2025-06-06,Estonia,Israel,1.0,3.0,0,1,1.22,2.08,1,1476.285372787823,1473.1007022963797,,,,,,
2025-06-06,Wales,Liechtenstein,3.0,0.0,0,1,2.61,0.0,1,1536.734573824649,1459.177781861196,,,,,,
2025-06-07,Finland,Netherlands,0.0,2.0,0,1,0.13,2.06,1,1458.1523151822419,1500.768422417286,,,,,,
2025-06-07,Cayman Islands,Honduras,0.0,1.0,0,1,,,0,1490.6414359127853,1519.7980859851446,,,,,,
2025-06-07,Albania,Serbia,0.0,0.0,0,1,1.08,0.53,1,1490.9882071124746,1501.737442659069,,,,,,
2025-06-07,Venezuela,Bolivia,2.0,0.0,0,1,1.04,0.6,1,1480.2200014777525,1469.3319373571212,,,,,,
2025-06-07,Trinidad & Tobago,Saint Kitts and Nevis,6.0,2.0,0,1,,,0,1510.0402732182654,1499.9183695114584,,,,,,
2025-06-07,Andorra,England,0.0,1.0,0,1,0.3,3.35,1,1452.8682690181502,1551.9892002986853,,,,,,
2025-06-07,Guatemala,Dominican Republic,4.0,2.0,0,1,,,0,1520.0402732182654,1500.2007723360484,,,,,,
2025-06-07,Nicaragua,Guyana,1.0,0.0,0,1,,,0,1519.757547957298,1499.9263222122931,,,,,,
2025-06-07,Malta,Lithuania,0.0,0.0,0,1,0.14,0.35,1,1487.195372954112,1436.4238916006427,,,,,,
2025-06-07,Curacao,Saint Lucia,4.0,0.0,0,1,,,0,1519.757547957298,1489.9263222122931,,,,,,
2025-06-07,British Virgin Islands,Jamaica,0.0,1.0,0,1,,,0,1480.9258425560488,1519.5136723864475,,,,,,
2025-06-07,Austria,Romania,2.0,1.0,0,1,1.15,0.57,1,1507.1707606331368,1551.2870754031078,,,,,,
2025-06-07,Anguilla,El Salvador,0.0,3.0,0,1,,,0,1481.1921501826916,1509.7980859851446,,,,,,
2025-06-07,Suriname,Puerto Rico,1.0,0.0,0,1,,,0,1520.0402732182654,1509.9183695114584,,,,,,
2025-06-07,Bosnia-Herzegovina,San Marino,1.0,0.0,0,1,2.7,0.19,1,1486.3734897232298,1490.1266363661614,,,,,,
2025-06-08,Germany,France,0.0,2.0,0,1,2.55,2.35,1,1533.3392621703147,1519.9349120818083,,,,,,
2025-06-08,Bahamas,Costa Rica,0.0,8.0,0,1,,,0,1471.7558165593352,1519.7980859851446,,,,,,
2025-06-08,Portugal,Spain,3.0,2.0,0,1,1.02,2.06,1,1545.6540193846981,1562.4055878420759,,,,,,
2025-06-08,Belize,Panama,0.0,2.0,0,1,,,0,1471.7501904583105,1519.5136723864475,,,,,,
2025-06-08,Aruba,Haiti,0.0,5.0,0,1,,,0,1491.4671965584598,1519.5136723864475,,,,,,
2025-06-09,Croatia,Czech Republic,5.0,1.0,0,1,3.6,1.31,1,1511.7019229653467,1544.3890532385353,,,,,,
2025-06-09,Faroe Islands,Gibraltar,2.0,1.0,0,1,1.9,0.19,1,1474.6761646672735,1477.8080600132346,,,,,,
2025-06-09,Estonia,Norway,0.0,1.0,0,1,0.24,2.78,1,1464.7664407084153,1556.462149737101,,,,,,
2025-06-09,Italy,Moldova,2.0,0.0,0,1,2.63,1.33,1,1509.2833813425254,1494.4889938237006,,,,,,
2025-06-09,Kazakhstan,Macedonia,0.0,1.0,0,1,0.75,0.31,1,1458.9107241026638,1550.9407105937914,,,,,,
2025-06-09,Belgium,Wales,4.0,3.0,0,1,2.89,2.32,1,1476.742927834155,1543.219715997323,,,,,,
2025-06-10,Jordan,Iraq,0.0,1.0,0,1,0.61,0.5,1,1557.5905030253846,1543.897260046675,,,,,,
2025-06-10,Romania,Cyprus,2.0,0.0,0,1,1.14,0.57,1,1541.4564052903384,1482.0342087180093,,,,,,
2025-06-10,Saint Kitts and Nevis,Grenada,2.0,3.0,0,1,,,0,1491.631748957268,1498.4874547257964,,,,,,
2025-06-10,China,Bahrain,1.0,0.0,0,1,1.64,0.53,1,1465.0493430290462,1483.6735565494823,,,,,,
2025-06-10,Saudi Arabia,Australia,1.0,2.0,0,1,2.64,1.04,1,1538.894495329482,1577.7899239022106,,,,,,
2025-06-10,San Marino,Austria,0.0,4.0,0,1,0.5,4.16,1,1481.4499216787895,1517.0014307459062,,,,,,
2025-06-10,Palestine,Oman,1.0,1.0,0,1,0.56,1.38,1,1493.8055609243552,1511.3588228698923,,,,,,
2025-06-10,Netherlands,Malta,8.0,0.0,0,1,5.02,0.16,1,1510.9809159434753,1484.3736231840505,,,,,,
2025-06-10,Serbia,Andorra,3.0,0.0,0,1,2.35,0.31,1,1502.862388701227,1444.2727376809703,,,,,,
2025-06-10,Japan,Indonesia,6.0,0.0,0,1,3.99,0.0,1,1592.728962805815,1525.0995236381525,,,,,,
2025-06-10,Cuba,Bermuda,1.0,2.0,0,1,,,0,1511.6187724355739,1499.0350261077306,,,,,,
2025-06-10,Kyrgyzstan,United Arab Emirates,1.0,1.0,0,1,0.69,0.95,1,1489.5679506741703,1551.7352788235526,,,,,,
2025-06-10,Bolivia,Chile,2.0,0.0,0,1,2.29,0.26,1,1461.0667131834332,1442.8056208630526,,,,,,
2025-06-10,Finland,Poland,2.0,1.0,0,1,2.46,1.86,1,1447.9398216560526,1488.23823094927,,,,,,
2025-06-10,Iran,North Korea,3.0,0.0,0,1,4.37,0.34,1,1579.7948365789844,1453.1745715742913,,,,,,
2025-06-10,Uzbekistan,Qatar,3.0,0.0,0,1,2.3,0.32,1,1571.2418922699158,1542.3338992685183,,,,,,
2025-06-10,Latvia,Albania,1.0,1.0,0,1,1.32,1.06,1,1476.0704559214144,1489.8632610703166,,,,,,
2025-06-10,South Korea,Kuwait,4.0,0.0,0,1,2.59,0.33,1,1587.5021216247303,1462.4982413130192,,,,,,
2025-06-11,Guyana,Montserrat,3.0,0.0,0,1,,,0,1491.9095919541546,1489.052266985651,,,,,,
2025-06-11,Puerto Rico,Saint Vincent and the Grenadines,2.0,1.0,0,1,,,0,1501.631748957268,1489.05112110244,,,,,,
2025-06-11,Jamaica,Guatemala,3.0,0.0,0,1,,,0,1529.8420229686978,1528.0567746682693,,,,,,
2025-06-11,Panama,Nicaragua,3.0,0.0,0,1,,,0,1529.5780436619723,1527.7742782154364,,,,,,
2025-06-11,Uruguay,Venezuela,2.0,0.0,0,1,1.17,0.49,1,1506.1748197956297,1488.4852256514405,,,,,,
2025-06-11,Peru,Ecuador,0.0,0.0,0,1,0.7,0.85,1,1454.394708817573,1539.132900919059,,,,,,
2025-06-11,Costa Rica,Trinidad & Tobago,2.0,1.0,0,1,,,0,1529.8544334042367,1518.3268937724558,,,,,,
2025-06-11,Haiti,Curacao,1.0,5.0,0,1,,,0,1530.1447059991003,1527.499421060313,,,,,,
2025-06-11,Argentina,Colombia,1.0,1.0,0,1,1.07,1.42,1,1565.873951348645,1500.527984591165,,,,,,
2025-06-11,Saint Lucia,Barbados,2.0,1.0,0,1,,,0,1482.1844491092781,1479.3352608855016,,,,,,
2025-06-11,Dominican Republic,Dominica,5.0,0.0,0,1,,,0,1492.1842708860445,1489.3194395031899,,,,,,
2025-06-11,Honduras,Antigua and Barbuda,2.0,0.0,0,1,,,0,1530.397287143692,1478.9066795587657,,,,,,
2025-06-11,El Salvador,Suriname,1.0,1.0,0,1,,,0,1520.4130795502392,1528.3268937724558,,,,,,
2025-06-11,Brazil,Paraguay,1.0,0.0,0,1,1.84,0.23,1,1511.4882718858516,1530.0498029441503,,,,,,
2025-06-15,Bayern Munich,Auckland City,10.0,0.0,0,1,4.28,0.03,1,1500.0,1500.0,,,,,,
2025-06-15,PSG,Atl. Madrid,4.0,0.0,0,1,2.02,0.89,1,1500.0,1500.0,,,,,,
2025-06-15,Al Ahly,Inter Miami,0.0,0.0,0,1,1.98,0.7,1,1500.0,1500.0,,,,,,
2025-06-16,Chelsea,Los Angeles FC,2.0,0.0,0,1,2.24,0.85,1,1500.0,1508.5707376518324,,,,,,
2025-06-16,Botafogo RJ,Seattle Sounders,2.0,1.0,0,1,0.91,2.2,1,1500.0,1500.0,,,,,,
2025-06-16,Palmeiras,FC Porto,0.0,0.0,0,1,2.08,0.78,1,1500.0,1500.0,,,,,,
2025-06-17,Fluminense,Dortmund,0.0,0.0,0,1,0.64,0.24,1,1500.0,1500.0,,,,,,
2025-06-17,Boca Juniors,Benfica,2.0,2.0,0,1,0.76,1.76,1,1500.0,1500.0,,,,,,
2025-06-17,Flamengo RJ,Esperance Tunis,2.0,0.0,0,1,1.64,0.24,1,1500.0,1500.0,,,,,,
2025-06-17,River Plate,Urawa Reds,3.0,1.0,0,1,0.91,1.09,1,1500.0,1500.0,,,,,,
2025-06-18,Monterrey,Inter,1.0,1.0,0,1,1.08,2.68,1,1500.0,1500.0,,,,,,
2025-06-18,Manchester City,Wydad AC,2.0,0.0,0,1,1.92,0.5,1,1500.0,1500.0,,,,,,
2025-06-18,Real Madrid,Al Hilal,1.0,1.0,0,1,2.64,1.88,1,1500.0,1500.0,,,,,,
2025-06-18,Ulsan HD,Mamelodi Sundowns,0.0,1.0,0,1,0.88,1.29,1,1500.0,1500.0,,,,,,
2025-06-19,Pachuca,Salzburg,1.0,2.0,0,1,1.4,0.91,1,1500.0,1500.0,,,,,,
2025-06-19,Al Ain,Juventus,0.0,5.0,0,1,0.53,1.62,1,1500.0,1500.0,,,,,,
2025-06-19,Inter Miami,FC Porto,2.0,1.0,0,1,0.9,1.65,1,1501.4292623481676,1501.4292623481676,,,,,,
2025-06-19,Palmeiras,Al Ahly,2.0,0.0,0,1,1.57,0.29,1,1498.5707376518324,1498.5707376518324,,,,,,
2025-06-20,Seattle Sounders,Atl. Madrid,1.0,3.0,0,1,1.5,3.26,1,1491.4292623481676,1491.4292623481676,,,,,,
2025-06-20,Benfica,Auckland City,6.0,0.0,0,1,5.71,0.12,1,1501.4292623481676,1491.4292623481676,,,,,,
2025-06-20,PSG,Botafogo RJ,0.0,1.0,0,1,0.54,0.28,1,1508.5707376518324,1508.5707376518324,,,,,,
2025-06-20,Flamengo RJ,Chelsea,3.0,1.0,0,1,3.0,1.06,1,1508.5707376518324,1508.8131896945345,,,,,,
2025-06-21,Los Angeles FC,Esperance Tunis,0.0,1.0,0,1,1.4,1.18,1,1499.757547957298,1491.4292623481676,,,,,,
2025-06-21,Bayern Munich,Boca Juniors,2.0,1.0,0,1,2.44,0.77,1,1508.5707376518324,1498.5707376518324,,,,,,
2025-06-21,Mamelodi Sundowns,Dortmund,3.0,4.0,0,1,2.74,1.72,1,1511.4292623481676,1501.4292623481676,,,,,,
2025-06-21,Inter,Urawa Reds,2.0,1.0,0,1,2.26,0.45,1,1501.4292623481676,1491.4292623481676,,,,,,
2025-06-22,Juventus,Wydad AC,4.0,1.0,0,1,2.68,1.18,1,1511.4292623481676,1491.4292623481676,,,,,,
2025-06-22,Fluminense,Ulsan HD,4.0,2.0,0,1,1.71,0.63,1,1498.5707376518324,1488.5707376518324,,,,,,
2025-06-22,Real Madrid,Pachuca,3.0,1.0,0,1,1.06,1.81,1,1498.5707376518324,1488.5707376518324,,,,,,
2025-06-22,River Plate,Monterrey,0.0,0.0,0,1,1.45,0.13,1,1508.5707376518324,1498.5707376518324,,,,,,
2025-06-23,Salzburg,Al Hilal,0.0,0.0,0,1,1.1,1.41,1,1511.4292623481676,1501.4292623481676,,,,,,
2025-06-23,Atl. Madrid,Botafogo RJ,1.0,0.0,0,1,3.03,0.69,1,1502.8585246963353,1520.0,,,,,,
2025-06-23,Manchester City,Al Ain,6.0,0.0,0,1,4.02,0.44,1,1508.5707376518324,1488.5707376518324,,,,,,
2025-06-23,Seattle Sounders,PSG,0.0,2.0,0,1,0.61,2.06,1,1480.0,1497.1414753036647,,,,,,
2025-06-24,Inter Miami,Palmeiras,2.0,2.0,0,1,1.24,1.49,1,1510.0,1507.1414753036647,,,,,,
2025-06-24,FC Porto,Al Ahly,4.0,4.0,0,1,1.73,3.13,1,1492.8585246963353,1490.0,,,,,,
2025-06-24,Auckland City,Boca Juniors,1.0,1.0,0,1,0.19,2.38,1,1483.1392359216038,1490.2807112252685,,,,,,
2025-06-24,Benfica,Bayern Munich,1.0,0.0,0,1,0.43,1.98,1,1509.7192887747315,1516.8607640783962,,,,,,
2025-06-25,Los Angeles FC,Flamengo RJ,1.0,1.0,0,1,0.8,1.29,1,1488.0943213821242,1517.1483117624527,,,,,,
2025-06-25,Mamelodi Sundowns,Fluminense,0.0,0.0,0,1,0.71,0.32,1,1499.7192887747315,1506.8607640783962,,,,,,
2025-06-25,Esperance Tunis,Chelsea,0.0,3.0,0,1,0.07,1.31,1,1503.0924889233413,1500.235615583914,,,,,,
2025-06-25,Dortmund,Ulsan HD,1.0,0.0,0,1,3.37,0.23,1,1513.1392359216038,1480.2807112252685,,,,,,
2025-06-26,Inter,River Plate,2.0,0.0,0,1,2.04,0.59,1,1509.7192887747315,1506.8607640783962,,,,,,
2025-06-26,Wydad AC,Al Ain,1.0,2.0,0,1,1.8,2.86,1,1483.4171982823527,1480.5586735860174,,,,,,
2025-06-26,Urawa Reds,Monterrey,0.0,4.0,0,1,0.51,2.33,1,1483.1392359216038,1500.2807112252685,,,,,,
2025-06-26,Juventus,Manchester City,2.0,5.0,0,1,1.06,3.92,1,1519.4413264139826,1516.5828017176473,,,,,,
2025-06-27,Al Hilal,Pachuca,2.0,0.0,0,1,1.84,0.63,1,1503.1392359216038,1480.2807112252685,,,,,,
2025-06-27,Salzburg,Real Madrid,0.0,3.0,0,1,1.06,1.68,1,1509.7192887747315,1506.8607640783962,,,,,,
2025-06-28,Palmeiras,Botafogo RJ,1.0,0.0,0,1,1.26,1.09,1,1508.6512354253302,1510.9429347346152,,,,,,
2025-06-28,Benfica,Chelsea,1.0,4.0,0,1,1.2,2.68,1,1518.4919404414193,1511.745329259058,,,,,,
2025-06-29,PSG,Inter Miami,4.0,0.0,0,1,2.49,0.38,1,1508.0844100382799,1508.4902398783345,,,,,,
2025-06-29,Flamengo RJ,Bayern Munich,2.0,4.0,0,1,1.37,0.91,1,1517.7504570433307,1508.0881124117084,,,,,,
2025-06-30,Inter,Fluminense,0.0,2.0,0,1,1.27,1.16,1,1518.209528653066,1508.0881124117084,,,,,,
2025-07-01,Real Madrid,Juventus,1.0,0.0,0,1,1.57,0.77,1,1518.3705242000617,1507.931566292317,,,,,,
2025-07-01,Manchester City,Al Hilal,3.0,4.0,0,1,4.21,3.16,1,1528.0925618393128,1511.0724072630587,,,,,,
2025-07-02,Dortmund,Monterrey,2.0,1.0,0,1,1.61,0.87,1,1520.798583833069,1511.2236459598837,,,,,,
2025-07-04,Fluminense,Al Hilal,2.0,1.0,0,1,0.74,0.83,1,1519.8014782390167,1522.9778270965194,,,,,,
2025-07-05,Palmeiras,Chelsea,1.0,2.0,0,1,0.21,1.14,1,1517.2866460846888,1523.3642576971247,,,,,,
2025-07-05,PSG,Bayern Munich,2.0,0.0,0,1,2.01,0.6,1,1516.6665917044984,1519.788650087254,,,,,,
2025-07-05,Real Madrid,Dortmund,3.0,2.0,0,1,2.34,1.35,1,1526.648288484032,1529.1004892790156,,,,,,
2025-07-08,Fluminense,Chelsea,0.0,2.0,0,1,0.95,1.71,1,1528.461885656595,1534.6217538028766,,,,,,
2025-07-09,PSG,Real Madrid,4.0,0.0,0,1,2.54,0.68,1,1525.3254645898226,1535.2882330111454,,,,,,
2025-07-13,Chelsea,PSG,3.0,0.0,0,1,2.08,0.53,1,1545.8769197436625,1534.1781743959486,,,,,,
2025-09-03,Seychelles,Gabon,0.0,4.0,0,1,,,0,1446.4770762851288,1537.0574815736534,,,,,,
2025-09-04,Netherlands,Poland,1.0,1.0,0,1,1.24,0.3,1,1518.81103206166,1478.5173926240375,,,,,,
2025-09-04,Algeria,Botswana,3.0,1.0,0,1,,,0,1538.960043666129,1497.1952266869835,,,,,,
2025-09-04,Sao Tome and Principe,Equatorial Guinea,2.0,3.0,0,1,,,0,1446.5370335597406,1492.6467027648246,,,,,,
2025-09-04,Cameroon,Swaziland,3.0,0.0,0,1,,,0,1527.8247857625183,1460.7480321352034,,,,,,
2025-09-04,Bulgaria,Spain,0.0,3.0,0,1,0.1,3.51,1,1487.6457102307936,1553.3596440348426,,,,,,
2025-09-04,Angola,Libya,0.0,1.0,0,1,,,0,1499.4518178447322,1499.2445228828394,,,,,,
2025-09-04,Madagascar,Central Africa,2.0,0.0,0,1,,,0,1509.6309586534032,1481.6213050247802,,,,,,
2025-09-04,Mali,Comoros,3.0,0.0,0,1,,,0,1509.646942669429,1513.6690511047257,,,,,,
2025-09-04,Chad,Ghana,1.0,1.0,0,1,,,0,1447.2924178004632,1538.1393247471985,,,,,,
2025-09-04,Tunisia,Liberia,3.0,0.0,0,1,,,0,1546.8018775446876,1506.3721101631907,,,,,,
2025-09-04,Lithuania,Malta,1.0,1.0,0,1,1.65,1.92,1,1439.245641370704,1476.543507065866,,,,,,
2025-09-04,Mauritius,Cape Verde,0.0,2.0,0,1,,,0,1483.2922655098475,1529.438575864859,,,,,,
2025-09-04,Kazakhstan,Wales,0.0,1.0,0,1,0.81,1.33,1,1450.1145775884213,1532.745831120481,,,,,,
2025-09-04,Luxembourg,Northern Ireland,1.0,3.0,0,1,0.52,1.35,1,1473.451059853047,1518.8503665830365,,,,,,
2025-09-04,Guinea Bissau,Sierra Leone,1.0,1.0,0,1,,,0,1489.4465639380699,1501.1294367088412,,,,,,
2025-09-04,Liechtenstein,Belgium,0.0,6.0,0,1,0.0,3.13,1,1452.6926396885221,1487.216812710997,,,,,,
2025-09-04,Slovakia,Germany,2.0,0.0,0,1,1.28,1.74,1,1515.655979972134,1521.5343307603648,,,,,,
2025-09-04,Georgia,Turkey,2.0,3.0,0,1,1.14,0.73,1,1507.9804043811528,1534.5876480583038,,,,,,
2025-09-05,Mauritania,Togo,2.0,0.0,0,1,,,0,1462.9590148846323,1480.3720256978222,,,,,,
2025-09-05,Brazil,Chile,3.0,0.0,0,1,4.14,0.07,1,1520.5858616259907,1434.7454374481867,,,,,,
2025-09-05,Congo,Tanzania,1.0,1.0,0,1,,,0,1451.513804402859,1510.3732647301142,,,,,,
2025-09-05,Guatemala,El Salvador,0.0,1.0,0,1,1.07,0.54,1,1519.5363335532415,1519.2076319925327,,,,,,
2025-09-05,Argentina,Venezuela,3.0,0.0,0,1,1.97,0.32,1,1562.6708525405716,1480.4092071174096,,,,,,
2025-09-05,Ukraine,France,0.0,2.0,0,1,1.34,2.42,1,1500.1314893778251,1531.7398434917582,,,,,,
2025-09-05,Senegal,Sudan,2.0,0.0,0,1,,,0,1528.1586395395234,1524.4802607003394,,,,,,
2025-09-05,Colombia,Bolivia,3.0,0.0,0,1,1.45,0.43,1,1503.7310833992385,1469.126896598299,,,,,,
2025-09-05,Benin,Zimbabwe,1.0,0.0,0,1,,,0,1499.3463268512646,1481.7589514509127,,,,,,
2025-09-05,Morocco,Niger,5.0,0.0,0,1,,,0,1549.027959305519,1498.1372053310427,,,,,,
2025-09-05,Moldova,Israel,0.0,4.0,0,1,0.69,3.41,1,1486.3326022033164,1484.6196343757874,,,,,,
2025-09-05,Ivory Coast,Burundi,1.0,0.0,0,1,,,0,1546.5938256584334,1505.8454339287748,,,,,,
2025-09-05,Lesotho,South Africa,0.0,3.0,0,1,,,0,1512.1444527895133,1509.469255086785,,,,,,
2025-09-05,Egypt,Ethiopia,2.0,0.0,0,1,,,0,1547.0680071192053,1488.0018723460453,,,,,,
2025-09-05,Paraguay,Ecuador,0.0,0.0,0,1,0.63,0.24,1,1520.9522132040113,1538.136373897565,,,,,,
2025-09-05,Montenegro,Czech Republic,0.0,2.0,0,1,1.24,3.25,1,1476.4011013683948,1534.8869456525053,,,,,,
2025-09-05,Kenya,Gambia,1.0,3.0,0,1,,,0,1490.7555936952247,1473.270588858785,,,,,,
2025-09-05,Faroe Islands,Croatia,0.0,1.0,0,1,1.05,2.65,1,1483.3353155917655,1521.2040305513767,,,,,,
2025-09-05,Suriname,Panama,0.0,0.0,0,1,0.79,0.88,1,1529.5323413301624,1538.09796348194,,,,,,
2025-09-05,South Sudan,D.R. Congo,1.0,4.0,0,1,,,0,1476.1885698050526,1527.8414893726301,,,,,,
2025-09-05,Somalia,Guinea,0.0,3.0,0,1,,,0,1455.6980782447629,1488.675940224343,,,,,,
2025-09-05,Iceland,Azerbaijan,5.0,0.0,0,1,2.73,0.46,1,1472.5961947978715,1454.539561533898,,,,,,
2025-09-05,Djibouti,Burkina Faso,0.0,6.0,0,1,,,0,1455.1849265056906,1519.1691933821478,,,,,,
2025-09-05,Greece,Belarus,5.0,1.0,0,1,3.41,1.05,1,1534.0139852708437,1499.2814362174913,,,,,,
2025-09-05,Uganda,Mozambique,4.0,0.0,0,1,,,0,1500.4750653849112,1518.9956457928704,,,,,,
2025-09-05,Namibia,Malawi,1.0,2.0,0,1,,,0,1527.2603491854045,1480.381926782152,,,,,,
2025-09-05,Switzerland,Kosovo,4.0,0.0,0,1,1.58,0.52,1,1464.012372434854,1536.3700173308923,,,,,,
2025-09-05,Italy,Estonia,5.0,0.0,0,1,4.73,0.41,1,1517.4397729629097,1455.960811257607,,,,,,
2025-09-05,Slovenia,Sweden,2.0,2.0,0,1,0.68,1.23,1,1511.6034613244599,1546.253615830994,,,,,,
2025-09-05,Uruguay,Peru,3.0,0.0,0,1,2.49,0.45,1,1514.2508383296606,1455.3912358390671,,,,,,
2025-09-05,Denmark,Scotland,0.0,0.0,0,1,1.19,0.62,1,1500.4992929474672,1495.3857797343053,,,,,,
2025-09-06,Latvia,Serbia,0.0,1.0,0,1,0.7,1.39,1,1475.032085363141,1509.834872296799,,,,,,
2025-09-06,Ireland,Hungary,2.0,2.0,0,1,2.75,1.74,1,1503.1943556363417,1473.3957855358108,,,,,,
2025-09-06,Haiti,Honduras,0.0,0.0,0,1,1.02,1.01,1,1518.6409440686286,1537.5564984440375,,,,,,
2025-09-06,England,Andorra,2.0,0.0,0,1,1.95,0.09,1,1560.5847316358652,1437.3002540853984,,,,,,
2025-09-06,San Marino,Bosnia-Herzegovina,0.0,6.0,0,1,0.14,3.62,1,1471.034300245606,1495.0502044106017,,,,,,
2025-09-06,Bermuda,Jamaica,0.0,4.0,0,1,0.4,1.49,1,1510.817098390772,1538.3624640837256,,,,,,
2025-09-06,Nigeria,Rwanda,1.0,0.0,0,1,,,0,1500.1021231960533,1497.178890625471,,,,,,
2025-09-06,Nicaragua,Costa Rica,1.0,1.0,0,1,0.99,0.46,1,1519.254358395469,1538.101811617821,,,,,,
2025-09-06,Trinidad & Tobago,Curacao,0.0,0.0,0,1,0.95,0.17,1,1510.0795155588714,1539.0031829907846,,,,,,
2025-09-06,Austria,Cyprus,1.0,0.0,0,1,2.14,1.25,1,1527.4170521790898,1475.0834755126043,,,,,,
2025-09-06,Armenia,Portugal,0.0,5.0,0,1,0.19,6.34,1,1470.6901020558196,1554.6999631919314,,,,,,
2025-09-07,Germany,Northern Ireland,3.0,1.0,0,1,2.61,0.28,1,1512.7974709556731,1528.9827774406135,,,,,,
2025-09-07,Poland,Finland,3.0,1.0,0,1,2.15,0.27,1,1481.0592815004595,1457.660659981285,,,,,,
2025-09-07,Luxembourg,Slovakia,0.0,1.0,0,1,1.17,1.14,1,1463.3186489954699,1524.3928397768257,,,,,,
2025-09-07,Macedonia,Liechtenstein,5.0,0.0,0,1,2.35,0.09,1,1559.736857108034,1442.2475039382862,,,,,,
2025-09-07,Lithuania,Netherlands,2.0,3.0,0,1,0.34,1.1,1,1438.880207356743,1516.269143185238,,,,,,
2025-09-07,Belgium,Kazakhstan,6.0,0.0,0,1,3.62,0.23,1,1497.661948461233,1441.0510286953008,,,,,,
2025-09-07,Georgia,Bulgaria,3.0,0.0,0,1,2.47,0.33,1,1497.3081223091754,1478.0976854572177,,,,,,
2025-09-07,Central Africa,Comoros,0.0,2.0,0,1,,,0,1473.8296177721204,1504.9847298543998,,,,,,
2025-09-07,Turkey,Spain,0.0,6.0,0,1,0.54,2.76,1,1545.2599301302812,1562.9076688084185,,,,,,
2025-09-08,Guinea,Algeria,0.0,0.0,0,1,,,0,1499.165485105149,1546.3785896413103,,,,,,
2025-09-08,Kosovo,Sweden,2.0,0.0,0,1,1.49,0.95,1,1525.727399361454,1546.695132669231,,,,,,
2025-09-08,Uganda,Somalia,2.0,0.0,0,1,,,0,1509.5714860813323,1445.208533363957,,,,,,
2025-09-08,Gibraltar,Faroe Islands,0.0,1.0,0,1,0.8,1.58,1,1469.1489090887426,1472.9862909694389,,,,,,
2025-09-08,Greece,Denmark,0.0,3.0,0,1,0.17,1.94,1,1541.6224143221611,1498.926171417104,,,,,,
2025-09-08,Belarus,Scotland,0.0,2.0,0,1,0.33,2.15,1,1491.6730071661739,1496.9589012646686,,,,,,
2025-09-08,Switzerland,Slovenia,3.0,0.0,0,1,1.16,0.21,1,1474.6549904042922,1511.1619444862229,,,,,,
2025-09-08,Libya,Swaziland,2.0,0.0,0,1,,,0,1510.6796292789124,1453.9957643569348,,,,,,
2025-09-08,Guinea Bissau,Djibouti,2.0,0.0,0,1,,,0,1488.3481580253379,1445.587208844363,,,,,,
2025-09-08,Croatia,Montenegro,4.0,0.0,0,1,3.32,0.16,1,1531.5530551737033,1466.645295044885,,,,,,
2025-09-08,Equatorial Guinea,Tunisia,0.0,1.0,0,1,,,0,1502.758670806577,1554.256324111005,,,,,,
2025-09-08,Ghana,Mali,1.0,0.0,0,1,,,0,1536.9690431607332,1518.331263919755,,,,,,
2025-09-08,Israel,Italy,4.0,5.0,0,1,1.54,1.85,1,1496.0971583408152,1524.3369093731112,,,,,,
2025-09-08,Madagascar,Chad,3.0,1.0,0,1,,,0,1517.422645906063,1448.4626993869285,,,,,,
2025-09-08,Zambia,Morocco,0.0,2.0,0,1,,,0,1490.947766230465,1556.2030502398013,,,,,,
2025-09-08,Malawi,Liberia,2.0,2.0,0,1,,,0,1493.100224366843,1498.9176635968734,,,,,,
2025-09-08,Mozambique,Botswana,2.0,0.0,0,1,,,0,1509.8992250964493,1489.776680711802,,,,,,
2025-09-09,Togo,Sudan,1.0,0.0,0,1,,,0,1471.3072139318622,1516.0130719949616,,,,,,
2025-09-09,D.R. Congo,Senegal,2.0,3.0,0,1,,,0,1537.7939148821051,1536.6258282449012,,,,,,
2025-09-09,Mauritania,South Sudan,0.0,0.0,0,1,,,0,1472.0238266505924,1466.2361442955776,,,,,,
2025-09-09,Cyprus,Romania,2.0,2.0,0,1,2.13,1.72,1,1467.9465533948562,1548.4071384957433,,,,,,
2025-09-09,Albania,Latvia,1.0,0.0,0,1,1.7,1.27,1,1490.90163162859,1464.5949531602496,,,,,,
2025-09-09,Benin,Lesotho,4.0,0.0,0,1,,,0,1507.4251787299881,1500.6398493802392,,,,,,
2025-09-09,Norway,Moldova,11.0,1.0,0,1,7.55,0.09,1,1565.2677791879094,1474.8550782382886,,,,,,
2025-09-09,Gambia,Burundi,2.0,0.0,0,1,,,0,1485.1888991061285,1498.3995618544277,,,,,,
2025-09-09,Gabon,Ivory Coast,0.0,0.0,0,1,,,0,1545.8947661467203,1554.0396977327805,,,,,,
2025-09-09,Tanzania,Niger,0.0,1.0,0,1,,,0,1510.1183242182212,1490.9621143967604,,,,,,
2025-09-09,Bosnia-Herzegovina,Austria,1.0,2.0,0,1,1.92,1.31,1,1505.7966955476777,1534.5539742968379,,,,,,
2025-09-09,Azerbaijan,Ukraine,1.0,1.0,0,1,1.0,0.98,1,1446.4737141070536,1489.602629148189,,,,,,
2025-09-09,El Salvador,Suriname,1.0,2.0,0,1,0.9,0.77,1,1530.646160612194,1528.3453858628689,,,,,,
2025-09-09,Namibia,Sao Tome and Principe,3.0,0.0,0,1,,,0,1514.5420516007136,1436.4250655179883,,,,,,
2025-09-09,France,Iceland,2.0,1.0,0,1,3.0,0.67,1,1542.2687037213943,1480.6620422247158,,,,,,
2025-09-09,South Africa,Nigeria,1.0,1.0,0,1,,,0,1520.9738584960592,1508.5905431353062,,,,,,
2025-09-09,Hungary,Portugal,2.0,3.0,0,1,0.48,2.38,1,1475.6530204359087,1563.7241953500206,,,,,,
2025-09-09,Zimbabwe,Rwanda,0.0,1.0,0,1,,,0,1473.6800995721892,1488.690470686218,,,,,,
2025-09-09,Cape Verde,Cameroon,1.0,0.0,0,1,,,0,1539.5494894205156,1534.577053540787,,,,,,
2025-09-09,Kenya,Seychelles,5.0,0.0,0,1,,,0,1478.8372834478812,1437.6397917120619,,,,,,
2025-09-09,Armenia,Ireland,2.0,1.0,0,1,2.45,0.8,1,1461.6658698977303,1500.9371207362437,,,,,,
2025-09-09,Burkina Faso,Egypt,0.0,0.0,0,1,,,0,1528.7669110434754,1554.0280386212717,,,,,,
2025-09-09,Panama,Guatemala,1.0,1.0,0,1,1.47,0.9,1,1539.2849189492335,1508.0978049335802,,,,,,
2025-09-09,Angola,Mauritius,3.0,1.0,0,1,,,0,1488.0167114486592,1473.181351954191,,,,,,
2025-09-09,Serbia,England,0.0,5.0,0,1,0.08,4.22,1,1520.2720044996904,1565.9733741445552,,,,,,
2025-09-09,Sierra Leone,Ethiopia,2.0,0.0,0,1,,,0,1502.2278426215732,1481.041840843979,,,,,,
2025-09-10,Jamaica,Trinidad & Tobago,2.0,0.0,0,1,0.78,0.51,1,1549.007862054823,1509.473632966924,,,,,,
2025-09-10,Honduras,Nicaragua,2.0,0.0,0,1,1.42,0.52,1,1538.4488011463359,1518.3601112249228,,,,,,
2025-09-10,Costa Rica,Haiti,3.0,3.0,0,1,2.06,1.7,1,1538.9960587883672,1517.7486413663303,,,,,,
2025-09-10,Venezuela,Colombia,3.0,6.0,0,1,1.22,2.14,1,1474.0421824208768,1511.3429960061774,,,,,,
2025-09-10,Ecuador,Argentina,1.0,0.0,0,1,1.69,0.41,1,1539.0780909574603,1569.0378772371043,,,,,,
2025-09-10,Curacao,Bermuda,3.0,2.0,0,1,2.2,0.97,1,1539.609065582732,1500.1717004196746,,,,,,
2025-09-10,Bolivia,Brazil,1.0,0.0,0,1,1.84,0.34,1,1461.5149839913602,1526.8638124643371,,,,,,
2025-09-10,Chile,Uruguay,0.0,0.0,0,1,1.62,0.22,1,1428.4674866098403,1521.2162659297646,,,,,,
2025-09-10,Peru,Paraguay,0.0,1.0,0,1,0.71,0.42,1,1448.425808238963,1520.010496144116,,,,,,
2025-10-08,Sierra Leone,Burkina Faso,0.0,1.0,0,1,,,0,1510.2071421854446,1528.0560699822804,,,,,,
2025-10-08,Oman,Qatar,0.0,0.0,0,1,0.17,1.32,1,1512.2900095055084,1534.5667932917686,,,,,,
2025-10-08,Indonesia,Saudi Arabia,2.0,3.0,0,1,2.92,2.95,1,1518.3614781758322,1528.5749888602872,,,,,,
2025-10-08,Tanzania,Zambia,0.0,1.0,0,1,,,0,1498.15372597399,1481.3865666434301,,,,,,
2025-10-08,Djibouti,Egypt,0.0,3.0,0,1,,,0,1438.1954033865081,1554.7388796824666,,,,,,
2025-10-08,Central Africa,Ghana,0.0,5.0,0,1,,,0,1463.287749579946,1545.0187948219123,,,,,,
2025-10-08,Libya,Cape Verde,3.0,3.0,0,1,,,0,1517.7020204471346,1547.9803281885208,,,,,,
2025-10-08,Niger,Congo,3.0,1.0,0,1,,,0,1502.9267126409916,1451.768744914752,,,,,,
2025-10-08,Comoros,Madagascar,1.0,2.0,0,1,,,0,1515.5265980465742,1524.1265138785084,,,,,,
2025-10-08,Chad,Mali,0.0,2.0,0,1,,,0,1441.7588314144832,1510.281512258576,,,,,,
2025-10-08,Swaziland,Angola,2.0,2.0,0,1,,,0,1446.9733731887127,1496.1719639076136,,,,,,
2025-10-08,Mauritius,Cameroon,0.0,2.0,0,1,,,0,1465.0260994952366,1526.1462147727816,,,,,,
2025-10-08,Ethiopia,Guinea Bissau,1.0,0.0,0,1,,,0,1473.0625412801076,1495.7399634831927,,,,,,
2025-10-09,Malta,Netherlands,0.0,4.0,0,1,0.36,3.4,1,1476.908941079827,1525.4824551760328,,,,,,
2025-10-09,Burundi,Kenya,0.0,1.0,0,1,,,0,1489.454504260114,1486.2710766251032,,,,,,
2025-10-09,Botswana,Uganda,0.0,1.0,0,1,,,0,1481.7680041317258,1516.3938007952765,,,,,,
2025-10-09,Cyprus,Bosnia-Herzegovina,2.0,2.0,0,1,2.15,1.5,1,1468.8210400800872,1495.1860416235895,,,,,,
2025-10-09,Belarus,Denmark,0.0,6.0,0,1,0.32,4.72,1,1480.3930903994103,1511.5326301714636,,,,,,
2025-10-09,Czech Republic,Croatia,0.0,0.0,0,1,0.63,0.77,1,1544.6427519760152,1538.3612795018466,,,,,,
2025-10-09,Somalia,Algeria,0.0,3.0,0,1,,,0,1438.3862186500128,1546.4588012203849,,,,,,
2025-10-09,Austria,San Marino,10.0,0.0,0,1,5.84,0.46,1,1545.164628220926,1460.28780910853,,,,,,
2025-10-09,Liberia,Namibia,3.0,1.0,0,1,,,0,1500.1825289572116,1521.013070063173,,,,,,
2025-10-09,Faroe Islands,Montenegro,4.0,0.0,0,1,2.0,0.46,1,1484.307194175424,1459.8370707167417,,,,,,
2025-10-09,Mozambique,Guinea,1.0,2.0,0,1,,,0,1517.9079016765256,1499.0852735260744,,,,,,
2025-10-09,Malawi,Equatorial Guinea,3.0,0.0,0,1,,,0,1491.8353590065046,1492.8017764667577,,,,,,
2025-10-09,Scotland,Greece,3.0,1.0,0,1,1.3,1.67,1,1508.2388180314322,1529.0159555678015,,,,,,
2025-10-09,Finland,Lithuania,2.0,1.0,0,1,1.35,0.88,1,1449.7423650259268,1429.6668953659482,,,,,,
2025-10-10,Sudan,Mauritania,0.0,0.0,0,1,,,0,1506.1654378563612,1470.4317869676975,,,,,,
2025-10-10,Lesotho,Nigeria,1.0,2.0,0,1,,,0,1492.2598629895665,1510.3670291843266,,,,,,
2025-10-10,Nicaragua,Haiti,0.0,3.0,0,1,0.73,1.43,1,1510.350498855855,1519.7710372476008,,,,,,
2025-10-10,Seychelles,Ivory Coast,0.0,7.0,0,1,,,0,1430.2059985348399,1555.2385893350988,,,,,,
2025-10-10,Germany,Luxembourg,4.0,0.0,0,1,3.86,0.01,1,1521.8272673095316,1453.637281929598,,,,,,
2025-10-10,Honduras,Costa Rica,0.0,0.0,0,1,0.51,0.53,1,1546.4584135154037,1536.9736629070967,,,,,,
2025-10-10,Northern Ireland,Slovakia,2.0,0.0,0,1,0.72,0.64,1,1519.952981086755,1534.0742068426975,,,,,,
2025-10-10,South Sudan,Senegal,0.0,5.0,0,1,,,0,1467.8281839784725,1548.0880080963498,,,,,,
2025-10-10,Rwanda,Benin,0.0,1.0,0,1,,,0,1499.6941622546435,1515.8051651206608,,,,,,
2025-10-10,Togo,D.R. Congo,0.0,1.0,0,1,,,0,1481.1548480704625,1526.3317350306565,,,,,,
2025-10-10,Gambia,Gabon,3.0,4.0,0,1,,,0,1494.1339567004422,1544.695874544402,,,,,,
2025-10-10,France,Azerbaijan,3.0,0.0,0,1,2.4,0.04,1,1549.16251888304,1446.2759741634359,,,,,,
2025-10-10,Sao Tome and Principe,Tunisia,0.0,6.0,0,1,,,0,1429.954047055529,1564.2132184508241,,,,,,
2025-10-10,Zimbabwe,South Africa,0.0,0.0,0,1,,,0,1462.6764080037638,1519.1973724470388,,,,,,
2025-10-10,Belgium,Macedonia,0.0,0.0,0,1,3.2,0.06,1,1504.68625313181,1565.2578335297383,,,,,,
2025-10-10,Iceland,Ukraine,3.0,5.0,0,1,0.98,1.0,1,1473.76822706307,1489.8003690918067,,,,,,
2025-10-10,Kazakhstan,Liechtenstein,4.0,0.0,0,1,3.0,0.58,1,1434.0267240247238,1436.7265275165819,,,,,,
2025-10-10,Sweden,Switzerland,0.0,2.0,0,1,0.91,2.14,1,1537.5288089860353,1484.2668244543597,,,,,,
2025-10-10,Kosovo,Slovenia,0.0,0.0,0,1,0.26,0.77,1,1534.8937230446497,1501.5501104361554,,,,,,
2025-10-11,Serbia,Albania,0.0,1.0,0,1,1.56,0.69,1,1510.1482862852542,1498.7399942797167,,,,,,
2025-10-11,Hungary,Armenia,2.0,0.0,0,1,1.73,0.46,1,1466.7444321380256,1471.357169789633,,,,,,
2025-10-11,Norway,Israel,5.0,0.0,0,1,2.26,0.15,1,1571.43291990669,1485.471665677965,,,,,,
2025-10-11,Spain,Georgia,2.0,0.0,0,1,3.93,0.01,1,1573.8361596958161,1505.342023572129,,,,,,
2025-10-11,Latvia,Andorra,2.0,2.0,0,1,1.31,0.56,1,1456.7565905091228,1431.9116115767083,,,,,,
2025-10-11,United Arab Emirates,Oman,2.0,1.0,0,1,0.93,0.84,1,1551.3852180646597,1511.4937604045347,,,,,,
2025-10-11,Portugal,Ireland,1.0,0.0,0,1,3.11,0.08,1,1572.6327836479038,1491.245820844341,,,,,,
2025-10-11,Suriname,Guatemala,1.0,1.0,0,1,0.46,0.31,1,1539.8394547768455,1510.3929346666332,,,,,,
2025-10-11,Bulgaria,Turkey,1.0,6.0,0,1,0.4,1.77,1,1470.0637841942641,1534.3314392428836,,,,,,
2025-10-11,Curacao,Jamaica,2.0,0.0,0,1,0.44,1.43,1,1547.0902442669696,1556.4864298361376,,,,,,
2025-10-11,El Salvador,Panama,0.0,1.0,0,1,1.37,1.1,1,1519.1520916982174,1536.9897892161805,,,,,,
2025-10-11,Bermuda,Trinidad & Tobago,0.0,3.0,0,1,0.75,2.86,1,1492.690521735437,1501.9950651856093,,,,,,
2025-10-11,Iraq,Indonesia,1.0,0.0,0,1,0.27,0.69,1,1555.7102343690917,1507.221310518134,,,,,,
2025-10-11,Estonia,Italy,1.0,3.0,0,1,0.97,2.31,1,1449.0636748474055,1534.9624020359615,,,,,,
2025-10-12,Zambia,Niger,0.0,1.0,0,1,,,0,1493.2849680902386,1510.0947278367084,,,,,,
2025-10-12,Chad,Central Africa,2.0,3.0,0,1,,,0,1432.291452509593,1454.1985116498875,,,,,,
2025-10-12,Egypt,Guinea Bissau,1.0,0.0,0,1,,,0,1562.8466850836303,1486.5247533464064,,,,,,
2025-10-12,Djibouti,Sierra Leone,1.0,2.0,0,1,,,0,1430.0875979853445,1499.2843923731461,,,,,,
2025-10-12,Faroe Islands,Czech Republic,2.0,1.0,0,1,0.5,1.52,1,1492.1960043120723,1543.0368632406205,,,,,,
2025-10-12,Ghana,Comoros,1.0,0.0,0,1,,,0,1554.1080327519708,1504.3406157359323,,,,,,
2025-10-12,Croatia,Gibraltar,3.0,0.0,0,1,3.7,0.05,1,1539.9671682372414,1457.8280058827575,,,,,,
2025-10-12,San Marino,Cyprus,0.0,4.0,0,1,1.04,3.49,1,1453.9859411383475,1468.1418175576641,,,,,,
2025-10-12,Burkina Faso,Ethiopia,3.0,1.0,0,1,,,0,1538.9788197945788,1482.2777514168938,,,,,,
2025-10-12,Romania,Austria,1.0,0.0,0,1,0.42,0.17,1,1547.5326518105123,1551.4664961911085,,,,,,
2025-10-12,Netherlands,Finland,4.0,0.0,0,1,2.51,0.64,1,1535.5235125100467,1457.7523428330373,,,,,,
2025-10-12,Mali,Madagascar,4.0,1.0,0,1,,,0,1519.7488911634662,1535.3124961891504,,,,,,
2025-10-12,Lithuania,Poland,0.0,2.0,0,1,0.2,1.11,1,1421.6569175588377,1488.9775764558178,,,,,,
2025-10-12,Denmark,Greece,3.0,1.0,0,1,1.23,1.74,1,1522.0749452536388,1519.8550792950941,,,,,,
2025-10-12,Scotland,Belarus,2.0,1.0,0,1,1.23,1.28,1,1517.3996943041395,1469.850775317235,,,,,,
2025-10-13,Cape Verde,Swaziland,3.0,0.0,0,1,,,0,1548.5473552448384,1446.950306816321,,,,,,
2025-10-13,Equatorial Guinea,Liberia,1.0,1.0,0,1,,,0,1484.2037805351604,1509.3449315048754,,,,,,
2025-10-13,Iceland,France,2.0,2.0,0,1,1.11,1.97,1,1462.7936566728717,1555.0257192970823,,,,,,
2025-10-13,Ukraine,Azerbaijan,2.0,1.0,0,1,2.73,0.65,1,1500.774939482005,1440.4127737493936,,,,,,
2025-10-13,Macedonia,Kazakhstan,1.0,1.0,0,1,1.84,1.37,1,1564.9536528542196,1442.673663983224,,,,,,
2025-10-13,Slovenia,Switzerland,0.0,0.0,0,1,0.41,0.63,1,1503.903955230359,1497.154414813688,,,,,,
2025-10-13,Northern Ireland,Germany,0.0,1.0,0,1,0.6,1.12,1,1528.9239622281964,1528.550903245033,,,,,,
2025-10-13,Mauritius,Libya,0.0,0.0,0,1,,,0,1455.3460528950532,1517.134993390817,,,,,,
2025-10-13,Lesotho,Zimbabwe,1.0,0.0,0,1,,,0,1481.3444830929554,1462.8640744118838,,,,,,
2025-10-13,Sao Tome and Principe,Malawi,1.0,0.0,0,1,,,0,1422.3327682124361,1500.433354938102,,,,,,
2025-10-13,Tunisia,Namibia,3.0,0.0,0,1,,,0,1571.834497293917,1511.8506675155093,,,,,,
2025-10-13,Cameroon,Angola,0.0,0.0,0,1,,,0,1535.826261372965,1496.1950302800053,,,,,,
2025-10-13,South Sudan,Togo,0.0,0.0,0,1,,,0,1458.6969361977085,1471.0160366348325,,,,,,
2025-10-13,Wales,Belgium,2.0,4.0,0,1,0.86,3.09,1,1541.8093800136014,1504.9904338073286,,,,,,
2025-10-13,Slovakia,Luxembourg,2.0,0.0,0,1,0.97,0.77,1,1525.1032257012562,1446.9136459940967,,,,,,
2025-10-13,Sweden,Kosovo,0.0,1.0,0,1,1.14,1.15,1,1524.641218626707,1532.539878250446,,,,,,
2025-10-14,Spain,Bulgaria,4.0,0.0,0,1,3.96,0.38,1,1580.5519834328004,1460.4742096313344,,,,,,
2025-10-14,Seychelles,Gambia,0.0,7.0,0,1,,,0,1422.3326506428514,1484.150129981978,,,,,,
2025-10-14,Honduras,Haiti,3.0,0.0,0,1,1.75,0.39,1,1544.7628400200742,1530.9337258804196,,,,,,
2025-10-14,Senegal,Mauritania,4.0,0.0,0,1,,,0,1557.2192558771137,1472.850505110503,,,,,,
2025-10-14,Turkey,Georgia,4.0,1.0,0,1,1.95,1.06,1,1543.9210138058133,1498.6261998351447,,,,,,
2025-10-14,Gabon,Burundi,2.0,0.0,0,1,,,0,1554.6797012628663,1477.935607127687,,,,,,
2025-10-14,Italy,Israel,3.0,0.0,0,1,2.11,0.78,1,1543.9328149699154,1479.196710422298,,,,,,
2025-10-14,Qatar,United Arab Emirates,2.0,1.0,0,1,0.54,0.89,1,1535.3630423927423,1558.8541601619509,,,,,,
2025-10-14,Morocco,Congo,1.0,0.0,0,1,,,0,1565.7642498268362,1444.6007297190351,,,,,,
2025-10-14,Nigeria,Benin,4.0,0.0,0,1,,,0,1521.2824090809377,1526.77748722206,,,,,,
2025-10-14,Estonia,Moldova,1.0,1.0,0,1,0.87,0.85,1,1440.0932619134517,1468.689937519508,,,,,,
2025-10-14,Saudi Arabia,Iraq,0.0,0.0,0,1,0.69,0.27,1,1539.7151565179854,1562.9490623167933,,,,,,
2025-10-14,Portugal,Hungary,2.0,2.0,0,1,2.5,1.88,1,1579.0216809165465,1475.4454625186224,,,,,,
2025-10-14,Costa Rica,Nicaragua,4.0,1.0,0,1,2.49,0.21,1,1538.6692364024261,1499.1878102230362,,,,,,
2025-10-14,Ireland,Armenia,1.0,0.0,0,1,2.47,0.23,1,1484.8569235756984,1462.656139409036,,,,,,
2025-10-14,Guinea,Botswana,2.0,2.0,0,1,,,0,1511.0406393537564,1471.3257875872343,,,,,,
2025-10-14,South Africa,Rwanda,3.0,0.0,0,1,,,0,1519.0097060389187,1488.7218401532443,,,,,,
2025-10-14,D.R. Congo,Sudan,1.0,0.0,0,1,,,0,1536.4705464662866,1503.7467197135556,,,,,,
2025-10-14,Ivory Coast,Kenya,3.0,0.0,0,1,,,0,1563.1119372270873,1497.78997375753,,,,,,
2025-10-14,Latvia,England,0.0,5.0,0,1,0.41,2.4,1,1454.6350946776718,1576.0970923589914,,,,,,
2025-10-14,Algeria,Uganda,2.0,1.0,0,1,,,0,1554.8027316513255,1526.836017339768,,,,,,
2025-10-14,Andorra,Serbia,1.0,3.0,0,1,0.41,2.27,1,1434.0331074081594,1498.39899149442,,,,,,
2025-10-14,Somalia,Mozambique,0.0,1.0,0,1,,,0,1430.0422882190721,1505.9525358488436,,,,,,
2025-10-15,El Salvador,Guatemala,0.0,1.0,0,1,0.15,0.19,1,1508.2290214056925,1512.6405508346868,,,,,,
2025-10-15,Jamaica,Bermuda,4.0,0.0,0,1,2.93,0.48,1,1547.6498099184043,1481.5245397605186,,,,,,
2025-10-15,Curacao,Trinidad & Tobago,1.0,1.0,0,1,0.85,1.99,1,1555.926864184703,1513.1610471605277,,,,,,
2025-10-15,Panama,Suriname,1.0,1.0,0,1,3.09,1.4,1,1547.9128595087054,1537.591838608792,,,,,,
2025-11-13,Norway,Estonia,4.0,1.0,0,1,2.03,0.71,1,1577.7078751623567,1439.4780028269765,,,,,,
2025-11-13,United Arab Emirates,Iraq,1.0,1.0,1,1,1.33,0.58,1,1549.6156699907838,1563.7179319542831,,,,,,
2025-11-13,Azerbaijan,Iceland,0.0,2.0,0,1,0.33,1.88,1,1433.4865592105757,1464.0032416829974,,,,,,
2025-11-13,Ireland,Portugal,2.0,0.0,0,1,2.02,1.61,1,1492.808224580082,1574.8684414696486,,,,,,
2025-11-13,England,Serbia,2.0,0.0,0,1,1.2,0.38,1,1584.0687737103456,1507.9857435936947,,,,,,
2025-11-13,France,Ukraine,4.0,0.0,0,1,3.81,0.04,1,1553.8161342869566,1507.701154020823,,,,,,
2025-11-13,Moldova,Italy,0.0,2.0,0,1,0.41,2.59,1,1469.3051966059832,1550.7454773175036,,,,,,
2025-11-13,Cameroon,D.R. Congo,0.0,1.0,1,1,,,0,1533.3022148973316,1544.1335592257192,,,,,,
2025-11-13,Andorra,Albania,0.0,1.0,0,1,0.12,1.4,1,1424.4463553088847,1510.489289070551,,,,,,
2025-11-13,Nigeria,Gabon,4.0,1.0,1,1,,,0,1530.0084149386207,1561.185361774622,,,,,,
2025-11-13,Armenia,Hungary,0.0,1.0,0,1,0.71,1.19,1,1454.7048384046525,1479.5987019655204,,,,,,
2025-11-14,Croatia,Faroe Islands,3.0,1.0,0,1,2.68,0.45,1,1546.3372533785728,1502.220206130247,,,,,,
2025-11-14,Nicaragua,Honduras,2.0,0.0,0,1,1.02,0.94,1,1491.7078192197905,1552.9460838190203,,,,,,
2025-11-14,Finland,Malta,0.0,1.0,0,1,2.31,0.14,1,1451.272607482534,1466.867883745813,,,,,,
2025-11-14,Poland,Netherlands,1.0,1.0,0,1,1.58,0.81,1,1498.4794604075194,1542.00324786055,,,,,,
2025-11-14,Gibraltar,Montenegro,1.0,2.0,0,1,0.56,3.36,1,1451.457920741426,1451.9482605800933,,,,,,
2025-11-14,Guatemala,Panama,2.0,3.0,0,1,2.67,0.52,1,1523.9452135465172,1546.1939178009504,,,,,,
2025-11-14,Suriname,El Salvador,4.0,0.0,0,1,3.09,0.44,1,1539.310780316547,1496.9243586938621,,,,,,
2025-11-14,Trinidad & Tobago,Jamaica,1.0,1.0,0,1,1.43,0.42,1,1515.7693722789027,1554.4265967389747,,,,,,
2025-11-14,Slovakia,Northern Ireland,1.0,0.0,0,1,1.17,0.37,1,1531.572415095524,1517.4841833420267,,,,,,
2025-11-14,Bermuda,Curacao,0.0,7.0,0,1,0.12,3.32,1,1474.7477529399482,1553.318539066328,,,,,,
2025-11-14,Luxembourg,Germany,0.0,2.0,0,1,0.8,1.65,1,1440.4444565998288,1539.9906821312027,,,,,,
2025-11-14,Haiti,Costa Rica,1.0,0.0,0,1,1.33,1.54,1,1522.7504820814736,1546.1492274056718,,,,,,
2025-11-15,Slovenia,Kosovo,0.0,2.0,0,1,0.3,0.97,1,1502.284944691973,1543.7457556520867,,,,,,
2025-11-15,Bosnia-Herzegovina,Romania,3.0,1.0,0,1,1.79,1.5,1,1495.8652641460126,1556.214476675973,,,,,,
2025-11-15,Kazakhstan,Belgium,1.0,1.0,0,1,0.34,2.87,1,1447.2622275624212,1517.4385395169127,,,,,,
2025-11-15,Greece,Scotland,3.0,2.0,0,1,1.93,2.36,1,1511.3468713708592,1524.6635336587203,,,,,,
2025-11-15,Denmark,Belarus,2.0,2.0,0,1,2.88,0.85,1,1530.5831531778738,1462.5869359626543,,,,,,
2025-11-15,Liechtenstein,Wales,0.0,1.0,0,1,0.28,2.85,1,1428.0795875580816,1529.3612743040173,,,,,,
2025-11-15,Georgia,Spain,0.0,4.0,0,1,0.28,3.52,1,1491.3022333973702,1586.013604360065,,,,,,
2025-11-15,Turkey,Bulgaria,2.0,0.0,0,1,2.56,0.39,1,1551.2449802435879,1455.0125887040697,,,,,,
2025-11-15,Switzerland,Sweden,4.0,1.0,0,1,1.7,0.65,1,1498.7734253520741,1513.4353412250664,,,,,,
2025-11-15,Cyprus,Austria,0.0,2.0,0,1,0.36,2.51,1,1479.1698496403237,1542.7846713256479,,,,,,
2025-11-16,Hungary,Ireland,2.0,3.0,0,1,1.33,1.72,1,1490.3200595274498,1503.7283815698306,,,,,,
2025-11-16,Israel,Moldova,4.0,1.0,0,1,3.86,0.42,1,1472.3840480747099,1460.2076585880916,,,,,,
2025-11-16,Serbia,Latvia,2.0,1.0,0,1,1.96,1.26,1,1501.4633683056343,1446.6634133263176,,,,,,
2025-11-16,Portugal,Armenia,9.0,1.0,0,1,5.2,0.75,1,1563.9482844799,1443.983480842723,,,,,,
2025-11-16,Ukraine,Iceland,2.0,0.0,0,1,1.53,0.79,1,1500.3990895075226,1474.5634295574307,,,,,,
2025-11-16,Azerbaijan,France,1.0,3.0,0,1,0.15,2.7,1,1422.9263713361424,1561.118198800257,,,,,,
2025-11-16,Nigeria,D.R. Congo,1.0,2.0,1,1,,,0,1540.9033587788638,1553.8219090323391,,,,,,
2025-11-16,Albania,England,0.0,2.0,0,1,0.49,1.86,1,1519.4555955798085,1590.591148998406,,,,,,
2025-11-16,Italy,Norway,1.0,4.0,0,1,1.3,1.59,1,1559.8430153353952,1582.764615577679,,,,,,
2025-11-17,Germany,Slovakia,6.0,0.0,0,1,4.02,0.39,1,1548.5742160411835,1539.7484480275225,,,,,,
2025-11-17,Northern Ireland,Luxembourg,1.0,0.0,0,1,1.18,0.78,1,1509.3081504100282,1431.860922689848,,,,,,
2025-11-17,Malta,Poland,2.0,3.0,0,1,2.37,1.79,1,1477.8549071845653,1498.2930816119822,,,,,,
2025-11-17,Montenegro,Croatia,2.0,3.0,0,1,0.94,3.34,1,1463.3636953346165,1553.692719572256,,,,,,
2025-11-17,Netherlands,Lithuania,4.0,0.0,0,1,3.16,0.67,1,1542.189626656087,1412.1550336071361,,,,,,
2025-11-17,Czech Republic,Gibraltar,6.0,0.0,0,1,4.29,0.02,1,1533.0126614224457,1440.0424859869029,,,,,,
2025-11-18,Spain,Turkey,2.0,2.0,0,1,2.58,1.14,1,1594.7337650217005,1557.2681752785431,,,,,,
2025-11-18,Belgium,Liechtenstein,7.0,0.0,0,1,3.07,0.04,1,1516.8584704998818,1419.5449670257633,,,,,,
2025-11-18,Scotland,Denmark,4.0,2.0,0,1,1.76,2.19,1,1515.715459009105,1527.3117684419967,,,,,,
2025-11-18,Belarus,Greece,0.0,0.0,0,1,0.71,0.76,1,1465.8583206985313,1520.2949460204745,,,,,,
2025-11-18,Kosovo,Switzerland,1.0,1.0,0,1,0.6,0.92,1,1553.9914837927458,1507.75980647358,,,,,,
2025-11-18,Sweden,Slovenia,1.0,1.0,0,1,0.64,2.13,1,1504.4489601035605,1492.0392165513138,,,,,,
2025-11-18,Romania,San Marino,7.0,1.0,0,1,4.87,0.24,1,1545.9166904638967,1442.9579090556879,,,,,,
2025-11-18,Wales,Macedonia,7.0,1.0,0,1,3.62,0.63,1,1537.8958948363356,1560.3650892750225,,,,,,
2025-11-18,Bulgaria,Georgia,2.0,1.0,0,1,0.71,1.84,1,1448.9893936691144,1482.5820727357348,,,,,,
2025-11-18,Austria,Bosnia-Herzegovina,1.0,1.0,0,1,1.2,0.81,1,1552.3930057162067,1506.1630503580889,,,,,,
2025-11-18,Iraq,United Arab Emirates,2.0,1.0,1,1,1.45,1.03,1,1563.3122589865197,1550.0213429585472,,,,,,
2025-11-19,Haiti,Nicaragua,2.0,0.0,0,1,1.46,0.28,1,1531.986329031217,1502.0311697121388,,,,,,
2025-11-19,Panama,El Salvador,3.0,0.0,0,1,3.35,0.4,1,1556.9909699665955,1489.5225039579152,,,,,,
2025-11-19,Jamaica,Curacao,0.0,0.0,0,1,0.95,0.68,1,1554.752952123581,1562.49805436553,,,,,,
2025-11-19,Trinidad & Tobago,Bermuda,2.0,2.0,0,1,1.81,1.93,1,1515.4430168942963,1465.5682376407462,,,,,,
2025-11-19,Costa Rica,Honduras,0.0,0.0,0,1,0.51,0.76,1,1536.9133804559283,1542.622733326672,,,,,,
2025-11-19,Guatemala,Suriname,3.0,1.0,0,1,2.71,0.3,1,1513.1481613808721,1546.7126350524939,,,,,,
2026-03-26,Turkey,Romania,1.0,0.0,1,1,1.4,0.47,1,1559.733769444388,1551.7781676925115,,,,,,
2026-03-26,Gibraltar,Latvia,0.0,1.0,0,1,0.24,1.76,1,1433.939952241963,1439.591526963773,,,,,,
2026-03-26,Ukraine,Sweden,1.0,3.0,1,1,0.76,2.38,1,1508.2503794670354,1502.67173740583,,,,,,
2026-03-26,Czech Republic,Ireland,3.0,2.0,1,1,1.45,1.28,1,1539.1151951673855,1514.7776978607633,,,,,,
2026-03-26,Wales,Bosnia-Herzegovina,1.0,2.0,1,1,1.34,1.1,1,1547.105148889449,1508.8640539444355,,,,,,
2026-03-26,Denmark,Macedonia,4.0,0.0,1,1,2.85,0.15,1,1518.412635720707,1551.155835221909,,,,,,
2026-03-26,Italy,Northern Ireland,2.0,0.0,1,1,1.59,0.51,1,1549.0652105800448,1515.7960568093808,,,,,,
2026-03-26,Slovakia,Kosovo,3.0,4.0,1,1,1.61,1.1,1,1531.425593871595,1551.2904342601955,,,,,,
2026-03-26,Malta,Luxembourg,0.0,2.0,0,1,1.59,0.86,1,1467.0060968066252,1425.3730162904953,,,,,,
2026-03-26,Poland,Albania,2.0,1.0,1,1,0.91,1.11,1,1509.1418919899222,1510.0631764101354,,,,,,
2026-03-27,Bolivia,Suriname,2.0,1.0,1,1,1.98,2.38,1,1471.9564716144532,1537.1853349785824,,,,,,
2026-03-27,New Caledonia,Jamaica,0.0,1.0,1,1,0.14,0.99,1,1520.6135225463674,1553.5427194867884,,,,,,
2026-03-31,D.R. Congo,Jamaica,1.0,0.0,1,1,1.45,0.3,1,1563.4502545273306,1562.5977687659772,,,,,,
2026-03-31,Czech Republic,Denmark,3.0,2.0,1,1,1.23,1.35,1,1548.415849175295,1529.3522805395191,,,,,,
2026-03-31,Sweden,Poland,3.0,2.0,1,1,1.65,1.53,1,1512.8322898340682,1519.168408624928,,,,,,
2026-03-31,Kosovo,Turkey,0.0,1.0,1,1,0.88,1.77,1,1560.7193004127198,1569.5048288308044,,,,,,
2026-03-31,Bosnia-Herzegovina,Italy,2.0,1.0,1,1,1.91,0.86,1,1519.960297822948,1558.1105633858522,,,,,,
2026-03-31,Luxembourg,Malta,3.0,0.0,0,1,2.27,1.05,1,1437.9509309628127,1454.428182134308,,,,,,
2026-03-31,Latvia,Gibraltar,1.0,0.0,0,1,2.37,0.34,1,1450.8610896265036,1422.6703895792325,,,,,,
2026-04-01,Iraq,Bolivia,2.0,1.0,1,1,0.74,0.61,1,1572.9299021672234,1483.8121573845158,,,,,,
