date,competition,home_team,away_team,home_xGF,away_xGF,home_xGA,away_xGA,home_goals,away_goals,neutral
2019-06-01,Champions League,Tottenham Hotspur,Liverpool,0.9242636489999999,1.2031476561000003,1.2031476561000003,0.9242636489999999,0,2,False
2018-05-26,Champions League,Real Madrid,Liverpool,1.6771192527000003,1.427066907,1.427066907,1.6771192527000003,3,1,False
2019-06-01,Champions League,Tottenham Hotspur,Liverpool,0.9242636489999999,1.2031476561000003,1.2031476561000003,0.9242636489999999,0,2,False
2018-05-26,Champions League,Real Madrid,Liverpool,1.6771192527000003,1.427066907,1.427066907,1.6771192527000003,3,1,False
2019-06-01,Champions League,Tottenham Hotspur,Liverpool,0.9242636489999999,1.2031476561000003,1.2031476561000003,0.9242636489999999,0,2,False
2018-05-26,Champions League,Real Madrid,Liverpool,1.6771192527000003,1.427066907,1.427066907,1.6771192527000003,3,1,False
2019-06-01,Champions League,Tottenham Hotspur,Liverpool,0.9242636489999999,1.2031476561000003,1.2031476561000003,0.9242636489999999,0,2,False
2018-05-26,Champions League,Real Madrid,Liverpool,1.6771192527000003,1.427066907,1.427066907,1.6771192527000003,3,1,False
2019-06-01,Champions League,Tottenham Hotspur,Liverpool,0.9242636489999999,1.2031476561000003,1.2031476561000003,0.9242636489999999,0,2,False
2018-05-26,Champions League,Real Madrid,Liverpool,1.6771192527000003,1.427066907,1.427066907,1.6771192527000003,3,1,False
2019-06-01,Champions League,Tottenham Hotspur,Liverpool,0.9242636489999999,1.2031476561000003,1.2031476561000003,0.9242636489999999,0,2,False
2018-05-26,Champions League,Real Madrid,Liverpool,1.6771192527000003,1.427066907,1.427066907,1.6771192527000003,3,1,False
2019-06-01,Champions League,Tottenham Hotspur,Liverpool,0.9242636489999999,1.2031476561000003,1.2031476561000003,0.9242636489999999,0,2,False
2018-05-26,Champions League,Real Madrid,Liverpool,1.6771192527000003,1.427066907,1.427066907,1.6771192527000003,3,1,False
2019-06-01,Champions League,Tottenham Hotspur,Liverpool,0.9242636489999999,1.2031476561000003,1.2031476561000003,0.9242636489999999,0,2,False
2018-05-26,Champions League,Real Madrid,Liverpool,1.6771192527000003,1.427066907,1.427066907,1.6771192527000003,3,1,False
2019-06-01,Champions League,Tottenham Hotspur,Liverpool,0.9242636489999999,1.2031476561000003,1.2031476561000003,0.9242636489999999,0,2,False
2018-05-26,Champions League,Real Madrid,Liverpool,1.6771192527000003,1.427066907,1.427066907,1.6771192527000003,3,1,False
2019-06-01,Champions League,Tottenham Hotspur,Liverpool,0.9242636489999999,1.2031476561000003,1.2031476561000003,0.9242636489999999,0,2,False
2018-05-26,Champions League,Real Madrid,Liverpool,1.6771192527000003,1.427066907,1.427066907,1.6771192527000003,3,1,False
2019-06-01,Champions League,Tottenham Hotspur,Liverpool,0.9242636489999999,1.2031476561000003,1.2031476561000003,0.9242636489999999,0,2,False
2018-05-26,Champions League,Real Madrid,Liverpool,1.6771192527000003,1.427066907,1.427066907,1.6771192527000003,3,1,False
2019-06-01,Champions League,Tottenham Hotspur,Liverpool,0.9242636489999999,1.2031476561000003,1.2031476561000003,0.9242636489999999,0,2,False
2018-05-26,Champions League,Real Madrid,Liverpool,1.6771192527000003,1.427066907,1.427066907,1.6771192527000003,3,1,False
2019-06-01,Champions League,Tottenham Hotspur,Liverpool,0.9242636489999999,1.2031476561000003,1.2031476561000003,0.9242636489999999,0,2,False
2018-05-26,Champions League,Real Madrid,Liverpool,1.6771192527000003,1.427066907,1.427066907,1.6771192527000003,3,1,False
2019-06-01,Champions League,Tottenham Hotspur,Liverpool,0.9242636489999999,1.2031476561000003,1.2031476561000003,0.9242636489999999,0,2,False
2018-05-26,Champions League,Real Madrid,Liverpool,1.6771192527000003,1.427066907,1.427066907,1.6771192527000003,3,1,False
2019-06-01,Champions League,Tottenham Hotspur,Liverpool,0.9242636489999999,1.2031476561000003,1.2031476561000003,0.9242636489999999,0,2,False
2018-05-26,Champions League,Real Madrid,Liverpool,1.6771192527000003,1.427066907,1.427066907,1.6771192527000003,3,1,False
2019-06-01,Champions League,Tottenham Hotspur,Liverpool,0.9242636489999999,1.2031476561000003,1.2031476561000003,0.9242636489999999,0,2,False
2018-05-26,Champions League,Real Madrid,Liverpool,1.6771192527000003,1.427066907,1.427066907,1.6771192527000003,3,1,False
2019-06-01,Champions League,Tottenham Hotspur,Liverpool,0.9242636489999999,1.2031476561000003,1.2031476561000003,0.9242636489999999,0,2,False
2018-05-26,Champions League,Real Madrid,Liverpool,1.6771192527000003,1.427066907,1.427066907,1.6771192527000003,3,1,False
2019-06-01,Champions League,Tottenham Hotspur,Liverpool,0.9242636489999999,1.2031476561000003,1.2031476561000003,0.9242636489999999,0,2,False
2018-05-26,Champions League,Real Madrid,Liverpool,1.6771192527000003,1.427066907,1.427066907,1.6771192527000003,3,1,False
2018-07-03,FIFA World Cup,Colombia,England,4.7486502155,6.161789848,6.161789848,4.7486502155,4,5,False
2018-06-28,FIFA World Cup,England,Belgium,1.2006863693,0.9653343229999999,0.9653343229999999,1.2006863693,0,1,False
2018-07-03,FIFA World Cup,Sweden,Switzerland,0.910595485,0.5329880485,0.5329880485,0.910595485,1,0,False
2018-06-25,FIFA World Cup,Iran,Portugal,1.5769696039999999,1.5224178248,1.5224178248,1.5769696039999999,1,1,False
2018-06-20,FIFA World Cup,Portugal,Morocco,0.8849862430000001,1.4551028735,1.4551028735,0.8849862430000001,1,0,False
2018-07-11,FIFA World Cup,Croatia,England,2.1413194335,0.5466641000000001,0.5466641000000001,2.1413194335,2,1,False
2018-06-24,FIFA World Cup,England,Panama,3.168321031,1.0800387518,1.0800387518,3.168321031,6,1,False
2018-06-22,FIFA World Cup,Serbia,Switzerland,1.153485278,1.5573086895,1.5573086895,1.153485278,1,2,False
2018-06-22,FIFA World Cup,Brazil,Costa Rica,3.0963627985,0.158693415,0.158693415,3.0963627985,2,0,False
2018-06-15,FIFA World Cup,Egypt,Uruguay,0.364488455,1.9408185929999995,1.9408185929999995,0.364488455,0,1,False
2018-06-23,FIFA World Cup,South Korea,Mexico,0.816422512,1.8778128299999999,1.8778128299999999,0.816422512,1,2,False
2018-06-20,FIFA World Cup,Uruguay,Saudi Arabia,1.8068058070000002,0.2734858323,0.2734858323,1.8068058070000002,1,0,False
2018-06-18,FIFA World Cup,Belgium,Panama,1.212055155,0.62535498,0.62535498,1.212055155,3,0,False
2018-06-24,FIFA World Cup,Poland,Colombia,1.114197838,1.3869427573000002,1.3869427573000002,1.114197838,0,3,False
2018-06-21,FIFA World Cup,France,Peru,1.863386476,0.625221235,0.625221235,1.863386476,1,0,False
2018-06-19,FIFA World Cup,Poland,Senegal,1.042323384,1.428427444,1.428427444,1.042323384,1,1,False
2018-06-18,FIFA World Cup,Sweden,South Korea,2.015124456,0.414372021,0.414372021,2.015124456,1,0,False
2018-06-15,FIFA World Cup,Portugal,Spain,1.4345957889999998,1.6609466705,1.6609466705,1.4345957889999998,3,3,False
2018-06-27,FIFA World Cup,Serbia,Brazil,0.947791672,1.420267842,1.420267842,0.947791672,0,2,False
2018-06-23,FIFA World Cup,Germany,Sweden,1.318084832,0.8151666949999999,0.8151666949999999,1.318084832,2,1,False
2018-06-18,FIFA World Cup,Tunisia,England,0.945653212,2.626449744999999,2.626449744999999,0.945653212,1,2,False
2018-06-30,FIFA World Cup,France,Argentina,1.638027032,1.446559447,1.446559447,1.638027032,4,3,False
2018-07-06,FIFA World Cup,Brazil,Belgium,2.6091956661999998,0.40525613299999996,0.40525613299999996,2.6091956661999998,1,1,False
2018-07-01,FIFA World Cup,Croatia,Denmark,6.087735598,4.613994755,4.613994755,6.087735598,4,3,False
2018-06-22,FIFA World Cup,Nigeria,Iceland,1.3121593260000002,1.552161967,1.552161967,1.3121593260000002,2,0,False
2018-06-16,FIFA World Cup,Croatia,Nigeria,1.6944666339999996,0.7623215977000002,0.7623215977000002,1.6944666339999996,1,0,False
2018-06-17,FIFA World Cup,Germany,Mexico,2.2992588492,0.9932887670000001,0.9932887670000001,2.2992588492,0,1,False
2018-06-26,FIFA World Cup,Australia,Peru,1.655319275,0.3363750876,0.3363750876,1.655319275,0,2,False
2018-06-28,FIFA World Cup,Senegal,Colombia,0.35991006300000006,0.28486186999999996,0.28486186999999996,0.35991006300000006,0,1,False
2018-06-28,FIFA World Cup,Panama,Tunisia,0.6907955865000001,2.8524550040000003,2.8524550040000003,0.6907955865000001,0,2,False
2018-06-27,FIFA World Cup,Switzerland,Costa Rica,1.1964671296999998,1.576212685,1.576212685,1.1964671296999998,2,1,False
2018-06-16,FIFA World Cup,France,Australia,1.561557064,0.980031062,0.980031062,1.561557064,1,1,False
2018-06-25,FIFA World Cup,Uruguay,Russia,2.4825809298,0.180184531,0.180184531,2.4825809298,2,0,False
2018-07-02,FIFA World Cup,Brazil,Mexico,3.320421268,0.5827998199999999,0.5827998199999999,3.320421268,2,0,False
2018-06-21,FIFA World Cup,Denmark,Australia,1.014444774,1.412191891,1.412191891,1.014444774,1,1,False
2018-06-17,FIFA World Cup,Costa Rica,Serbia,0.5960217237,1.9925690040000001,1.9925690040000001,0.5960217237,0,1,False
2018-07-02,FIFA World Cup,Belgium,Japan,2.917831719499999,0.6937694522000001,0.6937694522000001,2.917831719499999,3,2,False
2018-06-21,FIFA World Cup,Argentina,Croatia,1.2180579430000003,1.8317100519999998,1.8317100519999998,1.2180579430000003,0,3,False
2018-07-06,FIFA World Cup,Uruguay,France,0.693195278,0.5387829577000001,0.5387829577000001,0.693195278,0,2,False
2018-07-15,FIFA World Cup,France,Croatia,1.0979636080000001,1.4802876897,1.4802876897,1.0979636080000001,3,2,False
2018-06-26,FIFA World Cup,Iceland,Croatia,2.1326869015,0.673928797,0.673928797,2.1326869015,1,2,False
2018-06-16,FIFA World Cup,Argentina,Iceland,2.0805182487,1.0321244945,1.0321244945,2.0805182487,1,1,False
2018-07-01,FIFA World Cup,Spain,Russia,5.358603154,4.540426809,4.540426809,5.358603154,3,5,False
2018-06-23,FIFA World Cup,Belgium,Tunisia,5.336422204999999,1.1881780826,1.1881780826,5.336422204999999,5,2,False
2018-06-16,FIFA World Cup,Peru,Denmark,1.9263781919999998,1.1215676380000001,1.1215676380000001,1.9263781919999998,0,1,False
2018-06-25,FIFA World Cup,Spain,Morocco,2.6044931,1.071760675,1.071760675,2.6044931,2,2,False
2018-06-17,FIFA World Cup,Brazil,Switzerland,1.8828507489999997,0.4721066513,0.4721066513,1.8828507489999997,1,1,False
2018-06-26,FIFA World Cup,Nigeria,Argentina,1.305345181,0.8505598590000001,0.8505598590000001,1.305345181,1,2,False
2018-06-30,FIFA World Cup,Uruguay,Portugal,0.47600794099999993,1.0208288981,1.0208288981,0.47600794099999993,2,1,False
2018-06-28,FIFA World Cup,Japan,Poland,0.8823760785000001,1.040714051,1.040714051,0.8823760785000001,0,1,False
2018-06-15,FIFA World Cup,Morocco,Iran,1.0591950264999999,0.6975558777,0.6975558777,1.0591950264999999,0,0,False
2018-06-20,FIFA World Cup,Iran,Spain,0.426459236,2.1969543835000005,2.1969543835000005,0.426459236,0,1,False
2018-06-14,FIFA World Cup,Russia,Saudi Arabia,1.2816009420000003,0.24880649999999999,0.24880649999999999,1.2816009420000003,5,0,False
2018-06-27,FIFA World Cup,Mexico,Sweden,1.6107035277000001,2.7904868150000004,2.7904868150000004,1.6107035277000001,0,2,False
2018-07-07,FIFA World Cup,Sweden,England,0.8341866389999999,0.75823599,0.75823599,0.8341866389999999,0,2,False
2018-06-27,FIFA World Cup,South Korea,Germany,1.774630282,2.708915636,2.708915636,1.774630282,2,0,False
2018-06-19,FIFA World Cup,Colombia,Japan,0.8062560289999999,2.32067396,2.32067396,0.8062560289999999,1,2,False
2018-07-10,FIFA World Cup,France,Belgium,1.681686764,0.5668682939999999,0.5668682939999999,1.681686764,1,0,False
2018-07-14,FIFA World Cup,Belgium,England,1.32065846,1.335356625,1.335356625,1.32065846,2,0,False
2018-06-19,FIFA World Cup,Russia,Egypt,0.9811507970000001,1.697518253,1.697518253,0.9811507970000001,2,1,False
2018-07-07,FIFA World Cup,Russia,Croatia,4.988439122,5.565318296,5.565318296,4.988439122,5,6,False
2018-06-26,FIFA World Cup,Denmark,France,0.13895808480000002,0.41814049500000006,0.41814049500000006,0.13895808480000002,0,0,False
2018-06-24,FIFA World Cup,Japan,Senegal,1.012543586,1.8782642929999998,1.8782642929999998,1.012543586,2,2,False
2018-06-25,FIFA World Cup,Saudi Arabia,Egypt,2.545815476,0.92372594,0.92372594,2.545815476,2,1,False
2018-07-03,FIFA World Cup,Colombia,England,4.7486502155,6.161789848,6.161789848,4.7486502155,4,5,False
2018-06-28,FIFA World Cup,England,Belgium,1.2006863693,0.9653343229999999,0.9653343229999999,1.2006863693,0,1,False
2018-07-03,FIFA World Cup,Sweden,Switzerland,0.910595485,0.5329880485,0.5329880485,0.910595485,1,0,False
2018-06-25,FIFA World Cup,Iran,Portugal,1.5769696039999999,1.5224178248,1.5224178248,1.5769696039999999,1,1,False
2018-06-20,FIFA World Cup,Portugal,Morocco,0.8849862430000001,1.4551028735,1.4551028735,0.8849862430000001,1,0,False
2018-07-11,FIFA World Cup,Croatia,England,2.1413194335,0.5466641000000001,0.5466641000000001,2.1413194335,2,1,False
2018-06-24,FIFA World Cup,England,Panama,3.168321031,1.0800387518,1.0800387518,3.168321031,6,1,False
2018-06-22,FIFA World Cup,Serbia,Switzerland,1.153485278,1.5573086895,1.5573086895,1.153485278,1,2,False
2018-06-22,FIFA World Cup,Brazil,Costa Rica,3.0963627985,0.158693415,0.158693415,3.0963627985,2,0,False
2018-06-15,FIFA World Cup,Egypt,Uruguay,0.364488455,1.9408185929999995,1.9408185929999995,0.364488455,0,1,False
2018-06-23,FIFA World Cup,South Korea,Mexico,0.816422512,1.8778128299999999,1.8778128299999999,0.816422512,1,2,False
2018-06-20,FIFA World Cup,Uruguay,Saudi Arabia,1.8068058070000002,0.2734858323,0.2734858323,1.8068058070000002,1,0,False
2018-06-18,FIFA World Cup,Belgium,Panama,1.212055155,0.62535498,0.62535498,1.212055155,3,0,False
2018-06-24,FIFA World Cup,Poland,Colombia,1.114197838,1.3869427573000002,1.3869427573000002,1.114197838,0,3,False
2018-06-21,FIFA World Cup,France,Peru,1.863386476,0.625221235,0.625221235,1.863386476,1,0,False
2018-06-19,FIFA World Cup,Poland,Senegal,1.042323384,1.428427444,1.428427444,1.042323384,1,1,False
2018-06-18,FIFA World Cup,Sweden,South Korea,2.015124456,0.414372021,0.414372021,2.015124456,1,0,False
2018-06-15,FIFA World Cup,Portugal,Spain,1.4345957889999998,1.6609466705,1.6609466705,1.4345957889999998,3,3,False
2018-06-27,FIFA World Cup,Serbia,Brazil,0.947791672,1.420267842,1.420267842,0.947791672,0,2,False
2018-06-23,FIFA World Cup,Germany,Sweden,1.318084832,0.8151666949999999,0.8151666949999999,1.318084832,2,1,False
2018-06-18,FIFA World Cup,Tunisia,England,0.945653212,2.626449744999999,2.626449744999999,0.945653212,1,2,False
2018-06-30,FIFA World Cup,France,Argentina,1.638027032,1.446559447,1.446559447,1.638027032,4,3,False
2018-07-06,FIFA World Cup,Brazil,Belgium,2.6091956661999998,0.40525613299999996,0.40525613299999996,2.6091956661999998,1,1,False
2018-07-01,FIFA World Cup,Croatia,Denmark,6.087735598,4.613994755,4.613994755,6.087735598,4,3,False
2018-06-22,FIFA World Cup,Nigeria,Iceland,1.3121593260000002,1.552161967,1.552161967,1.3121593260000002,2,0,False
2018-06-16,FIFA World Cup,Croatia,Nigeria,1.6944666339999996,0.7623215977000002,0.7623215977000002,1.6944666339999996,1,0,False
2018-06-17,FIFA World Cup,Germany,Mexico,2.2992588492,0.9932887670000001,0.9932887670000001,2.2992588492,0,1,False
2018-06-26,FIFA World Cup,Australia,Peru,1.655319275,0.3363750876,0.3363750876,1.655319275,0,2,False
2018-06-28,FIFA World Cup,Senegal,Colombia,0.35991006300000006,0.28486186999999996,0.28486186999999996,0.35991006300000006,0,1,False
2018-06-28,FIFA World Cup,Panama,Tunisia,0.6907955865000001,2.8524550040000003,2.8524550040000003,0.6907955865000001,0,2,False
2018-06-27,FIFA World Cup,Switzerland,Costa Rica,1.1964671296999998,1.576212685,1.576212685,1.1964671296999998,2,1,False
2018-06-16,FIFA World Cup,France,Australia,1.561557064,0.980031062,0.980031062,1.561557064,1,1,False
2018-06-25,FIFA World Cup,Uruguay,Russia,2.4825809298,0.180184531,0.180184531,2.4825809298,2,0,False
2018-07-02,FIFA World Cup,Brazil,Mexico,3.320421268,0.5827998199999999,0.5827998199999999,3.320421268,2,0,False
2018-06-21,FIFA World Cup,Denmark,Australia,1.014444774,1.412191891,1.412191891,1.014444774,1,1,False
2018-06-17,FIFA World Cup,Costa Rica,Serbia,0.5960217237,1.9925690040000001,1.9925690040000001,0.5960217237,0,1,False
2018-07-02,FIFA World Cup,Belgium,Japan,2.917831719499999,0.6937694522000001,0.6937694522000001,2.917831719499999,3,2,False
2018-06-21,FIFA World Cup,Argentina,Croatia,1.2180579430000003,1.8317100519999998,1.8317100519999998,1.2180579430000003,0,3,False
2018-07-06,FIFA World Cup,Uruguay,France,0.693195278,0.5387829577000001,0.5387829577000001,0.693195278,0,2,False
2018-07-15,FIFA World Cup,France,Croatia,1.0979636080000001,1.4802876897,1.4802876897,1.0979636080000001,3,2,False
2018-06-26,FIFA World Cup,Iceland,Croatia,2.1326869015,0.673928797,0.673928797,2.1326869015,1,2,False
2018-06-16,FIFA World Cup,Argentina,Iceland,2.0805182487,1.0321244945,1.0321244945,2.0805182487,1,1,False
2018-07-01,FIFA World Cup,Spain,Russia,5.358603154,4.540426809,4.540426809,5.358603154,3,5,False
2018-06-23,FIFA World Cup,Belgium,Tunisia,5.336422204999999,1.1881780826,1.1881780826,5.336422204999999,5,2,False
2018-06-16,FIFA World Cup,Peru,Denmark,1.9263781919999998,1.1215676380000001,1.1215676380000001,1.9263781919999998,0,1,False
2018-06-25,FIFA World Cup,Spain,Morocco,2.6044931,1.071760675,1.071760675,2.6044931,2,2,False
2018-06-17,FIFA World Cup,Brazil,Switzerland,1.8828507489999997,0.4721066513,0.4721066513,1.8828507489999997,1,1,False
2018-06-26,FIFA World Cup,Nigeria,Argentina,1.305345181,0.8505598590000001,0.8505598590000001,1.305345181,1,2,False
2018-06-30,FIFA World Cup,Uruguay,Portugal,0.47600794099999993,1.0208288981,1.0208288981,0.47600794099999993,2,1,False
2018-06-28,FIFA World Cup,Japan,Poland,0.8823760785000001,1.040714051,1.040714051,0.8823760785000001,0,1,False
2018-06-15,FIFA World Cup,Morocco,Iran,1.0591950264999999,0.6975558777,0.6975558777,1.0591950264999999,0,0,False
2018-06-20,FIFA World Cup,Iran,Spain,0.426459236,2.1969543835000005,2.1969543835000005,0.426459236,0,1,False
2018-06-14,FIFA World Cup,Russia,Saudi Arabia,1.2816009420000003,0.24880649999999999,0.24880649999999999,1.2816009420000003,5,0,False
2018-06-27,FIFA World Cup,Mexico,Sweden,1.6107035277000001,2.7904868150000004,2.7904868150000004,1.6107035277000001,0,2,False
2018-07-07,FIFA World Cup,Sweden,England,0.8341866389999999,0.75823599,0.75823599,0.8341866389999999,0,2,False
2018-06-27,FIFA World Cup,South Korea,Germany,1.774630282,2.708915636,2.708915636,1.774630282,2,0,False
2018-06-19,FIFA World Cup,Colombia,Japan,0.8062560289999999,2.32067396,2.32067396,0.8062560289999999,1,2,False
2018-07-10,FIFA World Cup,France,Belgium,1.681686764,0.5668682939999999,0.5668682939999999,1.681686764,1,0,False
2018-07-14,FIFA World Cup,Belgium,England,1.32065846,1.335356625,1.335356625,1.32065846,2,0,False
2018-06-19,FIFA World Cup,Russia,Egypt,0.9811507970000001,1.697518253,1.697518253,0.9811507970000001,2,1,False
2018-07-07,FIFA World Cup,Russia,Croatia,4.988439122,5.565318296,5.565318296,4.988439122,5,6,False
2018-06-26,FIFA World Cup,Denmark,France,0.13895808480000002,0.41814049500000006,0.41814049500000006,0.13895808480000002,0,0,False
2018-06-24,FIFA World Cup,Japan,Senegal,1.012543586,1.8782642929999998,1.8782642929999998,1.012543586,2,2,False
2018-06-25,FIFA World Cup,Saudi Arabia,Egypt,2.545815476,0.92372594,0.92372594,2.545815476,2,1,False
2018-07-03,FIFA World Cup,Colombia,England,4.7486502155,6.161789848,6.161789848,4.7486502155,4,5,False
2018-06-28,FIFA World Cup,England,Belgium,1.2006863693,0.9653343229999999,0.9653343229999999,1.2006863693,0,1,False
2018-07-03,FIFA World Cup,Sweden,Switzerland,0.910595485,0.5329880485,0.5329880485,0.910595485,1,0,False
2018-06-25,FIFA World Cup,Iran,Portugal,1.5769696039999999,1.5224178248,1.5224178248,1.5769696039999999,1,1,False
2018-06-20,FIFA World Cup,Portugal,Morocco,0.8849862430000001,1.4551028735,1.4551028735,0.8849862430000001,1,0,False
2018-07-11,FIFA World Cup,Croatia,England,2.1413194335,0.5466641000000001,0.5466641000000001,2.1413194335,2,1,False
2018-06-24,FIFA World Cup,England,Panama,3.168321031,1.0800387518,1.0800387518,3.168321031,6,1,False
2018-06-22,FIFA World Cup,Serbia,Switzerland,1.153485278,1.5573086895,1.5573086895,1.153485278,1,2,False
2018-06-22,FIFA World Cup,Brazil,Costa Rica,3.0963627985,0.158693415,0.158693415,3.0963627985,2,0,False
2018-06-15,FIFA World Cup,Egypt,Uruguay,0.364488455,1.9408185929999995,1.9408185929999995,0.364488455,0,1,False
2018-06-23,FIFA World Cup,South Korea,Mexico,0.816422512,1.8778128299999999,1.8778128299999999,0.816422512,1,2,False
2018-06-20,FIFA World Cup,Uruguay,Saudi Arabia,1.8068058070000002,0.2734858323,0.2734858323,1.8068058070000002,1,0,False
2018-06-18,FIFA World Cup,Belgium,Panama,1.212055155,0.62535498,0.62535498,1.212055155,3,0,False
2018-06-24,FIFA World Cup,Poland,Colombia,1.114197838,1.3869427573000002,1.3869427573000002,1.114197838,0,3,False
2018-06-21,FIFA World Cup,France,Peru,1.863386476,0.625221235,0.625221235,1.863386476,1,0,False
2018-06-19,FIFA World Cup,Poland,Senegal,1.042323384,1.428427444,1.428427444,1.042323384,1,1,False
2018-06-18,FIFA World Cup,Sweden,South Korea,2.015124456,0.414372021,0.414372021,2.015124456,1,0,False
2018-06-15,FIFA World Cup,Portugal,Spain,1.4345957889999998,1.6609466705,1.6609466705,1.4345957889999998,3,3,False
2018-06-27,FIFA World Cup,Serbia,Brazil,0.947791672,1.420267842,1.420267842,0.947791672,0,2,False
2018-06-23,FIFA World Cup,Germany,Sweden,1.318084832,0.8151666949999999,0.8151666949999999,1.318084832,2,1,False
2018-06-18,FIFA World Cup,Tunisia,England,0.945653212,2.626449744999999,2.626449744999999,0.945653212,1,2,False
2018-06-30,FIFA World Cup,France,Argentina,1.638027032,1.446559447,1.446559447,1.638027032,4,3,False
2018-07-06,FIFA World Cup,Brazil,Belgium,2.6091956661999998,0.40525613299999996,0.40525613299999996,2.6091956661999998,1,1,False
2018-07-01,FIFA World Cup,Croatia,Denmark,6.087735598,4.613994755,4.613994755,6.087735598,4,3,False
2018-06-22,FIFA World Cup,Nigeria,Iceland,1.3121593260000002,1.552161967,1.552161967,1.3121593260000002,2,0,False
2018-06-16,FIFA World Cup,Croatia,Nigeria,1.6944666339999996,0.7623215977000002,0.7623215977000002,1.6944666339999996,1,0,False
2018-06-17,FIFA World Cup,Germany,Mexico,2.2992588492,0.9932887670000001,0.9932887670000001,2.2992588492,0,1,False
2018-06-26,FIFA World Cup,Australia,Peru,1.655319275,0.3363750876,0.3363750876,1.655319275,0,2,False
2018-06-28,FIFA World Cup,Senegal,Colombia,0.35991006300000006,0.28486186999999996,0.28486186999999996,0.35991006300000006,0,1,False
2018-06-28,FIFA World Cup,Panama,Tunisia,0.6907955865000001,2.8524550040000003,2.8524550040000003,0.6907955865000001,0,2,False
2018-06-27,FIFA World Cup,Switzerland,Costa Rica,1.1964671296999998,1.576212685,1.576212685,1.1964671296999998,2,1,False
2018-06-16,FIFA World Cup,France,Australia,1.561557064,0.980031062,0.980031062,1.561557064,1,1,False
2018-06-25,FIFA World Cup,Uruguay,Russia,2.4825809298,0.180184531,0.180184531,2.4825809298,2,0,False
2018-07-02,FIFA World Cup,Brazil,Mexico,3.320421268,0.5827998199999999,0.5827998199999999,3.320421268,2,0,False
2018-06-21,FIFA World Cup,Denmark,Australia,1.014444774,1.412191891,1.412191891,1.014444774,1,1,False
2018-06-17,FIFA World Cup,Costa Rica,Serbia,0.5960217237,1.9925690040000001,1.9925690040000001,0.5960217237,0,1,False
2018-07-02,FIFA World Cup,Belgium,Japan,2.917831719499999,0.6937694522000001,0.6937694522000001,2.917831719499999,3,2,False
2018-06-21,FIFA World Cup,Argentina,Croatia,1.2180579430000003,1.8317100519999998,1.8317100519999998,1.2180579430000003,0,3,False
2018-07-06,FIFA World Cup,Uruguay,France,0.693195278,0.5387829577000001,0.5387829577000001,0.693195278,0,2,False
2018-07-15,FIFA World Cup,France,Croatia,1.0979636080000001,1.4802876897,1.4802876897,1.0979636080000001,3,2,False
2018-06-26,FIFA World Cup,Iceland,Croatia,2.1326869015,0.673928797,0.673928797,2.1326869015,1,2,False
2018-06-16,FIFA World Cup,Argentina,Iceland,2.0805182487,1.0321244945,1.0321244945,2.0805182487,1,1,False
2018-07-01,FIFA World Cup,Spain,Russia,5.358603154,4.540426809,4.540426809,5.358603154,3,5,False
2018-06-23,FIFA World Cup,Belgium,Tunisia,5.336422204999999,1.1881780826,1.1881780826,5.336422204999999,5,2,False
2018-06-16,FIFA World Cup,Peru,Denmark,1.9263781919999998,1.1215676380000001,1.1215676380000001,1.9263781919999998,0,1,False
2018-06-25,FIFA World Cup,Spain,Morocco,2.6044931,1.071760675,1.071760675,2.6044931,2,2,False
2018-06-17,FIFA World Cup,Brazil,Switzerland,1.8828507489999997,0.4721066513,0.4721066513,1.8828507489999997,1,1,False
2018-06-26,FIFA World Cup,Nigeria,Argentina,1.305345181,0.8505598590000001,0.8505598590000001,1.305345181,1,2,False
2018-06-30,FIFA World Cup,Uruguay,Portugal,0.47600794099999993,1.0208288981,1.0208288981,0.47600794099999993,2,1,False
2018-06-28,FIFA World Cup,Japan,Poland,0.8823760785000001,1.040714051,1.040714051,0.8823760785000001,0,1,False
2018-06-15,FIFA World Cup,Morocco,Iran,1.0591950264999999,0.6975558777,0.6975558777,1.0591950264999999,0,0,False
2018-06-20,FIFA World Cup,Iran,Spain,0.426459236,2.1969543835000005,2.1969543835000005,0.426459236,0,1,False
2018-06-14,FIFA World Cup,Russia,Saudi Arabia,1.2816009420000003,0.24880649999999999,0.24880649999999999,1.2816009420000003,5,0,False
2018-06-27,FIFA World Cup,Mexico,Sweden,1.6107035277000001,2.7904868150000004,2.7904868150000004,1.6107035277000001,0,2,False
2018-07-07,FIFA World Cup,Sweden,England,0.8341866389999999,0.75823599,0.75823599,0.8341866389999999,0,2,False
2018-06-27,FIFA World Cup,South Korea,Germany,1.774630282,2.708915636,2.708915636,1.774630282,2,0,False
2018-06-19,FIFA World Cup,Colombia,Japan,0.8062560289999999,2.32067396,2.32067396,0.8062560289999999,1,2,False
2018-07-10,FIFA World Cup,France,Belgium,1.681686764,0.5668682939999999,0.5668682939999999,1.681686764,1,0,False
2018-07-14,FIFA World Cup,Belgium,England,1.32065846,1.335356625,1.335356625,1.32065846,2,0,False
2018-06-19,FIFA World Cup,Russia,Egypt,0.9811507970000001,1.697518253,1.697518253,0.9811507970000001,2,1,False
2018-07-07,FIFA World Cup,Russia,Croatia,4.988439122,5.565318296,5.565318296,4.988439122,5,6,False
2018-06-26,FIFA World Cup,Denmark,France,0.13895808480000002,0.41814049500000006,0.41814049500000006,0.13895808480000002,0,0,False
2018-06-24,FIFA World Cup,Japan,Senegal,1.012543586,1.8782642929999998,1.8782642929999998,1.012543586,2,2,False
2018-06-25,FIFA World Cup,Saudi Arabia,Egypt,2.545815476,0.92372594,0.92372594,2.545815476,2,1,False
2018-07-03,FIFA World Cup,Colombia,England,4.7486502155,6.161789848,6.161789848,4.7486502155,4,5,False
2018-06-28,FIFA World Cup,England,Belgium,1.2006863693,0.9653343229999999,0.9653343229999999,1.2006863693,0,1,False
2018-07-03,FIFA World Cup,Sweden,Switzerland,0.910595485,0.5329880485,0.5329880485,0.910595485,1,0,False
2018-06-25,FIFA World Cup,Iran,Portugal,1.5769696039999999,1.5224178248,1.5224178248,1.5769696039999999,1,1,False
2018-06-20,FIFA World Cup,Portugal,Morocco,0.8849862430000001,1.4551028735,1.4551028735,0.8849862430000001,1,0,False
2018-07-11,FIFA World Cup,Croatia,England,2.1413194335,0.5466641000000001,0.5466641000000001,2.1413194335,2,1,False
2018-06-24,FIFA World Cup,England,Panama,3.168321031,1.0800387518,1.0800387518,3.168321031,6,1,False
2018-06-22,FIFA World Cup,Serbia,Switzerland,1.153485278,1.5573086895,1.5573086895,1.153485278,1,2,False
2018-06-22,FIFA World Cup,Brazil,Costa Rica,3.0963627985,0.158693415,0.158693415,3.0963627985,2,0,False
2018-06-15,FIFA World Cup,Egypt,Uruguay,0.364488455,1.9408185929999995,1.9408185929999995,0.364488455,0,1,False
2018-06-23,FIFA World Cup,South Korea,Mexico,0.816422512,1.8778128299999999,1.8778128299999999,0.816422512,1,2,False
2018-06-20,FIFA World Cup,Uruguay,Saudi Arabia,1.8068058070000002,0.2734858323,0.2734858323,1.8068058070000002,1,0,False
2018-06-18,FIFA World Cup,Belgium,Panama,1.212055155,0.62535498,0.62535498,1.212055155,3,0,False
2018-06-24,FIFA World Cup,Poland,Colombia,1.114197838,1.3869427573000002,1.3869427573000002,1.114197838,0,3,False
2018-06-21,FIFA World Cup,France,Peru,1.863386476,0.625221235,0.625221235,1.863386476,1,0,False
2018-06-19,FIFA World Cup,Poland,Senegal,1.042323384,1.428427444,1.428427444,1.042323384,1,1,False
2018-06-18,FIFA World Cup,Sweden,South Korea,2.015124456,0.414372021,0.414372021,2.015124456,1,0,False
2018-06-15,FIFA World Cup,Portugal,Spain,1.4345957889999998,1.6609466705,1.6609466705,1.4345957889999998,3,3,False
2018-06-27,FIFA World Cup,Serbia,Brazil,0.947791672,1.420267842,1.420267842,0.947791672,0,2,False
2018-06-23,FIFA World Cup,Germany,Sweden,1.318084832,0.8151666949999999,0.8151666949999999,1.318084832,2,1,False
2018-06-18,FIFA World Cup,Tunisia,England,0.945653212,2.626449744999999,2.626449744999999,0.945653212,1,2,False
2018-06-30,FIFA World Cup,France,Argentina,1.638027032,1.446559447,1.446559447,1.638027032,4,3,False
2018-07-06,FIFA World Cup,Brazil,Belgium,2.6091956661999998,0.40525613299999996,0.40525613299999996,2.6091956661999998,1,1,False
2018-07-01,FIFA World Cup,Croatia,Denmark,6.087735598,4.613994755,4.613994755,6.087735598,4,3,False
2018-06-22,FIFA World Cup,Nigeria,Iceland,1.3121593260000002,1.552161967,1.552161967,1.3121593260000002,2,0,False
2018-06-16,FIFA World Cup,Croatia,Nigeria,1.6944666339999996,0.7623215977000002,0.7623215977000002,1.6944666339999996,1,0,False
2018-06-17,FIFA World Cup,Germany,Mexico,2.2992588492,0.9932887670000001,0.9932887670000001,2.2992588492,0,1,False
2018-06-26,FIFA World Cup,Australia,Peru,1.655319275,0.3363750876,0.3363750876,1.655319275,0,2,False
2018-06-28,FIFA World Cup,Senegal,Colombia,0.35991006300000006,0.28486186999999996,0.28486186999999996,0.35991006300000006,0,1,False
2018-06-28,FIFA World Cup,Panama,Tunisia,0.6907955865000001,2.8524550040000003,2.8524550040000003,0.6907955865000001,0,2,False
2018-06-27,FIFA World Cup,Switzerland,Costa Rica,1.1964671296999998,1.576212685,1.576212685,1.1964671296999998,2,1,False
2018-06-16,FIFA World Cup,France,Australia,1.561557064,0.980031062,0.980031062,1.561557064,1,1,False
2018-06-25,FIFA World Cup,Uruguay,Russia,2.4825809298,0.180184531,0.180184531,2.4825809298,2,0,False
2018-07-02,FIFA World Cup,Brazil,Mexico,3.320421268,0.5827998199999999,0.5827998199999999,3.320421268,2,0,False
2018-06-21,FIFA World Cup,Denmark,Australia,1.014444774,1.412191891,1.412191891,1.014444774,1,1,False
2018-06-17,FIFA World Cup,Costa Rica,Serbia,0.5960217237,1.9925690040000001,1.9925690040000001,0.5960217237,0,1,False
2018-07-02,FIFA World Cup,Belgium,Japan,2.917831719499999,0.6937694522000001,0.6937694522000001,2.917831719499999,3,2,False
2018-06-21,FIFA World Cup,Argentina,Croatia,1.2180579430000003,1.8317100519999998,1.8317100519999998,1.2180579430000003,0,3,False
2018-07-06,FIFA World Cup,Uruguay,France,0.693195278,0.5387829577000001,0.5387829577000001,0.693195278,0,2,False
2018-07-15,FIFA World Cup,France,Croatia,1.0979636080000001,1.4802876897,1.4802876897,1.0979636080000001,3,2,False
2018-06-26,FIFA World Cup,Iceland,Croatia,2.1326869015,0.673928797,0.673928797,2.1326869015,1,2,False
2018-06-16,FIFA World Cup,Argentina,Iceland,2.0805182487,1.0321244945,1.0321244945,2.0805182487,1,1,False
2018-07-01,FIFA World Cup,Spain,Russia,5.358603154,4.540426809,4.540426809,5.358603154,3,5,False
2018-06-23,FIFA World Cup,Belgium,Tunisia,5.336422204999999,1.1881780826,1.1881780826,5.336422204999999,5,2,False
2018-06-16,FIFA World Cup,Peru,Denmark,1.9263781919999998,1.1215676380000001,1.1215676380000001,1.9263781919999998,0,1,False
2018-06-25,FIFA World Cup,Spain,Morocco,2.6044931,1.071760675,1.071760675,2.6044931,2,2,False
2018-06-17,FIFA World Cup,Brazil,Switzerland,1.8828507489999997,0.4721066513,0.4721066513,1.8828507489999997,1,1,False
2018-06-26,FIFA World Cup,Nigeria,Argentina,1.305345181,0.8505598590000001,0.8505598590000001,1.305345181,1,2,False
2018-06-30,FIFA World Cup,Uruguay,Portugal,0.47600794099999993,1.0208288981,1.0208288981,0.47600794099999993,2,1,False
2018-06-28,FIFA World Cup,Japan,Poland,0.8823760785000001,1.040714051,1.040714051,0.8823760785000001,0,1,False
2018-06-15,FIFA World Cup,Morocco,Iran,1.0591950264999999,0.6975558777,0.6975558777,1.0591950264999999,0,0,False
2018-06-20,FIFA World Cup,Iran,Spain,0.426459236,2.1969543835000005,2.1969543835000005,0.426459236,0,1,False
2018-06-14,FIFA World Cup,Russia,Saudi Arabia,1.2816009420000003,0.24880649999999999,0.24880649999999999,1.2816009420000003,5,0,False
2018-06-27,FIFA World Cup,Mexico,Sweden,1.6107035277000001,2.7904868150000004,2.7904868150000004,1.6107035277000001,0,2,False
2018-07-07,FIFA World Cup,Sweden,England,0.8341866389999999,0.75823599,0.75823599,0.8341866389999999,0,2,False
2018-06-27,FIFA World Cup,South Korea,Germany,1.774630282,2.708915636,2.708915636,1.774630282,2,0,False
2018-06-19,FIFA World Cup,Colombia,Japan,0.8062560289999999,2.32067396,2.32067396,0.8062560289999999,1,2,False
2018-07-10,FIFA World Cup,France,Belgium,1.681686764,0.5668682939999999,0.5668682939999999,1.681686764,1,0,False
2018-07-14,FIFA World Cup,Belgium,England,1.32065846,1.335356625,1.335356625,1.32065846,2,0,False
2018-06-19,FIFA World Cup,Russia,Egypt,0.9811507970000001,1.697518253,1.697518253,0.9811507970000001,2,1,False
2018-07-07,FIFA World Cup,Russia,Croatia,4.988439122,5.565318296,5.565318296,4.988439122,5,6,False
2018-06-26,FIFA World Cup,Denmark,France,0.13895808480000002,0.41814049500000006,0.41814049500000006,0.13895808480000002,0,0,False
2018-06-24,FIFA World Cup,Japan,Senegal,1.012543586,1.8782642929999998,1.8782642929999998,1.012543586,2,2,False
2018-06-25,FIFA World Cup,Saudi Arabia,Egypt,2.545815476,0.92372594,0.92372594,2.545815476,2,1,False
2018-07-03,FIFA World Cup,Colombia,England,4.7486502155,6.161789848,6.161789848,4.7486502155,4,5,False
2018-06-28,FIFA World Cup,England,Belgium,1.2006863693,0.9653343229999999,0.9653343229999999,1.2006863693,0,1,False
2018-07-03,FIFA World Cup,Sweden,Switzerland,0.910595485,0.5329880485,0.5329880485,0.910595485,1,0,False
2018-06-25,FIFA World Cup,Iran,Portugal,1.5769696039999999,1.5224178248,1.5224178248,1.5769696039999999,1,1,False
2018-06-20,FIFA World Cup,Portugal,Morocco,0.8849862430000001,1.4551028735,1.4551028735,0.8849862430000001,1,0,False
2018-07-11,FIFA World Cup,Croatia,England,2.1413194335,0.5466641000000001,0.5466641000000001,2.1413194335,2,1,False
2018-06-24,FIFA World Cup,England,Panama,3.168321031,1.0800387518,1.0800387518,3.168321031,6,1,False
2018-06-22,FIFA World Cup,Serbia,Switzerland,1.153485278,1.5573086895,1.5573086895,1.153485278,1,2,False
2018-06-22,FIFA World Cup,Brazil,Costa Rica,3.0963627985,0.158693415,0.158693415,3.0963627985,2,0,False
2018-06-15,FIFA World Cup,Egypt,Uruguay,0.364488455,1.9408185929999995,1.9408185929999995,0.364488455,0,1,False
2018-06-23,FIFA World Cup,South Korea,Mexico,0.816422512,1.8778128299999999,1.8778128299999999,0.816422512,1,2,False
2018-06-20,FIFA World Cup,Uruguay,Saudi Arabia,1.8068058070000002,0.2734858323,0.2734858323,1.8068058070000002,1,0,False
2018-06-18,FIFA World Cup,Belgium,Panama,1.212055155,0.62535498,0.62535498,1.212055155,3,0,False
2018-06-24,FIFA World Cup,Poland,Colombia,1.114197838,1.3869427573000002,1.3869427573000002,1.114197838,0,3,False
2018-06-21,FIFA World Cup,France,Peru,1.863386476,0.625221235,0.625221235,1.863386476,1,0,False
2018-06-19,FIFA World Cup,Poland,Senegal,1.042323384,1.428427444,1.428427444,1.042323384,1,1,False
2018-06-18,FIFA World Cup,Sweden,South Korea,2.015124456,0.414372021,0.414372021,2.015124456,1,0,False
2018-06-15,FIFA World Cup,Portugal,Spain,1.4345957889999998,1.6609466705,1.6609466705,1.4345957889999998,3,3,False
2018-06-27,FIFA World Cup,Serbia,Brazil,0.947791672,1.420267842,1.420267842,0.947791672,0,2,False
2018-06-23,FIFA World Cup,Germany,Sweden,1.318084832,0.8151666949999999,0.8151666949999999,1.318084832,2,1,False
2018-06-18,FIFA World Cup,Tunisia,England,0.945653212,2.626449744999999,2.626449744999999,0.945653212,1,2,False
2018-06-30,FIFA World Cup,France,Argentina,1.638027032,1.446559447,1.446559447,1.638027032,4,3,False
2018-07-06,FIFA World Cup,Brazil,Belgium,2.6091956661999998,0.40525613299999996,0.40525613299999996,2.6091956661999998,1,1,False
2018-07-01,FIFA World Cup,Croatia,Denmark,6.087735598,4.613994755,4.613994755,6.087735598,4,3,False
2018-06-22,FIFA World Cup,Nigeria,Iceland,1.3121593260000002,1.552161967,1.552161967,1.3121593260000002,2,0,False
2018-06-16,FIFA World Cup,Croatia,Nigeria,1.6944666339999996,0.7623215977000002,0.7623215977000002,1.6944666339999996,1,0,False
2018-06-17,FIFA World Cup,Germany,Mexico,2.2992588492,0.9932887670000001,0.9932887670000001,2.2992588492,0,1,False
2018-06-26,FIFA World Cup,Australia,Peru,1.655319275,0.3363750876,0.3363750876,1.655319275,0,2,False
2018-06-28,FIFA World Cup,Senegal,Colombia,0.35991006300000006,0.28486186999999996,0.28486186999999996,0.35991006300000006,0,1,False
2018-06-28,FIFA World Cup,Panama,Tunisia,0.6907955865000001,2.8524550040000003,2.8524550040000003,0.6907955865000001,0,2,False
2018-06-27,FIFA World Cup,Switzerland,Costa Rica,1.1964671296999998,1.576212685,1.576212685,1.1964671296999998,2,1,False
2018-06-16,FIFA World Cup,France,Australia,1.561557064,0.980031062,0.980031062,1.561557064,1,1,False
2018-06-25,FIFA World Cup,Uruguay,Russia,2.4825809298,0.180184531,0.180184531,2.4825809298,2,0,False
2018-07-02,FIFA World Cup,Brazil,Mexico,3.320421268,0.5827998199999999,0.5827998199999999,3.320421268,2,0,False
2018-06-21,FIFA World Cup,Denmark,Australia,1.014444774,1.412191891,1.412191891,1.014444774,1,1,False
2018-06-17,FIFA World Cup,Costa Rica,Serbia,0.5960217237,1.9925690040000001,1.9925690040000001,0.5960217237,0,1,False
2018-07-02,FIFA World Cup,Belgium,Japan,2.917831719499999,0.6937694522000001,0.6937694522000001,2.917831719499999,3,2,False
2018-06-21,FIFA World Cup,Argentina,Croatia,1.2180579430000003,1.8317100519999998,1.8317100519999998,1.2180579430000003,0,3,False
2018-07-06,FIFA World Cup,Uruguay,France,0.693195278,0.5387829577000001,0.5387829577000001,0.693195278,0,2,False
2018-07-15,FIFA World Cup,France,Croatia,1.0979636080000001,1.4802876897,1.4802876897,1.0979636080000001,3,2,False
2018-06-26,FIFA World Cup,Iceland,Croatia,2.1326869015,0.673928797,0.673928797,2.1326869015,1,2,False
2018-06-16,FIFA World Cup,Argentina,Iceland,2.0805182487,1.0321244945,1.0321244945,2.0805182487,1,1,False
2018-07-01,FIFA World Cup,Spain,Russia,5.358603154,4.540426809,4.540426809,5.358603154,3,5,False
2018-06-23,FIFA World Cup,Belgium,Tunisia,5.336422204999999,1.1881780826,1.1881780826,5.336422204999999,5,2,False
2018-06-16,FIFA World Cup,Peru,Denmark,1.9263781919999998,1.1215676380000001,1.1215676380000001,1.9263781919999998,0,1,False
2018-06-25,FIFA World Cup,Spain,Morocco,2.6044931,1.071760675,1.071760675,2.6044931,2,2,False
2018-06-17,FIFA World Cup,Brazil,Switzerland,1.8828507489999997,0.4721066513,0.4721066513,1.8828507489999997,1,1,False
2018-06-26,FIFA World Cup,Nigeria,Argentina,1.305345181,0.8505598590000001,0.8505598590000001,1.305345181,1,2,False
2018-06-30,FIFA World Cup,Uruguay,Portugal,0.47600794099999993,1.0208288981,1.0208288981,0.47600794099999993,2,1,False
2018-06-28,FIFA World Cup,Japan,Poland,0.8823760785000001,1.040714051,1.040714051,0.8823760785000001,0,1,False
2018-06-15,FIFA World Cup,Morocco,Iran,1.0591950264999999,0.6975558777,0.6975558777,1.0591950264999999,0,0,False
2018-06-20,FIFA World Cup,Iran,Spain,0.426459236,2.1969543835000005,2.1969543835000005,0.426459236,0,1,False
2018-06-14,FIFA World Cup,Russia,Saudi Arabia,1.2816009420000003,0.24880649999999999,0.24880649999999999,1.2816009420000003,5,0,False
2018-06-27,FIFA World Cup,Mexico,Sweden,1.6107035277000001,2.7904868150000004,2.7904868150000004,1.6107035277000001,0,2,False
2018-07-07,FIFA World Cup,Sweden,England,0.8341866389999999,0.75823599,0.75823599,0.8341866389999999,0,2,False
2018-06-27,FIFA World Cup,South Korea,Germany,1.774630282,2.708915636,2.708915636,1.774630282,2,0,False
2018-06-19,FIFA World Cup,Colombia,Japan,0.8062560289999999,2.32067396,2.32067396,0.8062560289999999,1,2,False
2018-07-10,FIFA World Cup,France,Belgium,1.681686764,0.5668682939999999,0.5668682939999999,1.681686764,1,0,False
2018-07-14,FIFA World Cup,Belgium,England,1.32065846,1.335356625,1.335356625,1.32065846,2,0,False
2018-06-19,FIFA World Cup,Russia,Egypt,0.9811507970000001,1.697518253,1.697518253,0.9811507970000001,2,1,False
2018-07-07,FIFA World Cup,Russia,Croatia,4.988439122,5.565318296,5.565318296,4.988439122,5,6,False
2018-06-26,FIFA World Cup,Denmark,France,0.13895808480000002,0.41814049500000006,0.41814049500000006,0.13895808480000002,0,0,False
2018-06-24,FIFA World Cup,Japan,Senegal,1.012543586,1.8782642929999998,1.8782642929999998,1.012543586,2,2,False
2018-06-25,FIFA World Cup,Saudi Arabia,Egypt,2.545815476,0.92372594,0.92372594,2.545815476,2,1,False
2018-07-03,FIFA World Cup,Colombia,England,4.7486502155,6.161789848,6.161789848,4.7486502155,4,5,False
2018-06-28,FIFA World Cup,England,Belgium,1.2006863693,0.9653343229999999,0.9653343229999999,1.2006863693,0,1,False
2018-07-03,FIFA World Cup,Sweden,Switzerland,0.910595485,0.5329880485,0.5329880485,0.910595485,1,0,False
2018-06-25,FIFA World Cup,Iran,Portugal,1.5769696039999999,1.5224178248,1.5224178248,1.5769696039999999,1,1,False
2018-06-20,FIFA World Cup,Portugal,Morocco,0.8849862430000001,1.4551028735,1.4551028735,0.8849862430000001,1,0,False
2018-07-11,FIFA World Cup,Croatia,England,2.1413194335,0.5466641000000001,0.5466641000000001,2.1413194335,2,1,False
2018-06-24,FIFA World Cup,England,Panama,3.168321031,1.0800387518,1.0800387518,3.168321031,6,1,False
2018-06-22,FIFA World Cup,Serbia,Switzerland,1.153485278,1.5573086895,1.5573086895,1.153485278,1,2,False
2018-06-22,FIFA World Cup,Brazil,Costa Rica,3.0963627985,0.158693415,0.158693415,3.0963627985,2,0,False
2018-06-15,FIFA World Cup,Egypt,Uruguay,0.364488455,1.9408185929999995,1.9408185929999995,0.364488455,0,1,False
2018-06-23,FIFA World Cup,South Korea,Mexico,0.816422512,1.8778128299999999,1.8778128299999999,0.816422512,1,2,False
2018-06-20,FIFA World Cup,Uruguay,Saudi Arabia,1.8068058070000002,0.2734858323,0.2734858323,1.8068058070000002,1,0,False
2018-06-18,FIFA World Cup,Belgium,Panama,1.212055155,0.62535498,0.62535498,1.212055155,3,0,False
2018-06-24,FIFA World Cup,Poland,Colombia,1.114197838,1.3869427573000002,1.3869427573000002,1.114197838,0,3,False
2018-06-21,FIFA World Cup,France,Peru,1.863386476,0.625221235,0.625221235,1.863386476,1,0,False
2018-06-19,FIFA World Cup,Poland,Senegal,1.042323384,1.428427444,1.428427444,1.042323384,1,1,False
2018-06-18,FIFA World Cup,Sweden,South Korea,2.015124456,0.414372021,0.414372021,2.015124456,1,0,False
2018-06-15,FIFA World Cup,Portugal,Spain,1.4345957889999998,1.6609466705,1.6609466705,1.4345957889999998,3,3,False
2018-06-27,FIFA World Cup,Serbia,Brazil,0.947791672,1.420267842,1.420267842,0.947791672,0,2,False
2018-06-23,FIFA World Cup,Germany,Sweden,1.318084832,0.8151666949999999,0.8151666949999999,1.318084832,2,1,False
2018-06-18,FIFA World Cup,Tunisia,England,0.945653212,2.626449744999999,2.626449744999999,0.945653212,1,2,False
2018-06-30,FIFA World Cup,France,Argentina,1.638027032,1.446559447,1.446559447,1.638027032,4,3,False
2018-07-06,FIFA World Cup,Brazil,Belgium,2.6091956661999998,0.40525613299999996,0.40525613299999996,2.6091956661999998,1,1,False
2018-07-01,FIFA World Cup,Croatia,Denmark,6.087735598,4.613994755,4.613994755,6.087735598,4,3,False
2018-06-22,FIFA World Cup,Nigeria,Iceland,1.3121593260000002,1.552161967,1.552161967,1.3121593260000002,2,0,False
2018-06-16,FIFA World Cup,Croatia,Nigeria,1.6944666339999996,0.7623215977000002,0.7623215977000002,1.6944666339999996,1,0,False
2018-06-17,FIFA World Cup,Germany,Mexico,2.2992588492,0.9932887670000001,0.9932887670000001,2.2992588492,0,1,False
2018-06-26,FIFA World Cup,Australia,Peru,1.655319275,0.3363750876,0.3363750876,1.655319275,0,2,False
2018-06-28,FIFA World Cup,Senegal,Colombia,0.35991006300000006,0.28486186999999996,0.28486186999999996,0.35991006300000006,0,1,False
2018-06-28,FIFA World Cup,Panama,Tunisia,0.6907955865000001,2.8524550040000003,2.8524550040000003,0.6907955865000001,0,2,False
2018-06-27,FIFA World Cup,Switzerland,Costa Rica,1.1964671296999998,1.576212685,1.576212685,1.1964671296999998,2,1,False
2018-06-16,FIFA World Cup,France,Australia,1.561557064,0.980031062,0.980031062,1.561557064,1,1,False
2018-06-25,FIFA World Cup,Uruguay,Russia,2.4825809298,0.180184531,0.180184531,2.4825809298,2,0,False
2018-07-02,FIFA World Cup,Brazil,Mexico,3.320421268,0.5827998199999999,0.5827998199999999,3.320421268,2,0,False
2018-06-21,FIFA World Cup,Denmark,Australia,1.014444774,1.412191891,1.412191891,1.014444774,1,1,False
2018-06-17,FIFA World Cup,Costa Rica,Serbia,0.5960217237,1.9925690040000001,1.9925690040000001,0.5960217237,0,1,False
2018-07-02,FIFA World Cup,Belgium,Japan,2.917831719499999,0.6937694522000001,0.6937694522000001,2.917831719499999,3,2,False
2018-06-21,FIFA World Cup,Argentina,Croatia,1.2180579430000003,1.8317100519999998,1.8317100519999998,1.2180579430000003,0,3,False
2018-07-06,FIFA World Cup,Uruguay,France,0.693195278,0.5387829577000001,0.5387829577000001,0.693195278,0,2,False
2018-07-15,FIFA World Cup,France,Croatia,1.0979636080000001,1.4802876897,1.4802876897,1.0979636080000001,3,2,False
2018-06-26,FIFA World Cup,Iceland,Croatia,2.1326869015,0.673928797,0.673928797,2.1326869015,1,2,False
2018-06-16,FIFA World Cup,Argentina,Iceland,2.0805182487,1.0321244945,1.0321244945,2.0805182487,1,1,False
2018-07-01,FIFA World Cup,Spain,Russia,5.358603154,4.540426809,4.540426809,5.358603154,3,5,False
2018-06-23,FIFA World Cup,Belgium,Tunisia,5.336422204999999,1.1881780826,1.1881780826,5.336422204999999,5,2,False
2018-06-16,FIFA World Cup,Peru,Denmark,1.9263781919999998,1.1215676380000001,1.1215676380000001,1.9263781919999998,0,1,False
2018-06-25,FIFA World Cup,Spain,Morocco,2.6044931,1.071760675,1.071760675,2.6044931,2,2,False
2018-06-17,FIFA World Cup,Brazil,Switzerland,1.8828507489999997,0.4721066513,0.4721066513,1.8828507489999997,1,1,False
2018-06-26,FIFA World Cup,Nigeria,Argentina,1.305345181,0.8505598590000001,0.8505598590000001,1.305345181,1,2,False
2018-06-30,FIFA World Cup,Uruguay,Portugal,0.47600794099999993,1.0208288981,1.0208288981,0.47600794099999993,2,1,False
2018-06-28,FIFA World Cup,Japan,Poland,0.8823760785000001,1.040714051,1.040714051,0.8823760785000001,0,1,False
2018-06-15,FIFA World Cup,Morocco,Iran,1.0591950264999999,0.6975558777,0.6975558777,1.0591950264999999,0,0,False
2018-06-20,FIFA World Cup,Iran,Spain,0.426459236,2.1969543835000005,2.1969543835000005,0.426459236,0,1,False
2018-06-14,FIFA World Cup,Russia,Saudi Arabia,1.2816009420000003,0.24880649999999999,0.24880649999999999,1.2816009420000003,5,0,False
2018-06-27,FIFA World Cup,Mexico,Sweden,1.6107035277000001,2.7904868150000004,2.7904868150000004,1.6107035277000001,0,2,False
2018-07-07,FIFA World Cup,Sweden,England,0.8341866389999999,0.75823599,0.75823599,0.8341866389999999,0,2,False
2018-06-27,FIFA World Cup,South Korea,Germany,1.774630282,2.708915636,2.708915636,1.774630282,2,0,False
2018-06-19,FIFA World Cup,Colombia,Japan,0.8062560289999999,2.32067396,2.32067396,0.8062560289999999,1,2,False
2018-07-10,FIFA World Cup,France,Belgium,1.681686764,0.5668682939999999,0.5668682939999999,1.681686764,1,0,False
2018-07-14,FIFA World Cup,Belgium,England,1.32065846,1.335356625,1.335356625,1.32065846,2,0,False
2018-06-19,FIFA World Cup,Russia,Egypt,0.9811507970000001,1.697518253,1.697518253,0.9811507970000001,2,1,False
2018-07-07,FIFA World Cup,Russia,Croatia,4.988439122,5.565318296,5.565318296,4.988439122,5,6,False
2018-06-26,FIFA World Cup,Denmark,France,0.13895808480000002,0.41814049500000006,0.41814049500000006,0.13895808480000002,0,0,False
2018-06-24,FIFA World Cup,Japan,Senegal,1.012543586,1.8782642929999998,1.8782642929999998,1.012543586,2,2,False
2018-06-25,FIFA World Cup,Saudi Arabia,Egypt,2.545815476,0.92372594,0.92372594,2.545815476,2,1,False
2018-07-03,FIFA World Cup,Colombia,England,4.7486502155,6.161789848,6.161789848,4.7486502155,4,5,False
2018-06-28,FIFA World Cup,England,Belgium,1.2006863693,0.9653343229999999,0.9653343229999999,1.2006863693,0,1,False
2018-07-03,FIFA World Cup,Sweden,Switzerland,0.910595485,0.5329880485,0.5329880485,0.910595485,1,0,False
2018-06-25,FIFA World Cup,Iran,Portugal,1.5769696039999999,1.5224178248,1.5224178248,1.5769696039999999,1,1,False
2018-06-20,FIFA World Cup,Portugal,Morocco,0.8849862430000001,1.4551028735,1.4551028735,0.8849862430000001,1,0,False
2018-07-11,FIFA World Cup,Croatia,England,2.1413194335,0.5466641000000001,0.5466641000000001,2.1413194335,2,1,False
2018-06-24,FIFA World Cup,England,Panama,3.168321031,1.0800387518,1.0800387518,3.168321031,6,1,False
2018-06-22,FIFA World Cup,Serbia,Switzerland,1.153485278,1.5573086895,1.5573086895,1.153485278,1,2,False
2018-06-22,FIFA World Cup,Brazil,Costa Rica,3.0963627985,0.158693415,0.158693415,3.0963627985,2,0,False
2018-06-15,FIFA World Cup,Egypt,Uruguay,0.364488455,1.9408185929999995,1.9408185929999995,0.364488455,0,1,False
2018-06-23,FIFA World Cup,South Korea,Mexico,0.816422512,1.8778128299999999,1.8778128299999999,0.816422512,1,2,False
2018-06-20,FIFA World Cup,Uruguay,Saudi Arabia,1.8068058070000002,0.2734858323,0.2734858323,1.8068058070000002,1,0,False
2018-06-18,FIFA World Cup,Belgium,Panama,1.212055155,0.62535498,0.62535498,1.212055155,3,0,False
2018-06-24,FIFA World Cup,Poland,Colombia,1.114197838,1.3869427573000002,1.3869427573000002,1.114197838,0,3,False
2018-06-21,FIFA World Cup,France,Peru,1.863386476,0.625221235,0.625221235,1.863386476,1,0,False
2018-06-19,FIFA World Cup,Poland,Senegal,1.042323384,1.428427444,1.428427444,1.042323384,1,1,False
2018-06-18,FIFA World Cup,Sweden,South Korea,2.015124456,0.414372021,0.414372021,2.015124456,1,0,False
2018-06-15,FIFA World Cup,Portugal,Spain,1.4345957889999998,1.6609466705,1.6609466705,1.4345957889999998,3,3,False
2018-06-27,FIFA World Cup,Serbia,Brazil,0.947791672,1.420267842,1.420267842,0.947791672,0,2,False
2018-06-23,FIFA World Cup,Germany,Sweden,1.318084832,0.8151666949999999,0.8151666949999999,1.318084832,2,1,False
2018-06-18,FIFA World Cup,Tunisia,England,0.945653212,2.626449744999999,2.626449744999999,0.945653212,1,2,False
2018-06-30,FIFA World Cup,France,Argentina,1.638027032,1.446559447,1.446559447,1.638027032,4,3,False
2018-07-06,FIFA World Cup,Brazil,Belgium,2.6091956661999998,0.40525613299999996,0.40525613299999996,2.6091956661999998,1,1,False
2018-07-01,FIFA World Cup,Croatia,Denmark,6.087735598,4.613994755,4.613994755,6.087735598,4,3,False
2018-06-22,FIFA World Cup,Nigeria,Iceland,1.3121593260000002,1.552161967,1.552161967,1.3121593260000002,2,0,False
2018-06-16,FIFA World Cup,Croatia,Nigeria,1.6944666339999996,0.7623215977000002,0.7623215977000002,1.6944666339999996,1,0,False
2018-06-17,FIFA World Cup,Germany,Mexico,2.2992588492,0.9932887670000001,0.9932887670000001,2.2992588492,0,1,False
2018-06-26,FIFA World Cup,Australia,Peru,1.655319275,0.3363750876,0.3363750876,1.655319275,0,2,False
2018-06-28,FIFA World Cup,Senegal,Colombia,0.35991006300000006,0.28486186999999996,0.28486186999999996,0.35991006300000006,0,1,False
2018-06-28,FIFA World Cup,Panama,Tunisia,0.6907955865000001,2.8524550040000003,2.8524550040000003,0.6907955865000001,0,2,False
2018-06-27,FIFA World Cup,Switzerland,Costa Rica,1.1964671296999998,1.576212685,1.576212685,1.1964671296999998,2,1,False
2018-06-16,FIFA World Cup,France,Australia,1.561557064,0.980031062,0.980031062,1.561557064,1,1,False
2018-06-25,FIFA World Cup,Uruguay,Russia,2.4825809298,0.180184531,0.180184531,2.4825809298,2,0,False
2018-07-02,FIFA World Cup,Brazil,Mexico,3.320421268,0.5827998199999999,0.5827998199999999,3.320421268,2,0,False
2018-06-21,FIFA World Cup,Denmark,Australia,1.014444774,1.412191891,1.412191891,1.014444774,1,1,False
2018-06-17,FIFA World Cup,Costa Rica,Serbia,0.5960217237,1.9925690040000001,1.9925690040000001,0.5960217237,0,1,False
2018-07-02,FIFA World Cup,Belgium,Japan,2.917831719499999,0.6937694522000001,0.6937694522000001,2.917831719499999,3,2,False
2018-06-21,FIFA World Cup,Argentina,Croatia,1.2180579430000003,1.8317100519999998,1.8317100519999998,1.2180579430000003,0,3,False
2018-07-06,FIFA World Cup,Uruguay,France,0.693195278,0.5387829577000001,0.5387829577000001,0.693195278,0,2,False
2018-07-15,FIFA World Cup,France,Croatia,1.0979636080000001,1.4802876897,1.4802876897,1.0979636080000001,3,2,False
2018-06-26,FIFA World Cup,Iceland,Croatia,2.1326869015,0.673928797,0.673928797,2.1326869015,1,2,False
2018-06-16,FIFA World Cup,Argentina,Iceland,2.0805182487,1.0321244945,1.0321244945,2.0805182487,1,1,False
2018-07-01,FIFA World Cup,Spain,Russia,5.358603154,4.540426809,4.540426809,5.358603154,3,5,False
2018-06-23,FIFA World Cup,Belgium,Tunisia,5.336422204999999,1.1881780826,1.1881780826,5.336422204999999,5,2,False
2018-06-16,FIFA World Cup,Peru,Denmark,1.9263781919999998,1.1215676380000001,1.1215676380000001,1.9263781919999998,0,1,False
2018-06-25,FIFA World Cup,Spain,Morocco,2.6044931,1.071760675,1.071760675,2.6044931,2,2,False
2018-06-17,FIFA World Cup,Brazil,Switzerland,1.8828507489999997,0.4721066513,0.4721066513,1.8828507489999997,1,1,False
2018-06-26,FIFA World Cup,Nigeria,Argentina,1.305345181,0.8505598590000001,0.8505598590000001,1.305345181,1,2,False
2018-06-30,FIFA World Cup,Uruguay,Portugal,0.47600794099999993,1.0208288981,1.0208288981,0.47600794099999993,2,1,False
2018-06-28,FIFA World Cup,Japan,Poland,0.8823760785000001,1.040714051,1.040714051,0.8823760785000001,0,1,False
2018-06-15,FIFA World Cup,Morocco,Iran,1.0591950264999999,0.6975558777,0.6975558777,1.0591950264999999,0,0,False
2018-06-20,FIFA World Cup,Iran,Spain,0.426459236,2.1969543835000005,2.1969543835000005,0.426459236,0,1,False
2018-06-14,FIFA World Cup,Russia,Saudi Arabia,1.2816009420000003,0.24880649999999999,0.24880649999999999,1.2816009420000003,5,0,False
2018-06-27,FIFA World Cup,Mexico,Sweden,1.6107035277000001,2.7904868150000004,2.7904868150000004,1.6107035277000001,0,2,False
2018-07-07,FIFA World Cup,Sweden,England,0.8341866389999999,0.75823599,0.75823599,0.8341866389999999,0,2,False
2018-06-27,FIFA World Cup,South Korea,Germany,1.774630282,2.708915636,2.708915636,1.774630282,2,0,False
2018-06-19,FIFA World Cup,Colombia,Japan,0.8062560289999999,2.32067396,2.32067396,0.8062560289999999,1,2,False
2018-07-10,FIFA World Cup,France,Belgium,1.681686764,0.5668682939999999,0.5668682939999999,1.681686764,1,0,False
2018-07-14,FIFA World Cup,Belgium,England,1.32065846,1.335356625,1.335356625,1.32065846,2,0,False
2018-06-19,FIFA World Cup,Russia,Egypt,0.9811507970000001,1.697518253,1.697518253,0.9811507970000001,2,1,False
2018-07-07,FIFA World Cup,Russia,Croatia,4.988439122,5.565318296,5.565318296,4.988439122,5,6,False
2018-06-26,FIFA World Cup,Denmark,France,0.13895808480000002,0.41814049500000006,0.41814049500000006,0.13895808480000002,0,0,False
2018-06-24,FIFA World Cup,Japan,Senegal,1.012543586,1.8782642929999998,1.8782642929999998,1.012543586,2,2,False
2018-06-25,FIFA World Cup,Saudi Arabia,Egypt,2.545815476,0.92372594,0.92372594,2.545815476,2,1,False
2018-07-03,FIFA World Cup,Colombia,England,4.7486502155,6.161789848,6.161789848,4.7486502155,4,5,False
2018-06-28,FIFA World Cup,England,Belgium,1.2006863693,0.9653343229999999,0.9653343229999999,1.2006863693,0,1,False
2018-07-03,FIFA World Cup,Sweden,Switzerland,0.910595485,0.5329880485,0.5329880485,0.910595485,1,0,False
2018-06-25,FIFA World Cup,Iran,Portugal,1.5769696039999999,1.5224178248,1.5224178248,1.5769696039999999,1,1,False
2018-06-20,FIFA World Cup,Portugal,Morocco,0.8849862430000001,1.4551028735,1.4551028735,0.8849862430000001,1,0,False
2018-07-11,FIFA World Cup,Croatia,England,2.1413194335,0.5466641000000001,0.5466641000000001,2.1413194335,2,1,False
2018-06-24,FIFA World Cup,England,Panama,3.168321031,1.0800387518,1.0800387518,3.168321031,6,1,False
2018-06-22,FIFA World Cup,Serbia,Switzerland,1.153485278,1.5573086895,1.5573086895,1.153485278,1,2,False
2018-06-22,FIFA World Cup,Brazil,Costa Rica,3.0963627985,0.158693415,0.158693415,3.0963627985,2,0,False
2018-06-15,FIFA World Cup,Egypt,Uruguay,0.364488455,1.9408185929999995,1.9408185929999995,0.364488455,0,1,False
2018-06-23,FIFA World Cup,South Korea,Mexico,0.816422512,1.8778128299999999,1.8778128299999999,0.816422512,1,2,False
2018-06-20,FIFA World Cup,Uruguay,Saudi Arabia,1.8068058070000002,0.2734858323,0.2734858323,1.8068058070000002,1,0,False
2018-06-18,FIFA World Cup,Belgium,Panama,1.212055155,0.62535498,0.62535498,1.212055155,3,0,False
2018-06-24,FIFA World Cup,Poland,Colombia,1.114197838,1.3869427573000002,1.3869427573000002,1.114197838,0,3,False
2018-06-21,FIFA World Cup,France,Peru,1.863386476,0.625221235,0.625221235,1.863386476,1,0,False
2018-06-19,FIFA World Cup,Poland,Senegal,1.042323384,1.428427444,1.428427444,1.042323384,1,1,False
2018-06-18,FIFA World Cup,Sweden,South Korea,2.015124456,0.414372021,0.414372021,2.015124456,1,0,False
2018-06-15,FIFA World Cup,Portugal,Spain,1.4345957889999998,1.6609466705,1.6609466705,1.4345957889999998,3,3,False
2018-06-27,FIFA World Cup,Serbia,Brazil,0.947791672,1.420267842,1.420267842,0.947791672,0,2,False
2018-06-23,FIFA World Cup,Germany,Sweden,1.318084832,0.8151666949999999,0.8151666949999999,1.318084832,2,1,False
2018-06-18,FIFA World Cup,Tunisia,England,0.945653212,2.626449744999999,2.626449744999999,0.945653212,1,2,False
2018-06-30,FIFA World Cup,France,Argentina,1.638027032,1.446559447,1.446559447,1.638027032,4,3,False
2018-07-06,FIFA World Cup,Brazil,Belgium,2.6091956661999998,0.40525613299999996,0.40525613299999996,2.6091956661999998,1,1,False
2018-07-01,FIFA World Cup,Croatia,Denmark,6.087735598,4.613994755,4.613994755,6.087735598,4,3,False
2018-06-22,FIFA World Cup,Nigeria,Iceland,1.3121593260000002,1.552161967,1.552161967,1.3121593260000002,2,0,False
2018-06-16,FIFA World Cup,Croatia,Nigeria,1.6944666339999996,0.7623215977000002,0.7623215977000002,1.6944666339999996,1,0,False
2018-06-17,FIFA World Cup,Germany,Mexico,2.2992588492,0.9932887670000001,0.9932887670000001,2.2992588492,0,1,False
2018-06-26,FIFA World Cup,Australia,Peru,1.655319275,0.3363750876,0.3363750876,1.655319275,0,2,False
2018-06-28,FIFA World Cup,Senegal,Colombia,0.35991006300000006,0.28486186999999996,0.28486186999999996,0.35991006300000006,0,1,False
2018-06-28,FIFA World Cup,Panama,Tunisia,0.6907955865000001,2.8524550040000003,2.8524550040000003,0.6907955865000001,0,2,False
2018-06-27,FIFA World Cup,Switzerland,Costa Rica,1.1964671296999998,1.576212685,1.576212685,1.1964671296999998,2,1,False
2018-06-16,FIFA World Cup,France,Australia,1.561557064,0.980031062,0.980031062,1.561557064,1,1,False
2018-06-25,FIFA World Cup,Uruguay,Russia,2.4825809298,0.180184531,0.180184531,2.4825809298,2,0,False
2018-07-02,FIFA World Cup,Brazil,Mexico,3.320421268,0.5827998199999999,0.5827998199999999,3.320421268,2,0,False
2018-06-21,FIFA World Cup,Denmark,Australia,1.014444774,1.412191891,1.412191891,1.014444774,1,1,False
2018-06-17,FIFA World Cup,Costa Rica,Serbia,0.5960217237,1.9925690040000001,1.9925690040000001,0.5960217237,0,1,False
2018-07-02,FIFA World Cup,Belgium,Japan,2.917831719499999,0.6937694522000001,0.6937694522000001,2.917831719499999,3,2,False
2018-06-21,FIFA World Cup,Argentina,Croatia,1.2180579430000003,1.8317100519999998,1.8317100519999998,1.2180579430000003,0,3,False
2018-07-06,FIFA World Cup,Uruguay,France,0.693195278,0.5387829577000001,0.5387829577000001,0.693195278,0,2,False
2018-07-15,FIFA World Cup,France,Croatia,1.0979636080000001,1.4802876897,1.4802876897,1.0979636080000001,3,2,False
2018-06-26,FIFA World Cup,Iceland,Croatia,2.1326869015,0.673928797,0.673928797,2.1326869015,1,2,False
2018-06-16,FIFA World Cup,Argentina,Iceland,2.0805182487,1.0321244945,1.0321244945,2.0805182487,1,1,False
2018-07-01,FIFA World Cup,Spain,Russia,5.358603154,4.540426809,4.540426809,5.358603154,3,5,False
2018-06-23,FIFA World Cup,Belgium,Tunisia,5.336422204999999,1.1881780826,1.1881780826,5.336422204999999,5,2,False
2018-06-16,FIFA World Cup,Peru,Denmark,1.9263781919999998,1.1215676380000001,1.1215676380000001,1.9263781919999998,0,1,False
2018-06-25,FIFA World Cup,Spain,Morocco,2.6044931,1.071760675,1.071760675,2.6044931,2,2,False
2018-06-17,FIFA World Cup,Brazil,Switzerland,1.8828507489999997,0.4721066513,0.4721066513,1.8828507489999997,1,1,False
2018-06-26,FIFA World Cup,Nigeria,Argentina,1.305345181,0.8505598590000001,0.8505598590000001,1.305345181,1,2,False
2018-06-30,FIFA World Cup,Uruguay,Portugal,0.47600794099999993,1.0208288981,1.0208288981,0.47600794099999993,2,1,False
2018-06-28,FIFA World Cup,Japan,Poland,0.8823760785000001,1.040714051,1.040714051,0.8823760785000001,0,1,False
2018-06-15,FIFA World Cup,Morocco,Iran,1.0591950264999999,0.6975558777,0.6975558777,1.0591950264999999,0,0,False
2018-06-20,FIFA World Cup,Iran,Spain,0.426459236,2.1969543835000005,2.1969543835000005,0.426459236,0,1,False
2018-06-14,FIFA World Cup,Russia,Saudi Arabia,1.2816009420000003,0.24880649999999999,0.24880649999999999,1.2816009420000003,5,0,False
2018-06-27,FIFA World Cup,Mexico,Sweden,1.6107035277000001,2.7904868150000004,2.7904868150000004,1.6107035277000001,0,2,False
2018-07-07,FIFA World Cup,Sweden,England,0.8341866389999999,0.75823599,0.75823599,0.8341866389999999,0,2,False
2018-06-27,FIFA World Cup,South Korea,Germany,1.774630282,2.708915636,2.708915636,1.774630282,2,0,False
2018-06-19,FIFA World Cup,Colombia,Japan,0.8062560289999999,2.32067396,2.32067396,0.8062560289999999,1,2,False
2018-07-10,FIFA World Cup,France,Belgium,1.681686764,0.5668682939999999,0.5668682939999999,1.681686764,1,0,False
2018-07-14,FIFA World Cup,Belgium,England,1.32065846,1.335356625,1.335356625,1.32065846,2,0,False
2018-06-19,FIFA World Cup,Russia,Egypt,0.9811507970000001,1.697518253,1.697518253,0.9811507970000001,2,1,False
2018-07-07,FIFA World Cup,Russia,Croatia,4.988439122,5.565318296,5.565318296,4.988439122,5,6,False
2018-06-26,FIFA World Cup,Denmark,France,0.13895808480000002,0.41814049500000006,0.41814049500000006,0.13895808480000002,0,0,False
2018-06-24,FIFA World Cup,Japan,Senegal,1.012543586,1.8782642929999998,1.8782642929999998,1.012543586,2,2,False
2018-06-25,FIFA World Cup,Saudi Arabia,Egypt,2.545815476,0.92372594,0.92372594,2.545815476,2,1,False
2021-12-29,Indian Super league,ATK Mohun Bagan,Goa,0.2457468427,0.9229192069999999,0.9229192069999999,0.2457468427,2,1,False
2021-12-23,Indian Super league,Hyderabad,East Bengal,0.7526951150000001,0.6350326140000001,0.6350326140000001,0.7526951150000001,1,1,False
2021-12-21,Indian Super league,NorthEast United,ATK Mohun Bagan,1.4177418212,3.417170213,3.417170213,1.4177418212,2,3,False
2021-12-30,Indian Super league,Chennaiyin,Bengaluru,0.6843915334000001,1.9848564319999997,1.9848564319999997,0.6843915334000001,2,4,False
2021-12-26,Indian Super league,Kerala Blasters,Jamshedpur,0.8749588075000001,1.193239818,1.193239818,0.8749588075000001,1,1,False
2021-12-22,Indian Super league,Chennaiyin,Kerala Blasters,0.6507972580000001,1.485466891,1.485466891,0.6507972580000001,0,3,False
2021-12-28,Indian Super league,Hyderabad,Odisha,1.9944206843,0.878551015,0.878551015,1.9944206843,5,0,False
2021-11-25,Indian Super league,NorthEast United,Kerala Blasters,0.34367648149999996,1.5857595080000002,1.5857595080000002,0.34367648149999996,0,0,False
2021-12-19,Indian Super league,Mumbai City,Kerala Blasters,1.405550582,1.45861545,1.45861545,1.405550582,0,3,False
2021-12-14,Indian Super league,Odisha,Jamshedpur,0.5713093424,1.509152394,1.509152394,0.5713093424,0,4,False
2021-12-27,Indian Super league,NorthEast United,Mumbai City,2.540213161,2.4993065220000004,2.4993065220000004,2.540213161,3,3,False
2021-12-16,Indian Super league,Bengaluru,ATK Mohun Bagan,2.317888414999999,1.9903078354999997,1.9903078354999997,2.317888414999999,3,3,False
2021-11-22,Indian Super league,Mumbai City,Goa,2.0075733199999997,0.34925980500000003,0.34925980500000003,2.0075733199999997,3,0,False
2021-12-20,Indian Super league,Jamshedpur,Bengaluru,0.77433226,0.6508860479999999,0.6508860479999999,0.77433226,0,0,False
2021-12-18,Indian Super league,Chennaiyin,Odisha,2.0382585863999996,0.34046923399999995,0.34046923399999995,2.0382585863999996,2,1,False
2021-12-11,Indian Super league,ATK Mohun Bagan,Chennaiyin,0.7749608619999999,0.7576281659999999,0.7576281659999999,0.7749608619999999,1,1,False
2021-12-04,Indian Super league,Bengaluru,Mumbai City,1.2932473820000001,1.070646524,1.070646524,1.2932473820000001,1,3,False
2021-12-11,Indian Super league,Goa,Bengaluru,0.790208339,1.1416075232999998,1.1416075232999998,0.790208339,1,1,False
2021-11-30,Indian Super league,Odisha,East Bengal,1.5248890254999998,1.4979186253,1.4979186253,1.5248890254999998,6,4,False
2021-12-04,Indian Super league,NorthEast United,Goa,1.3206240642999998,2.5579896090000003,2.5579896090000003,1.3206240642999998,2,1,False
2021-11-26,Indian Super league,Goa,Jamshedpur,0.7674580139999999,2.021710275,2.021710275,0.7674580139999999,1,3,False
2021-11-19,Indian Super league,ATK Mohun Bagan,Kerala Blasters,2.3310924634999997,0.8617786740000001,0.8617786740000001,2.3310924634999997,4,2,False
2021-12-01,Indian Super league,ATK Mohun Bagan,Mumbai City,0.5317676284999999,3.1152505354000004,3.1152505354000004,0.5317676284999999,1,5,False
2021-12-12,Indian Super league,East Bengal,Kerala Blasters,0.6937297656,0.41647796029999995,0.41647796029999995,0.6937297656,1,1,False
2021-11-23,Indian Super league,Hyderabad,Chennaiyin,0.8255059210000001,0.9333219889999999,0.9333219889999999,0.8255059210000001,0,1,False
2021-12-24,Indian Super league,Odisha,Goa,1.242760985,1.270510199,1.270510199,1.242760985,1,1,False
2021-12-10,Indian Super league,Odisha,NorthEast United,0.7258270073999998,1.3655431643999998,1.3655431643999998,0.7258270073999998,1,0,False
2021-12-05,Indian Super league,Kerala Blasters,Odisha,2.3054045949999997,2.4369295784,2.4369295784,2.3054045949999997,2,1,False
2021-12-08,Indian Super league,Hyderabad,Bengaluru,0.3052914556,0.560359048,0.560359048,0.3052914556,1,0,False
2021-11-21,Indian Super league,East Bengal,Jamshedpur,0.5835507465,1.316303888,1.316303888,0.5835507465,1,1,False
2021-11-20,Indian Super league,Bengaluru,NorthEast United,0.940674824,1.4512742690000002,1.4512742690000002,0.940674824,3,2,False
2021-11-29,Indian Super league,NorthEast United,Chennaiyin,0.5919700443,1.2155934311,1.2155934311,0.5919700443,0,2,False
2021-11-28,Indian Super league,Bengaluru,Kerala Blasters,1.038154996,0.29153113799999997,0.29153113799999997,1.038154996,1,0,False
2021-11-27,Indian Super league,East Bengal,ATK Mohun Bagan,0.733051143,0.9669864739999999,0.9669864739999999,0.733051143,0,3,False
2021-12-13,Indian Super league,Hyderabad,NorthEast United,2.0685811007,1.4159217900000003,1.4159217900000003,2.0685811007,5,1,False
2021-11-24,Indian Super league,Odisha,Bengaluru,0.6367929076,2.267950918,2.267950918,0.6367929076,3,1,False
2021-12-02,Indian Super league,Jamshedpur,Hyderabad,0.989153114,0.488024891,0.488024891,0.989153114,1,1,False
2021-12-15,Indian Super league,Mumbai City,Chennaiyin,0.6793500757,0.7084324902,0.7084324902,0.6793500757,1,0,False
2021-12-09,Indian Super league,Mumbai City,Jamshedpur,1.670543812,1.6718944750000002,1.6718944750000002,1.670543812,4,2,False
2021-12-03,Indian Super league,Chennaiyin,East Bengal,2.746079656,1.0489770829999998,1.0489770829999998,2.746079656,0,0,False
2021-11-27,Indian Super league,Mumbai City,Hyderabad,1.2964845980000002,1.2899563416,1.2899563416,1.2964845980000002,1,3,False
2021-12-17,Indian Super league,NorthEast United,East Bengal,1.630359222,0.6396444590000001,0.6396444590000001,1.630359222,2,0,False
2021-12-18,Indian Super league,Goa,Hyderabad,1.4338759110000001,1.4238906390000001,1.4238906390000001,1.4338759110000001,1,1,False
2021-12-06,Indian Super league,Jamshedpur,ATK Mohun Bagan,0.773467009,1.3470252523,1.3470252523,0.773467009,2,1,False
2021-12-07,Indian Super league,East Bengal,Goa,0.6501293434,2.9913108080000006,2.9913108080000006,0.6501293434,3,3,False
2018-09-15,La Liga,Real Sociedad,Barcelona,0.914412035,1.398165227,1.398165227,0.914412035,1,2,False
2018-09-26,La Liga,Leganés,Barcelona,1.070911462,0.552077237,0.552077237,1.070911462,2,1,False
2018-10-20,La Liga,Barcelona,Sevilla,2.3974202783,1.6889730939999998,1.6889730939999998,2.3974202783,4,1,False
2018-11-24,La Liga,Atlético Madrid,Barcelona,0.141969905,0.296478192,0.296478192,0.141969905,1,1,False
2018-12-08,La Liga,Espanyol,Barcelona,1.224688889,2.3132187269999998,2.3132187269999998,1.224688889,0,4,False
2019-02-23,La Liga,Sevilla,Barcelona,1.122434296,1.6004439970000002,1.6004439970000002,1.122434296,2,4,False
2018-12-22,La Liga,Barcelona,Celta Vigo,1.134397363,0.8996077410000002,0.8996077410000002,1.134397363,2,0,False
2019-01-06,La Liga,Getafe,Barcelona,1.5908359879999998,1.7478493249999998,1.7478493249999998,1.5908359879999998,1,2,False
2019-02-16,La Liga,Barcelona,Real Valladolid,3.6615278740000003,0.44353789800000004,0.44353789800000004,3.6615278740000003,1,0,False
2019-03-17,La Liga,Real Betis,Barcelona,1.007864181,2.0506601239999998,2.0506601239999998,1.007864181,1,4,False
2019-02-10,La Liga,Athletic Club,Barcelona,1.35796548,0.49470533400000005,0.49470533400000005,1.35796548,0,0,False
2019-04-20,La Liga,Barcelona,Real Sociedad,1.245622556,0.8769487859999999,0.8769487859999999,1.245622556,2,1,False
2018-08-18,La Liga,Barcelona,Deportivo Alavés,2.6599242,0.292109614,0.292109614,2.6599242,3,0,False
2019-02-02,La Liga,Barcelona,Valencia,1.6903835110000003,2.4418723389999997,2.4418723389999997,1.6903835110000003,2,2,False
2019-01-20,La Liga,Barcelona,Leganés,1.74555982,0.6695991617,0.6695991617,1.74555982,3,1,False
2019-04-06,La Liga,Barcelona,Atlético Madrid,1.9246822670000001,0.5219108577,0.5219108577,1.9246822670000001,2,0,False
2018-11-11,La Liga,Barcelona,Real Betis,4.172701368999999,2.0215838760000002,2.0215838760000002,4.172701368999999,3,4,False
2019-04-27,La Liga,Barcelona,Levante UD,1.7492327290000003,0.7343230099999999,0.7343230099999999,1.7492327290000003,1,0,False
2018-12-02,La Liga,Barcelona,Villarreal,1.083847735,0.8975263569999998,0.8975263569999998,1.083847735,2,0,False
2019-01-27,La Liga,Girona,Barcelona,1.212639442,1.906738469,1.906738469,1.212639442,0,2,False
2019-04-23,La Liga,Deportivo Alavés,Barcelona,0.41362018800000006,2.265581007,2.265581007,0.41362018800000006,0,2,False
2018-09-02,La Liga,Barcelona,Huesca,4.513569743,1.264742864,1.264742864,4.513569743,7,2,False
2019-05-19,La Liga,Eibar,Barcelona,1.4778042919999999,0.7572143847999999,0.7572143847999999,1.4778042919999999,2,2,False
2019-01-13,La Liga,Barcelona,Eibar,1.16775373,0.9653471840000001,0.9653471840000001,1.16775373,3,0,False
2019-03-09,La Liga,Barcelona,Rayo Vallecano,2.619028352,0.36264784850000004,0.36264784850000004,2.619028352,3,1,False
2018-12-16,La Liga,Levante UD,Barcelona,1.1649570939999998,2.9769174072,2.9769174072,1.1649570939999998,0,5,False
2019-05-12,La Liga,Barcelona,Getafe,2.040483553,0.9995465319999999,0.9995465319999999,2.040483553,1,0,False
2018-09-29,La Liga,Barcelona,Athletic Club,2.7532440959999995,0.48522814999999997,0.48522814999999997,2.7532440959999995,1,1,False
2018-09-23,La Liga,Barcelona,Girona,1.502485224,1.069202315,1.069202315,1.502485224,2,2,False
2019-04-02,La Liga,Villarreal,Barcelona,2.572822366,2.295202509,2.295202509,2.572822366,4,4,False
2018-10-07,La Liga,Valencia,Barcelona,1.376319467,0.3969471124999999,0.3969471124999999,1.376319467,1,1,False
2019-03-02,La Liga,Real Madrid,Barcelona,1.0888610150000002,1.2611960085000002,1.2611960085000002,1.0888610150000002,0,1,False
2018-08-25,La Liga,Real Valladolid,Barcelona,0.33820088000000004,0.758222371,0.758222371,0.33820088000000004,0,1,False
2019-03-30,La Liga,Barcelona,Espanyol,1.059880911,0.179885682,0.179885682,1.059880911,2,0,False
2020-02-22,La Liga,Barcelona,Eibar,3.9769319509999996,0.6710336225000001,0.6710336225000001,3.9769319509999996,5,0,False
2020-06-16,La Liga,Barcelona,Leganés,1.594327035,0.756958526,0.756958526,1.594327035,2,0,False
2020-06-27,La Liga,Celta Vigo,Barcelona,2.589303723,1.817078918,1.817078918,2.589303723,2,2,False
2019-12-18,La Liga,Barcelona,Real Madrid,0.7199253219999999,0.9542925625,0.9542925625,0.7199253219999999,0,0,False
2019-09-24,La Liga,Barcelona,Villarreal,0.6120868939999999,0.543885724,0.543885724,0.6120868939999999,2,1,False
2020-07-05,La Liga,Villarreal,Barcelona,0.912594162,2.567198417,2.567198417,0.912594162,1,3,False
2019-11-02,La Liga,Levante UD,Barcelona,0.8460165719999999,2.1390446429999996,2.1390446429999996,0.8460165719999999,3,1,False
2019-12-07,La Liga,Barcelona,Mallorca,3.2707426254999987,1.050319794,1.050319794,3.2707426254999987,5,2,False
2019-12-14,La Liga,Real Sociedad,Barcelona,2.787577904000001,1.91304468,1.91304468,2.787577904000001,2,2,False
2020-02-02,La Liga,Barcelona,Levante UD,2.9258208420000007,1.420192558,1.420192558,2.9258208420000007,2,1,False
2020-01-25,La Liga,Valencia,Barcelona,1.2827696740000003,1.165431627,1.165431627,1.2827696740000003,2,0,False
2020-07-16,La Liga,Barcelona,Osasuna,1.0125385055999998,0.4741186025,0.4741186025,1.0125385055999998,1,2,False
2020-07-19,La Liga,Deportivo Alavés,Barcelona,0.406357612,2.913145846,2.913145846,0.406357612,0,5,False
2020-06-23,La Liga,Barcelona,Athletic Club,1.6754328889999999,0.688305282,0.688305282,1.6754328889999999,1,0,False
2020-07-11,La Liga,Real Valladolid,Barcelona,0.7673825240000001,1.2266906060000002,1.2266906060000002,0.7673825240000001,0,1,False
2020-03-07,La Liga,Barcelona,Real Sociedad,1.9346501789999997,0.658936379,0.658936379,1.9346501789999997,1,0,False
2020-07-08,La Liga,Barcelona,Espanyol,1.155459763,0.7635460445,0.7635460445,1.155459763,1,0,False
2020-06-30,La Liga,Barcelona,Atlético Madrid,1.477656265,1.9883945812999997,1.9883945812999997,1.477656265,1,2,False
2019-11-09,La Liga,Barcelona,Celta Vigo,1.558700034,0.26777825549999995,0.26777825549999995,1.558700034,4,1,False
2019-10-29,La Liga,Barcelona,Real Valladolid,2.382540813,0.526865874,0.526865874,2.382540813,5,1,False
2020-06-13,La Liga,Mallorca,Barcelona,0.771835227,2.068523223,2.068523223,0.771835227,0,4,False
2020-01-04,La Liga,Espanyol,Barcelona,0.420332712,1.4762220425,1.4762220425,0.420332712,2,2,False
2020-06-19,La Liga,Sevilla,Barcelona,0.5237576829999999,0.5060273670000001,0.5060273670000001,0.5237576829999999,0,0,False
2020-03-01,La Liga,Real Madrid,Barcelona,0.86527403,1.069344716,1.069344716,0.86527403,2,0,False
2019-10-19,La Liga,Eibar,Barcelona,0.327932219,1.4085941777000002,1.4085941777000002,0.327932219,0,3,False
2020-02-09,La Liga,Real Betis,Barcelona,1.0949722132,1.4341765000000002,1.4341765000000002,1.0949722132,2,3,False
2019-09-21,La Liga,Granada,Barcelona,1.8489029273,0.5349524370000001,0.5349524370000001,1.8489029273,2,0,False
2019-11-23,La Liga,Leganés,Barcelona,0.35129232200000005,1.598676625,1.598676625,0.35129232200000005,1,2,False
2020-02-15,La Liga,Barcelona,Getafe,1.6572169520000002,0.748722662,0.748722662,1.6572169520000002,2,1,False
2019-12-01,La Liga,Atlético Madrid,Barcelona,1.2149636990000003,0.931063791,0.931063791,1.2149636990000003,0,1,False
2019-12-21,La Liga,Barcelona,Deportivo Alavés,1.5926148169999998,0.545430767,0.545430767,1.5926148169999998,4,1,False
2020-01-19,La Liga,Barcelona,Granada,1.5407311209999999,0.218909804,0.218909804,1.5407311209999999,1,0,False
2019-10-06,La Liga,Barcelona,Sevilla,1.4673041635,1.7253259230000002,1.7253259230000002,1.4673041635,4,0,False
2018-04-14,La Liga,Barcelona,Valencia,1.631784803,2.2189510705999997,2.2189510705999997,1.631784803,2,1,False
2018-04-29,La Liga,RC Deportivo La Coruña,Barcelona,2.2408726459999997,3.196088814,3.196088814,2.2408726459999997,2,4,False
2018-05-06,La Liga,Barcelona,Real Madrid,1.013568059,1.7654616890000001,1.7654616890000001,1.013568059,2,2,False
2018-03-18,La Liga,Barcelona,Athletic Club,1.5272114850000003,0.634935711,0.634935711,1.5272114850000003,2,0,False
2018-03-01,La Liga,Las Palmas,Barcelona,1.2387656795000002,1.0450223339999998,1.0450223339999998,1.2387656795000002,1,1,False
2018-02-17,La Liga,Eibar,Barcelona,0.6787358600000001,2.810077197,2.810077197,0.6787358600000001,0,2,False
2018-05-09,La Liga,Barcelona,Villarreal,2.9111367,1.2547959039999999,1.2547959039999999,2.9111367,5,1,False
2018-01-07,La Liga,Barcelona,Levante UD,2.366960571,0.6839044460000001,0.6839044460000001,2.366960571,3,0,False
2018-01-21,La Liga,Real Betis,Barcelona,0.348158176,2.218575591,2.218575591,0.348158176,0,5,False
2018-04-07,La Liga,Barcelona,Leganés,2.236896885,0.65573611,0.65573611,2.236896885,3,1,False
2018-02-04,La Liga,Espanyol,Barcelona,0.5659254220000001,0.827279913,0.827279913,0.5659254220000001,1,1,False
2018-03-31,La Liga,Sevilla,Barcelona,2.6078045823,2.052047065,2.052047065,2.6078045823,2,2,False
2018-02-11,La Liga,Barcelona,Getafe,0.953258331,0.39453325749999996,0.39453325749999996,0.953258331,0,0,False
2018-03-04,La Liga,Barcelona,Atlético Madrid,1.0886138696999998,0.1949915093,0.1949915093,1.0886138696999998,1,0,False
2018-02-24,La Liga,Barcelona,Girona,2.643734277,0.765066592,0.765066592,2.643734277,6,1,False
2018-01-28,La Liga,Barcelona,Deportivo Alavés,2.2385854243,0.7808859424,0.7808859424,2.2385854243,2,1,False
2018-05-20,La Liga,Barcelona,Real Sociedad,1.26810036,0.685541521,0.685541521,1.26810036,1,0,False
2018-01-14,La Liga,Real Sociedad,Barcelona,0.8557110539999999,1.156127867,1.156127867,0.8557110539999999,2,4,False
2018-04-17,La Liga,Celta Vigo,Barcelona,2.4107103049999994,2.129271155,2.129271155,2.4107103049999994,2,2,False
2020-10-31,La Liga,Deportivo Alavés,Barcelona,1.128524181,2.0911299490000004,2.0911299490000004,1.128524181,1,1,False
2021-01-09,La Liga,Granada,Barcelona,0.450979546,1.4928263960000003,1.4928263960000003,0.450979546,0,4,False
2021-05-16,La Liga,Barcelona,Celta Vigo,2.159081824,0.729653214,0.729653214,2.159081824,1,2,False
2021-02-07,La Liga,Real Betis,Barcelona,1.3950677189999998,0.9875746009999999,0.9875746009999999,1.3950677189999998,2,2,False
2021-03-06,La Liga,Osasuna,Barcelona,1.2082273140000002,1.056926099,1.056926099,1.2082273140000002,0,2,False
2021-04-10,La Liga,Real Madrid,Barcelona,1.321765321,1.494463878,1.494463878,1.321765321,2,1,False
2020-12-13,La Liga,Barcelona,Levante UD,2.0589936109999996,0.736227611,0.736227611,2.0589936109999996,1,0,False
2020-09-27,La Liga,Barcelona,Villarreal,2.6873112679999998,0.1825146875,0.1825146875,2.6873112679999998,3,0,False
2020-10-01,La Liga,Celta Vigo,Barcelona,0.46619188860000005,0.739652598,0.739652598,0.46619188860000005,0,2,False
2020-10-24,La Liga,Barcelona,Real Madrid,1.2488722015,2.9000679519999997,2.9000679519999997,1.2488722015,1,3,False
2021-01-03,La Liga,Huesca,Barcelona,0.387724143,2.5087607010000004,2.5087607010000004,0.387724143,0,1,False
2020-10-04,La Liga,Barcelona,Sevilla,1.6534482454000001,0.688010283,0.688010283,1.6534482454000001,1,1,False
2020-10-17,La Liga,Getafe,Barcelona,1.652100625,0.7843558220000001,0.7843558220000001,1.652100625,1,0,False
2020-11-21,La Liga,Atlético Madrid,Barcelona,0.5629302270000001,0.954291622,0.954291622,0.5629302270000001,1,0,False
2020-12-19,La Liga,Barcelona,Valencia,2.893558679,1.637535147,1.637535147,2.893558679,2,2,False
2021-04-29,La Liga,Barcelona,Granada,1.233171613,0.535677516,0.535677516,1.233171613,1,2,False
2021-05-08,La Liga,Barcelona,Atlético Madrid,0.864885166,0.55558012,0.55558012,0.864885166,0,0,False
2021-05-11,La Liga,Levante UD,Barcelona,1.017280621,2.813838268,2.813838268,1.017280621,3,3,False
2021-05-02,La Liga,Valencia,Barcelona,1.3016094040000001,3.0856501890000003,3.0856501890000003,1.3016094040000001,2,3,False
2021-03-15,La Liga,Barcelona,Huesca,0.95751025,2.101564256,2.101564256,0.95751025,4,1,False
2021-04-22,La Liga,Barcelona,Getafe,1.6198782499999997,1.502712756,1.502712756,1.6198782499999997,4,1,False
2021-03-21,La Liga,Real Sociedad,Barcelona,0.6805954160000001,2.7190648429999995,2.7190648429999995,0.6805954160000001,1,6,False
2020-12-16,La Liga,Barcelona,Real Sociedad,2.6482608960000005,1.9268283419999999,1.9268283419999999,2.6482608960000005,2,1,False
2020-12-22,La Liga,Real Valladolid,Barcelona,0.6726382205,3.557734448999999,3.557734448999999,0.6726382205,0,3,False
2020-12-05,La Liga,Cádiz,Barcelona,2.2947186695999995,1.528829837,1.528829837,2.2947186695999995,2,0,False
2021-01-06,La Liga,Athletic Club,Barcelona,0.841487605,1.4724851283,1.4724851283,0.841487605,2,3,False
2021-02-13,La Liga,Barcelona,Deportivo Alavés,2.692579604,0.609192384,0.609192384,2.692579604,5,1,False
2021-04-05,La Liga,Barcelona,Real Valladolid,1.8230445149999999,0.354709277,0.354709277,1.8230445149999999,1,0,False
2021-02-27,La Liga,Sevilla,Barcelona,0.089311511,1.92933905,1.92933905,0.089311511,0,2,False
2021-01-31,La Liga,Barcelona,Athletic Club,1.7285390559999998,0.22678602899999997,0.22678602899999997,1.7285390559999998,2,0,False
2020-11-29,La Liga,Barcelona,Osasuna,4.178242825,1.1067934193,1.1067934193,4.178242825,4,0,False
2021-02-21,La Liga,Barcelona,Cádiz,2.1455778609999996,1.0836837049999999,1.0836837049999999,2.1455778609999996,1,1,False
2021-02-24,La Liga,Barcelona,Elche,2.70108426,0.670472064,0.670472064,2.70108426,3,0,False
2021-04-25,La Liga,Villarreal,Barcelona,1.3720789489999998,3.3227739440000006,3.3227739440000006,1.3720789489999998,1,2,False
2020-11-07,La Liga,Barcelona,Real Betis,4.186569146,1.005236781,1.005236781,4.186569146,5,2,False
2018-09-15,La Liga,Real Sociedad,Barcelona,0.914412035,1.398165227,1.398165227,0.914412035,1,2,False
2018-09-26,La Liga,Leganés,Barcelona,1.070911462,0.552077237,0.552077237,1.070911462,2,1,False
2018-10-20,La Liga,Barcelona,Sevilla,2.3974202783,1.6889730939999998,1.6889730939999998,2.3974202783,4,1,False
2018-11-24,La Liga,Atlético Madrid,Barcelona,0.141969905,0.296478192,0.296478192,0.141969905,1,1,False
2018-12-08,La Liga,Espanyol,Barcelona,1.224688889,2.3132187269999998,2.3132187269999998,1.224688889,0,4,False
2019-02-23,La Liga,Sevilla,Barcelona,1.122434296,1.6004439970000002,1.6004439970000002,1.122434296,2,4,False
2018-12-22,La Liga,Barcelona,Celta Vigo,1.134397363,0.8996077410000002,0.8996077410000002,1.134397363,2,0,False
2019-01-06,La Liga,Getafe,Barcelona,1.5908359879999998,1.7478493249999998,1.7478493249999998,1.5908359879999998,1,2,False
2019-02-16,La Liga,Barcelona,Real Valladolid,3.6615278740000003,0.44353789800000004,0.44353789800000004,3.6615278740000003,1,0,False
2019-03-17,La Liga,Real Betis,Barcelona,1.007864181,2.0506601239999998,2.0506601239999998,1.007864181,1,4,False
2019-02-10,La Liga,Athletic Club,Barcelona,1.35796548,0.49470533400000005,0.49470533400000005,1.35796548,0,0,False
2019-04-20,La Liga,Barcelona,Real Sociedad,1.245622556,0.8769487859999999,0.8769487859999999,1.245622556,2,1,False
2018-08-18,La Liga,Barcelona,Deportivo Alavés,2.6599242,0.292109614,0.292109614,2.6599242,3,0,False
2019-02-02,La Liga,Barcelona,Valencia,1.6903835110000003,2.4418723389999997,2.4418723389999997,1.6903835110000003,2,2,False
2019-01-20,La Liga,Barcelona,Leganés,1.74555982,0.6695991617,0.6695991617,1.74555982,3,1,False
2019-04-06,La Liga,Barcelona,Atlético Madrid,1.9246822670000001,0.5219108577,0.5219108577,1.9246822670000001,2,0,False
2018-11-11,La Liga,Barcelona,Real Betis,4.172701368999999,2.0215838760000002,2.0215838760000002,4.172701368999999,3,4,False
2019-04-27,La Liga,Barcelona,Levante UD,1.7492327290000003,0.7343230099999999,0.7343230099999999,1.7492327290000003,1,0,False
2018-12-02,La Liga,Barcelona,Villarreal,1.083847735,0.8975263569999998,0.8975263569999998,1.083847735,2,0,False
2019-01-27,La Liga,Girona,Barcelona,1.212639442,1.906738469,1.906738469,1.212639442,0,2,False
2019-04-23,La Liga,Deportivo Alavés,Barcelona,0.41362018800000006,2.265581007,2.265581007,0.41362018800000006,0,2,False
2018-09-02,La Liga,Barcelona,Huesca,4.513569743,1.264742864,1.264742864,4.513569743,7,2,False
2019-05-19,La Liga,Eibar,Barcelona,1.4778042919999999,0.7572143847999999,0.7572143847999999,1.4778042919999999,2,2,False
2019-01-13,La Liga,Barcelona,Eibar,1.16775373,0.9653471840000001,0.9653471840000001,1.16775373,3,0,False
2019-03-09,La Liga,Barcelona,Rayo Vallecano,2.619028352,0.36264784850000004,0.36264784850000004,2.619028352,3,1,False
2018-12-16,La Liga,Levante UD,Barcelona,1.1649570939999998,2.9769174072,2.9769174072,1.1649570939999998,0,5,False
2019-05-12,La Liga,Barcelona,Getafe,2.040483553,0.9995465319999999,0.9995465319999999,2.040483553,1,0,False
2018-09-29,La Liga,Barcelona,Athletic Club,2.7532440959999995,0.48522814999999997,0.48522814999999997,2.7532440959999995,1,1,False
2018-09-23,La Liga,Barcelona,Girona,1.502485224,1.069202315,1.069202315,1.502485224,2,2,False
2019-04-02,La Liga,Villarreal,Barcelona,2.572822366,2.295202509,2.295202509,2.572822366,4,4,False
2018-10-07,La Liga,Valencia,Barcelona,1.376319467,0.3969471124999999,0.3969471124999999,1.376319467,1,1,False
2019-03-02,La Liga,Real Madrid,Barcelona,1.0888610150000002,1.2611960085000002,1.2611960085000002,1.0888610150000002,0,1,False
2018-08-25,La Liga,Real Valladolid,Barcelona,0.33820088000000004,0.758222371,0.758222371,0.33820088000000004,0,1,False
2019-03-30,La Liga,Barcelona,Espanyol,1.059880911,0.179885682,0.179885682,1.059880911,2,0,False
2020-02-22,La Liga,Barcelona,Eibar,3.9769319509999996,0.6710336225000001,0.6710336225000001,3.9769319509999996,5,0,False
2020-06-16,La Liga,Barcelona,Leganés,1.594327035,0.756958526,0.756958526,1.594327035,2,0,False
2020-06-27,La Liga,Celta Vigo,Barcelona,2.589303723,1.817078918,1.817078918,2.589303723,2,2,False
2019-12-18,La Liga,Barcelona,Real Madrid,0.7199253219999999,0.9542925625,0.9542925625,0.7199253219999999,0,0,False
2019-09-24,La Liga,Barcelona,Villarreal,0.6120868939999999,0.543885724,0.543885724,0.6120868939999999,2,1,False
2020-07-05,La Liga,Villarreal,Barcelona,0.912594162,2.567198417,2.567198417,0.912594162,1,3,False
2019-11-02,La Liga,Levante UD,Barcelona,0.8460165719999999,2.1390446429999996,2.1390446429999996,0.8460165719999999,3,1,False
2019-12-07,La Liga,Barcelona,Mallorca,3.2707426254999987,1.050319794,1.050319794,3.2707426254999987,5,2,False
2019-12-14,La Liga,Real Sociedad,Barcelona,2.787577904000001,1.91304468,1.91304468,2.787577904000001,2,2,False
2020-02-02,La Liga,Barcelona,Levante UD,2.9258208420000007,1.420192558,1.420192558,2.9258208420000007,2,1,False
2020-01-25,La Liga,Valencia,Barcelona,1.2827696740000003,1.165431627,1.165431627,1.2827696740000003,2,0,False
2020-07-16,La Liga,Barcelona,Osasuna,1.0125385055999998,0.4741186025,0.4741186025,1.0125385055999998,1,2,False
2020-07-19,La Liga,Deportivo Alavés,Barcelona,0.406357612,2.913145846,2.913145846,0.406357612,0,5,False
2020-06-23,La Liga,Barcelona,Athletic Club,1.6754328889999999,0.688305282,0.688305282,1.6754328889999999,1,0,False
2020-07-11,La Liga,Real Valladolid,Barcelona,0.7673825240000001,1.2266906060000002,1.2266906060000002,0.7673825240000001,0,1,False
2020-03-07,La Liga,Barcelona,Real Sociedad,1.9346501789999997,0.658936379,0.658936379,1.9346501789999997,1,0,False
2020-07-08,La Liga,Barcelona,Espanyol,1.155459763,0.7635460445,0.7635460445,1.155459763,1,0,False
2020-06-30,La Liga,Barcelona,Atlético Madrid,1.477656265,1.9883945812999997,1.9883945812999997,1.477656265,1,2,False
2019-11-09,La Liga,Barcelona,Celta Vigo,1.558700034,0.26777825549999995,0.26777825549999995,1.558700034,4,1,False
2019-10-29,La Liga,Barcelona,Real Valladolid,2.382540813,0.526865874,0.526865874,2.382540813,5,1,False
2020-06-13,La Liga,Mallorca,Barcelona,0.771835227,2.068523223,2.068523223,0.771835227,0,4,False
2020-01-04,La Liga,Espanyol,Barcelona,0.420332712,1.4762220425,1.4762220425,0.420332712,2,2,False
2020-06-19,La Liga,Sevilla,Barcelona,0.5237576829999999,0.5060273670000001,0.5060273670000001,0.5237576829999999,0,0,False
2020-03-01,La Liga,Real Madrid,Barcelona,0.86527403,1.069344716,1.069344716,0.86527403,2,0,False
2019-10-19,La Liga,Eibar,Barcelona,0.327932219,1.4085941777000002,1.4085941777000002,0.327932219,0,3,False
2020-02-09,La Liga,Real Betis,Barcelona,1.0949722132,1.4341765000000002,1.4341765000000002,1.0949722132,2,3,False
2019-09-21,La Liga,Granada,Barcelona,1.8489029273,0.5349524370000001,0.5349524370000001,1.8489029273,2,0,False
2019-11-23,La Liga,Leganés,Barcelona,0.35129232200000005,1.598676625,1.598676625,0.35129232200000005,1,2,False
2020-02-15,La Liga,Barcelona,Getafe,1.6572169520000002,0.748722662,0.748722662,1.6572169520000002,2,1,False
2019-12-01,La Liga,Atlético Madrid,Barcelona,1.2149636990000003,0.931063791,0.931063791,1.2149636990000003,0,1,False
2019-12-21,La Liga,Barcelona,Deportivo Alavés,1.5926148169999998,0.545430767,0.545430767,1.5926148169999998,4,1,False
2020-01-19,La Liga,Barcelona,Granada,1.5407311209999999,0.218909804,0.218909804,1.5407311209999999,1,0,False
2019-10-06,La Liga,Barcelona,Sevilla,1.4673041635,1.7253259230000002,1.7253259230000002,1.4673041635,4,0,False
2018-04-14,La Liga,Barcelona,Valencia,1.631784803,2.2189510705999997,2.2189510705999997,1.631784803,2,1,False
2018-04-29,La Liga,RC Deportivo La Coruña,Barcelona,2.2408726459999997,3.196088814,3.196088814,2.2408726459999997,2,4,False
2018-05-06,La Liga,Barcelona,Real Madrid,1.013568059,1.7654616890000001,1.7654616890000001,1.013568059,2,2,False
2018-03-18,La Liga,Barcelona,Athletic Club,1.5272114850000003,0.634935711,0.634935711,1.5272114850000003,2,0,False
2018-03-01,La Liga,Las Palmas,Barcelona,1.2387656795000002,1.0450223339999998,1.0450223339999998,1.2387656795000002,1,1,False
2018-02-17,La Liga,Eibar,Barcelona,0.6787358600000001,2.810077197,2.810077197,0.6787358600000001,0,2,False
2018-05-09,La Liga,Barcelona,Villarreal,2.9111367,1.2547959039999999,1.2547959039999999,2.9111367,5,1,False
2018-01-07,La Liga,Barcelona,Levante UD,2.366960571,0.6839044460000001,0.6839044460000001,2.366960571,3,0,False
2018-01-21,La Liga,Real Betis,Barcelona,0.348158176,2.218575591,2.218575591,0.348158176,0,5,False
2018-04-07,La Liga,Barcelona,Leganés,2.236896885,0.65573611,0.65573611,2.236896885,3,1,False
2018-02-04,La Liga,Espanyol,Barcelona,0.5659254220000001,0.827279913,0.827279913,0.5659254220000001,1,1,False
2018-03-31,La Liga,Sevilla,Barcelona,2.6078045823,2.052047065,2.052047065,2.6078045823,2,2,False
2018-02-11,La Liga,Barcelona,Getafe,0.953258331,0.39453325749999996,0.39453325749999996,0.953258331,0,0,False
2018-03-04,La Liga,Barcelona,Atlético Madrid,1.0886138696999998,0.1949915093,0.1949915093,1.0886138696999998,1,0,False
2018-02-24,La Liga,Barcelona,Girona,2.643734277,0.765066592,0.765066592,2.643734277,6,1,False
2018-01-28,La Liga,Barcelona,Deportivo Alavés,2.2385854243,0.7808859424,0.7808859424,2.2385854243,2,1,False
2018-05-20,La Liga,Barcelona,Real Sociedad,1.26810036,0.685541521,0.685541521,1.26810036,1,0,False
2018-01-14,La Liga,Real Sociedad,Barcelona,0.8557110539999999,1.156127867,1.156127867,0.8557110539999999,2,4,False
2018-04-17,La Liga,Celta Vigo,Barcelona,2.4107103049999994,2.129271155,2.129271155,2.4107103049999994,2,2,False
2020-10-31,La Liga,Deportivo Alavés,Barcelona,1.128524181,2.0911299490000004,2.0911299490000004,1.128524181,1,1,False
2021-01-09,La Liga,Granada,Barcelona,0.450979546,1.4928263960000003,1.4928263960000003,0.450979546,0,4,False
2021-05-16,La Liga,Barcelona,Celta Vigo,2.159081824,0.729653214,0.729653214,2.159081824,1,2,False
2021-02-07,La Liga,Real Betis,Barcelona,1.3950677189999998,0.9875746009999999,0.9875746009999999,1.3950677189999998,2,2,False
2021-03-06,La Liga,Osasuna,Barcelona,1.2082273140000002,1.056926099,1.056926099,1.2082273140000002,0,2,False
2021-04-10,La Liga,Real Madrid,Barcelona,1.321765321,1.494463878,1.494463878,1.321765321,2,1,False
2020-12-13,La Liga,Barcelona,Levante UD,2.0589936109999996,0.736227611,0.736227611,2.0589936109999996,1,0,False
2020-09-27,La Liga,Barcelona,Villarreal,2.6873112679999998,0.1825146875,0.1825146875,2.6873112679999998,3,0,False
2020-10-01,La Liga,Celta Vigo,Barcelona,0.46619188860000005,0.739652598,0.739652598,0.46619188860000005,0,2,False
2020-10-24,La Liga,Barcelona,Real Madrid,1.2488722015,2.9000679519999997,2.9000679519999997,1.2488722015,1,3,False
2021-01-03,La Liga,Huesca,Barcelona,0.387724143,2.5087607010000004,2.5087607010000004,0.387724143,0,1,False
2020-10-04,La Liga,Barcelona,Sevilla,1.6534482454000001,0.688010283,0.688010283,1.6534482454000001,1,1,False
2020-10-17,La Liga,Getafe,Barcelona,1.652100625,0.7843558220000001,0.7843558220000001,1.652100625,1,0,False
2020-11-21,La Liga,Atlético Madrid,Barcelona,0.5629302270000001,0.954291622,0.954291622,0.5629302270000001,1,0,False
2020-12-19,La Liga,Barcelona,Valencia,2.893558679,1.637535147,1.637535147,2.893558679,2,2,False
2021-04-29,La Liga,Barcelona,Granada,1.233171613,0.535677516,0.535677516,1.233171613,1,2,False
2021-05-08,La Liga,Barcelona,Atlético Madrid,0.864885166,0.55558012,0.55558012,0.864885166,0,0,False
2021-05-11,La Liga,Levante UD,Barcelona,1.017280621,2.813838268,2.813838268,1.017280621,3,3,False
2021-05-02,La Liga,Valencia,Barcelona,1.3016094040000001,3.0856501890000003,3.0856501890000003,1.3016094040000001,2,3,False
2021-03-15,La Liga,Barcelona,Huesca,0.95751025,2.101564256,2.101564256,0.95751025,4,1,False
2021-04-22,La Liga,Barcelona,Getafe,1.6198782499999997,1.502712756,1.502712756,1.6198782499999997,4,1,False
2021-03-21,La Liga,Real Sociedad,Barcelona,0.6805954160000001,2.7190648429999995,2.7190648429999995,0.6805954160000001,1,6,False
2020-12-16,La Liga,Barcelona,Real Sociedad,2.6482608960000005,1.9268283419999999,1.9268283419999999,2.6482608960000005,2,1,False
2020-12-22,La Liga,Real Valladolid,Barcelona,0.6726382205,3.557734448999999,3.557734448999999,0.6726382205,0,3,False
2020-12-05,La Liga,Cádiz,Barcelona,2.2947186695999995,1.528829837,1.528829837,2.2947186695999995,2,0,False
2021-01-06,La Liga,Athletic Club,Barcelona,0.841487605,1.4724851283,1.4724851283,0.841487605,2,3,False
2021-02-13,La Liga,Barcelona,Deportivo Alavés,2.692579604,0.609192384,0.609192384,2.692579604,5,1,False
2021-04-05,La Liga,Barcelona,Real Valladolid,1.8230445149999999,0.354709277,0.354709277,1.8230445149999999,1,0,False
2021-02-27,La Liga,Sevilla,Barcelona,0.089311511,1.92933905,1.92933905,0.089311511,0,2,False
2021-01-31,La Liga,Barcelona,Athletic Club,1.7285390559999998,0.22678602899999997,0.22678602899999997,1.7285390559999998,2,0,False
2020-11-29,La Liga,Barcelona,Osasuna,4.178242825,1.1067934193,1.1067934193,4.178242825,4,0,False
2021-02-21,La Liga,Barcelona,Cádiz,2.1455778609999996,1.0836837049999999,1.0836837049999999,2.1455778609999996,1,1,False
2021-02-24,La Liga,Barcelona,Elche,2.70108426,0.670472064,0.670472064,2.70108426,3,0,False
2021-04-25,La Liga,Villarreal,Barcelona,1.3720789489999998,3.3227739440000006,3.3227739440000006,1.3720789489999998,1,2,False
2020-11-07,La Liga,Barcelona,Real Betis,4.186569146,1.005236781,1.005236781,4.186569146,5,2,False
2018-09-15,La Liga,Real Sociedad,Barcelona,0.914412035,1.398165227,1.398165227,0.914412035,1,2,False
2018-09-26,La Liga,Leganés,Barcelona,1.070911462,0.552077237,0.552077237,1.070911462,2,1,False
2018-10-20,La Liga,Barcelona,Sevilla,2.3974202783,1.6889730939999998,1.6889730939999998,2.3974202783,4,1,False
2018-11-24,La Liga,Atlético Madrid,Barcelona,0.141969905,0.296478192,0.296478192,0.141969905,1,1,False
2018-12-08,La Liga,Espanyol,Barcelona,1.224688889,2.3132187269999998,2.3132187269999998,1.224688889,0,4,False
2019-02-23,La Liga,Sevilla,Barcelona,1.122434296,1.6004439970000002,1.6004439970000002,1.122434296,2,4,False
2018-12-22,La Liga,Barcelona,Celta Vigo,1.134397363,0.8996077410000002,0.8996077410000002,1.134397363,2,0,False
2019-01-06,La Liga,Getafe,Barcelona,1.5908359879999998,1.7478493249999998,1.7478493249999998,1.5908359879999998,1,2,False
2019-02-16,La Liga,Barcelona,Real Valladolid,3.6615278740000003,0.44353789800000004,0.44353789800000004,3.6615278740000003,1,0,False
2019-03-17,La Liga,Real Betis,Barcelona,1.007864181,2.0506601239999998,2.0506601239999998,1.007864181,1,4,False
2019-02-10,La Liga,Athletic Club,Barcelona,1.35796548,0.49470533400000005,0.49470533400000005,1.35796548,0,0,False
2019-04-20,La Liga,Barcelona,Real Sociedad,1.245622556,0.8769487859999999,0.8769487859999999,1.245622556,2,1,False
2018-08-18,La Liga,Barcelona,Deportivo Alavés,2.6599242,0.292109614,0.292109614,2.6599242,3,0,False
2019-02-02,La Liga,Barcelona,Valencia,1.6903835110000003,2.4418723389999997,2.4418723389999997,1.6903835110000003,2,2,False
2019-01-20,La Liga,Barcelona,Leganés,1.74555982,0.6695991617,0.6695991617,1.74555982,3,1,False
2019-04-06,La Liga,Barcelona,Atlético Madrid,1.9246822670000001,0.5219108577,0.5219108577,1.9246822670000001,2,0,False
2018-11-11,La Liga,Barcelona,Real Betis,4.172701368999999,2.0215838760000002,2.0215838760000002,4.172701368999999,3,4,False
2019-04-27,La Liga,Barcelona,Levante UD,1.7492327290000003,0.7343230099999999,0.7343230099999999,1.7492327290000003,1,0,False
2018-12-02,La Liga,Barcelona,Villarreal,1.083847735,0.8975263569999998,0.8975263569999998,1.083847735,2,0,False
2019-01-27,La Liga,Girona,Barcelona,1.212639442,1.906738469,1.906738469,1.212639442,0,2,False
2019-04-23,La Liga,Deportivo Alavés,Barcelona,0.41362018800000006,2.265581007,2.265581007,0.41362018800000006,0,2,False
2018-09-02,La Liga,Barcelona,Huesca,4.513569743,1.264742864,1.264742864,4.513569743,7,2,False
2019-05-19,La Liga,Eibar,Barcelona,1.4778042919999999,0.7572143847999999,0.7572143847999999,1.4778042919999999,2,2,False
2019-01-13,La Liga,Barcelona,Eibar,1.16775373,0.9653471840000001,0.9653471840000001,1.16775373,3,0,False
2019-03-09,La Liga,Barcelona,Rayo Vallecano,2.619028352,0.36264784850000004,0.36264784850000004,2.619028352,3,1,False
2018-12-16,La Liga,Levante UD,Barcelona,1.1649570939999998,2.9769174072,2.9769174072,1.1649570939999998,0,5,False
2019-05-12,La Liga,Barcelona,Getafe,2.040483553,0.9995465319999999,0.9995465319999999,2.040483553,1,0,False
2018-09-29,La Liga,Barcelona,Athletic Club,2.7532440959999995,0.48522814999999997,0.48522814999999997,2.7532440959999995,1,1,False
2018-09-23,La Liga,Barcelona,Girona,1.502485224,1.069202315,1.069202315,1.502485224,2,2,False
2019-04-02,La Liga,Villarreal,Barcelona,2.572822366,2.295202509,2.295202509,2.572822366,4,4,False
2018-10-07,La Liga,Valencia,Barcelona,1.376319467,0.3969471124999999,0.3969471124999999,1.376319467,1,1,False
2019-03-02,La Liga,Real Madrid,Barcelona,1.0888610150000002,1.2611960085000002,1.2611960085000002,1.0888610150000002,0,1,False
2018-08-25,La Liga,Real Valladolid,Barcelona,0.33820088000000004,0.758222371,0.758222371,0.33820088000000004,0,1,False
2019-03-30,La Liga,Barcelona,Espanyol,1.059880911,0.179885682,0.179885682,1.059880911,2,0,False
2020-02-22,La Liga,Barcelona,Eibar,3.9769319509999996,0.6710336225000001,0.6710336225000001,3.9769319509999996,5,0,False
2020-06-16,La Liga,Barcelona,Leganés,1.594327035,0.756958526,0.756958526,1.594327035,2,0,False
2020-06-27,La Liga,Celta Vigo,Barcelona,2.589303723,1.817078918,1.817078918,2.589303723,2,2,False
2019-12-18,La Liga,Barcelona,Real Madrid,0.7199253219999999,0.9542925625,0.9542925625,0.7199253219999999,0,0,False
2019-09-24,La Liga,Barcelona,Villarreal,0.6120868939999999,0.543885724,0.543885724,0.6120868939999999,2,1,False
2020-07-05,La Liga,Villarreal,Barcelona,0.912594162,2.567198417,2.567198417,0.912594162,1,3,False
2019-11-02,La Liga,Levante UD,Barcelona,0.8460165719999999,2.1390446429999996,2.1390446429999996,0.8460165719999999,3,1,False
2019-12-07,La Liga,Barcelona,Mallorca,3.2707426254999987,1.050319794,1.050319794,3.2707426254999987,5,2,False
2019-12-14,La Liga,Real Sociedad,Barcelona,2.787577904000001,1.91304468,1.91304468,2.787577904000001,2,2,False
2020-02-02,La Liga,Barcelona,Levante UD,2.9258208420000007,1.420192558,1.420192558,2.9258208420000007,2,1,False
2020-01-25,La Liga,Valencia,Barcelona,1.2827696740000003,1.165431627,1.165431627,1.2827696740000003,2,0,False
2020-07-16,La Liga,Barcelona,Osasuna,1.0125385055999998,0.4741186025,0.4741186025,1.0125385055999998,1,2,False
2020-07-19,La Liga,Deportivo Alavés,Barcelona,0.406357612,2.913145846,2.913145846,0.406357612,0,5,False
2020-06-23,La Liga,Barcelona,Athletic Club,1.6754328889999999,0.688305282,0.688305282,1.6754328889999999,1,0,False
2020-07-11,La Liga,Real Valladolid,Barcelona,0.7673825240000001,1.2266906060000002,1.2266906060000002,0.7673825240000001,0,1,False
2020-03-07,La Liga,Barcelona,Real Sociedad,1.9346501789999997,0.658936379,0.658936379,1.9346501789999997,1,0,False
2020-07-08,La Liga,Barcelona,Espanyol,1.155459763,0.7635460445,0.7635460445,1.155459763,1,0,False
2020-06-30,La Liga,Barcelona,Atlético Madrid,1.477656265,1.9883945812999997,1.9883945812999997,1.477656265,1,2,False
2019-11-09,La Liga,Barcelona,Celta Vigo,1.558700034,0.26777825549999995,0.26777825549999995,1.558700034,4,1,False
2019-10-29,La Liga,Barcelona,Real Valladolid,2.382540813,0.526865874,0.526865874,2.382540813,5,1,False
2020-06-13,La Liga,Mallorca,Barcelona,0.771835227,2.068523223,2.068523223,0.771835227,0,4,False
2020-01-04,La Liga,Espanyol,Barcelona,0.420332712,1.4762220425,1.4762220425,0.420332712,2,2,False
2020-06-19,La Liga,Sevilla,Barcelona,0.5237576829999999,0.5060273670000001,0.5060273670000001,0.5237576829999999,0,0,False
2020-03-01,La Liga,Real Madrid,Barcelona,0.86527403,1.069344716,1.069344716,0.86527403,2,0,False
2019-10-19,La Liga,Eibar,Barcelona,0.327932219,1.4085941777000002,1.4085941777000002,0.327932219,0,3,False
2020-02-09,La Liga,Real Betis,Barcelona,1.0949722132,1.4341765000000002,1.4341765000000002,1.0949722132,2,3,False
2019-09-21,La Liga,Granada,Barcelona,1.8489029273,0.5349524370000001,0.5349524370000001,1.8489029273,2,0,False
2019-11-23,La Liga,Leganés,Barcelona,0.35129232200000005,1.598676625,1.598676625,0.35129232200000005,1,2,False
2020-02-15,La Liga,Barcelona,Getafe,1.6572169520000002,0.748722662,0.748722662,1.6572169520000002,2,1,False
2019-12-01,La Liga,Atlético Madrid,Barcelona,1.2149636990000003,0.931063791,0.931063791,1.2149636990000003,0,1,False
2019-12-21,La Liga,Barcelona,Deportivo Alavés,1.5926148169999998,0.545430767,0.545430767,1.5926148169999998,4,1,False
2020-01-19,La Liga,Barcelona,Granada,1.5407311209999999,0.218909804,0.218909804,1.5407311209999999,1,0,False
2019-10-06,La Liga,Barcelona,Sevilla,1.4673041635,1.7253259230000002,1.7253259230000002,1.4673041635,4,0,False
2018-04-14,La Liga,Barcelona,Valencia,1.631784803,2.2189510705999997,2.2189510705999997,1.631784803,2,1,False
2018-04-29,La Liga,RC Deportivo La Coruña,Barcelona,2.2408726459999997,3.196088814,3.196088814,2.2408726459999997,2,4,False
2018-05-06,La Liga,Barcelona,Real Madrid,1.013568059,1.7654616890000001,1.7654616890000001,1.013568059,2,2,False
2018-03-18,La Liga,Barcelona,Athletic Club,1.5272114850000003,0.634935711,0.634935711,1.5272114850000003,2,0,False
2018-03-01,La Liga,Las Palmas,Barcelona,1.2387656795000002,1.0450223339999998,1.0450223339999998,1.2387656795000002,1,1,False
2018-02-17,La Liga,Eibar,Barcelona,0.6787358600000001,2.810077197,2.810077197,0.6787358600000001,0,2,False
2018-05-09,La Liga,Barcelona,Villarreal,2.9111367,1.2547959039999999,1.2547959039999999,2.9111367,5,1,False
2018-01-07,La Liga,Barcelona,Levante UD,2.366960571,0.6839044460000001,0.6839044460000001,2.366960571,3,0,False
2018-01-21,La Liga,Real Betis,Barcelona,0.348158176,2.218575591,2.218575591,0.348158176,0,5,False
2018-04-07,La Liga,Barcelona,Leganés,2.236896885,0.65573611,0.65573611,2.236896885,3,1,False
2018-02-04,La Liga,Espanyol,Barcelona,0.5659254220000001,0.827279913,0.827279913,0.5659254220000001,1,1,False
2018-03-31,La Liga,Sevilla,Barcelona,2.6078045823,2.052047065,2.052047065,2.6078045823,2,2,False
2018-02-11,La Liga,Barcelona,Getafe,0.953258331,0.39453325749999996,0.39453325749999996,0.953258331,0,0,False
2018-03-04,La Liga,Barcelona,Atlético Madrid,1.0886138696999998,0.1949915093,0.1949915093,1.0886138696999998,1,0,False
2018-02-24,La Liga,Barcelona,Girona,2.643734277,0.765066592,0.765066592,2.643734277,6,1,False
2018-01-28,La Liga,Barcelona,Deportivo Alavés,2.2385854243,0.7808859424,0.7808859424,2.2385854243,2,1,False
2018-05-20,La Liga,Barcelona,Real Sociedad,1.26810036,0.685541521,0.685541521,1.26810036,1,0,False
2018-01-14,La Liga,Real Sociedad,Barcelona,0.8557110539999999,1.156127867,1.156127867,0.8557110539999999,2,4,False
2018-04-17,La Liga,Celta Vigo,Barcelona,2.4107103049999994,2.129271155,2.129271155,2.4107103049999994,2,2,False
2020-10-31,La Liga,Deportivo Alavés,Barcelona,1.128524181,2.0911299490000004,2.0911299490000004,1.128524181,1,1,False
2021-01-09,La Liga,Granada,Barcelona,0.450979546,1.4928263960000003,1.4928263960000003,0.450979546,0,4,False
2021-05-16,La Liga,Barcelona,Celta Vigo,2.159081824,0.729653214,0.729653214,2.159081824,1,2,False
2021-02-07,La Liga,Real Betis,Barcelona,1.3950677189999998,0.9875746009999999,0.9875746009999999,1.3950677189999998,2,2,False
2021-03-06,La Liga,Osasuna,Barcelona,1.2082273140000002,1.056926099,1.056926099,1.2082273140000002,0,2,False
2021-04-10,La Liga,Real Madrid,Barcelona,1.321765321,1.494463878,1.494463878,1.321765321,2,1,False
2020-12-13,La Liga,Barcelona,Levante UD,2.0589936109999996,0.736227611,0.736227611,2.0589936109999996,1,0,False
2020-09-27,La Liga,Barcelona,Villarreal,2.6873112679999998,0.1825146875,0.1825146875,2.6873112679999998,3,0,False
2020-10-01,La Liga,Celta Vigo,Barcelona,0.46619188860000005,0.739652598,0.739652598,0.46619188860000005,0,2,False
2020-10-24,La Liga,Barcelona,Real Madrid,1.2488722015,2.9000679519999997,2.9000679519999997,1.2488722015,1,3,False
2021-01-03,La Liga,Huesca,Barcelona,0.387724143,2.5087607010000004,2.5087607010000004,0.387724143,0,1,False
2020-10-04,La Liga,Barcelona,Sevilla,1.6534482454000001,0.688010283,0.688010283,1.6534482454000001,1,1,False
2020-10-17,La Liga,Getafe,Barcelona,1.652100625,0.7843558220000001,0.7843558220000001,1.652100625,1,0,False
2020-11-21,La Liga,Atlético Madrid,Barcelona,0.5629302270000001,0.954291622,0.954291622,0.5629302270000001,1,0,False
2020-12-19,La Liga,Barcelona,Valencia,2.893558679,1.637535147,1.637535147,2.893558679,2,2,False
2021-04-29,La Liga,Barcelona,Granada,1.233171613,0.535677516,0.535677516,1.233171613,1,2,False
2021-05-08,La Liga,Barcelona,Atlético Madrid,0.864885166,0.55558012,0.55558012,0.864885166,0,0,False
2021-05-11,La Liga,Levante UD,Barcelona,1.017280621,2.813838268,2.813838268,1.017280621,3,3,False
2021-05-02,La Liga,Valencia,Barcelona,1.3016094040000001,3.0856501890000003,3.0856501890000003,1.3016094040000001,2,3,False
2021-03-15,La Liga,Barcelona,Huesca,0.95751025,2.101564256,2.101564256,0.95751025,4,1,False
2021-04-22,La Liga,Barcelona,Getafe,1.6198782499999997,1.502712756,1.502712756,1.6198782499999997,4,1,False
2021-03-21,La Liga,Real Sociedad,Barcelona,0.6805954160000001,2.7190648429999995,2.7190648429999995,0.6805954160000001,1,6,False
2020-12-16,La Liga,Barcelona,Real Sociedad,2.6482608960000005,1.9268283419999999,1.9268283419999999,2.6482608960000005,2,1,False
2020-12-22,La Liga,Real Valladolid,Barcelona,0.6726382205,3.557734448999999,3.557734448999999,0.6726382205,0,3,False
2020-12-05,La Liga,Cádiz,Barcelona,2.2947186695999995,1.528829837,1.528829837,2.2947186695999995,2,0,False
2021-01-06,La Liga,Athletic Club,Barcelona,0.841487605,1.4724851283,1.4724851283,0.841487605,2,3,False
2021-02-13,La Liga,Barcelona,Deportivo Alavés,2.692579604,0.609192384,0.609192384,2.692579604,5,1,False
2021-04-05,La Liga,Barcelona,Real Valladolid,1.8230445149999999,0.354709277,0.354709277,1.8230445149999999,1,0,False
2021-02-27,La Liga,Sevilla,Barcelona,0.089311511,1.92933905,1.92933905,0.089311511,0,2,False
2021-01-31,La Liga,Barcelona,Athletic Club,1.7285390559999998,0.22678602899999997,0.22678602899999997,1.7285390559999998,2,0,False
2020-11-29,La Liga,Barcelona,Osasuna,4.178242825,1.1067934193,1.1067934193,4.178242825,4,0,False
2021-02-21,La Liga,Barcelona,Cádiz,2.1455778609999996,1.0836837049999999,1.0836837049999999,2.1455778609999996,1,1,False
2021-02-24,La Liga,Barcelona,Elche,2.70108426,0.670472064,0.670472064,2.70108426,3,0,False
2021-04-25,La Liga,Villarreal,Barcelona,1.3720789489999998,3.3227739440000006,3.3227739440000006,1.3720789489999998,1,2,False
2020-11-07,La Liga,Barcelona,Real Betis,4.186569146,1.005236781,1.005236781,4.186569146,5,2,False
2018-09-15,La Liga,Real Sociedad,Barcelona,0.914412035,1.398165227,1.398165227,0.914412035,1,2,False
2018-09-26,La Liga,Leganés,Barcelona,1.070911462,0.552077237,0.552077237,1.070911462,2,1,False
2018-10-20,La Liga,Barcelona,Sevilla,2.3974202783,1.6889730939999998,1.6889730939999998,2.3974202783,4,1,False
2018-11-24,La Liga,Atlético Madrid,Barcelona,0.141969905,0.296478192,0.296478192,0.141969905,1,1,False
2018-12-08,La Liga,Espanyol,Barcelona,1.224688889,2.3132187269999998,2.3132187269999998,1.224688889,0,4,False
2019-02-23,La Liga,Sevilla,Barcelona,1.122434296,1.6004439970000002,1.6004439970000002,1.122434296,2,4,False
2018-12-22,La Liga,Barcelona,Celta Vigo,1.134397363,0.8996077410000002,0.8996077410000002,1.134397363,2,0,False
2019-01-06,La Liga,Getafe,Barcelona,1.5908359879999998,1.7478493249999998,1.7478493249999998,1.5908359879999998,1,2,False
2019-02-16,La Liga,Barcelona,Real Valladolid,3.6615278740000003,0.44353789800000004,0.44353789800000004,3.6615278740000003,1,0,False
2019-03-17,La Liga,Real Betis,Barcelona,1.007864181,2.0506601239999998,2.0506601239999998,1.007864181,1,4,False
2019-02-10,La Liga,Athletic Club,Barcelona,1.35796548,0.49470533400000005,0.49470533400000005,1.35796548,0,0,False
2019-04-20,La Liga,Barcelona,Real Sociedad,1.245622556,0.8769487859999999,0.8769487859999999,1.245622556,2,1,False
2018-08-18,La Liga,Barcelona,Deportivo Alavés,2.6599242,0.292109614,0.292109614,2.6599242,3,0,False
2019-02-02,La Liga,Barcelona,Valencia,1.6903835110000003,2.4418723389999997,2.4418723389999997,1.6903835110000003,2,2,False
2019-01-20,La Liga,Barcelona,Leganés,1.74555982,0.6695991617,0.6695991617,1.74555982,3,1,False
2019-04-06,La Liga,Barcelona,Atlético Madrid,1.9246822670000001,0.5219108577,0.5219108577,1.9246822670000001,2,0,False
2018-11-11,La Liga,Barcelona,Real Betis,4.172701368999999,2.0215838760000002,2.0215838760000002,4.172701368999999,3,4,False
2019-04-27,La Liga,Barcelona,Levante UD,1.7492327290000003,0.7343230099999999,0.7343230099999999,1.7492327290000003,1,0,False
2018-12-02,La Liga,Barcelona,Villarreal,1.083847735,0.8975263569999998,0.8975263569999998,1.083847735,2,0,False
2019-01-27,La Liga,Girona,Barcelona,1.212639442,1.906738469,1.906738469,1.212639442,0,2,False
2019-04-23,La Liga,Deportivo Alavés,Barcelona,0.41362018800000006,2.265581007,2.265581007,0.41362018800000006,0,2,False
2018-09-02,La Liga,Barcelona,Huesca,4.513569743,1.264742864,1.264742864,4.513569743,7,2,False
2019-05-19,La Liga,Eibar,Barcelona,1.4778042919999999,0.7572143847999999,0.7572143847999999,1.4778042919999999,2,2,False
2019-01-13,La Liga,Barcelona,Eibar,1.16775373,0.9653471840000001,0.9653471840000001,1.16775373,3,0,False
2019-03-09,La Liga,Barcelona,Rayo Vallecano,2.619028352,0.36264784850000004,0.36264784850000004,2.619028352,3,1,False
2018-12-16,La Liga,Levante UD,Barcelona,1.1649570939999998,2.9769174072,2.9769174072,1.1649570939999998,0,5,False
2019-05-12,La Liga,Barcelona,Getafe,2.040483553,0.9995465319999999,0.9995465319999999,2.040483553,1,0,False
2018-09-29,La Liga,Barcelona,Athletic Club,2.7532440959999995,0.48522814999999997,0.48522814999999997,2.7532440959999995,1,1,False
2018-09-23,La Liga,Barcelona,Girona,1.502485224,1.069202315,1.069202315,1.502485224,2,2,False
2019-04-02,La Liga,Villarreal,Barcelona,2.572822366,2.295202509,2.295202509,2.572822366,4,4,False
2018-10-07,La Liga,Valencia,Barcelona,1.376319467,0.3969471124999999,0.3969471124999999,1.376319467,1,1,False
2019-03-02,La Liga,Real Madrid,Barcelona,1.0888610150000002,1.2611960085000002,1.2611960085000002,1.0888610150000002,0,1,False
2018-08-25,La Liga,Real Valladolid,Barcelona,0.33820088000000004,0.758222371,0.758222371,0.33820088000000004,0,1,False
2019-03-30,La Liga,Barcelona,Espanyol,1.059880911,0.179885682,0.179885682,1.059880911,2,0,False
2020-02-22,La Liga,Barcelona,Eibar,3.9769319509999996,0.6710336225000001,0.6710336225000001,3.9769319509999996,5,0,False
2020-06-16,La Liga,Barcelona,Leganés,1.594327035,0.756958526,0.756958526,1.594327035,2,0,False
2020-06-27,La Liga,Celta Vigo,Barcelona,2.589303723,1.817078918,1.817078918,2.589303723,2,2,False
2019-12-18,La Liga,Barcelona,Real Madrid,0.7199253219999999,0.9542925625,0.9542925625,0.7199253219999999,0,0,False
2019-09-24,La Liga,Barcelona,Villarreal,0.6120868939999999,0.543885724,0.543885724,0.6120868939999999,2,1,False
2020-07-05,La Liga,Villarreal,Barcelona,0.912594162,2.567198417,2.567198417,0.912594162,1,3,False
2019-11-02,La Liga,Levante UD,Barcelona,0.8460165719999999,2.1390446429999996,2.1390446429999996,0.8460165719999999,3,1,False
2019-12-07,La Liga,Barcelona,Mallorca,3.2707426254999987,1.050319794,1.050319794,3.2707426254999987,5,2,False
2019-12-14,La Liga,Real Sociedad,Barcelona,2.787577904000001,1.91304468,1.91304468,2.787577904000001,2,2,False
2020-02-02,La Liga,Barcelona,Levante UD,2.9258208420000007,1.420192558,1.420192558,2.9258208420000007,2,1,False
2020-01-25,La Liga,Valencia,Barcelona,1.2827696740000003,1.165431627,1.165431627,1.2827696740000003,2,0,False
2020-07-16,La Liga,Barcelona,Osasuna,1.0125385055999998,0.4741186025,0.4741186025,1.0125385055999998,1,2,False
2020-07-19,La Liga,Deportivo Alavés,Barcelona,0.406357612,2.913145846,2.913145846,0.406357612,0,5,False
2020-06-23,La Liga,Barcelona,Athletic Club,1.6754328889999999,0.688305282,0.688305282,1.6754328889999999,1,0,False
2020-07-11,La Liga,Real Valladolid,Barcelona,0.7673825240000001,1.2266906060000002,1.2266906060000002,0.7673825240000001,0,1,False
2020-03-07,La Liga,Barcelona,Real Sociedad,1.9346501789999997,0.658936379,0.658936379,1.9346501789999997,1,0,False
2020-07-08,La Liga,Barcelona,Espanyol,1.155459763,0.7635460445,0.7635460445,1.155459763,1,0,False
2020-06-30,La Liga,Barcelona,Atlético Madrid,1.477656265,1.9883945812999997,1.9883945812999997,1.477656265,1,2,False
2019-11-09,La Liga,Barcelona,Celta Vigo,1.558700034,0.26777825549999995,0.26777825549999995,1.558700034,4,1,False
2019-10-29,La Liga,Barcelona,Real Valladolid,2.382540813,0.526865874,0.526865874,2.382540813,5,1,False
2020-06-13,La Liga,Mallorca,Barcelona,0.771835227,2.068523223,2.068523223,0.771835227,0,4,False
2020-01-04,La Liga,Espanyol,Barcelona,0.420332712,1.4762220425,1.4762220425,0.420332712,2,2,False
2020-06-19,La Liga,Sevilla,Barcelona,0.5237576829999999,0.5060273670000001,0.5060273670000001,0.5237576829999999,0,0,False
2020-03-01,La Liga,Real Madrid,Barcelona,0.86527403,1.069344716,1.069344716,0.86527403,2,0,False
2019-10-19,La Liga,Eibar,Barcelona,0.327932219,1.4085941777000002,1.4085941777000002,0.327932219,0,3,False
2020-02-09,La Liga,Real Betis,Barcelona,1.0949722132,1.4341765000000002,1.4341765000000002,1.0949722132,2,3,False
2019-09-21,La Liga,Granada,Barcelona,1.8489029273,0.5349524370000001,0.5349524370000001,1.8489029273,2,0,False
2019-11-23,La Liga,Leganés,Barcelona,0.35129232200000005,1.598676625,1.598676625,0.35129232200000005,1,2,False
2020-02-15,La Liga,Barcelona,Getafe,1.6572169520000002,0.748722662,0.748722662,1.6572169520000002,2,1,False
2019-12-01,La Liga,Atlético Madrid,Barcelona,1.2149636990000003,0.931063791,0.931063791,1.2149636990000003,0,1,False
2019-12-21,La Liga,Barcelona,Deportivo Alavés,1.5926148169999998,0.545430767,0.545430767,1.5926148169999998,4,1,False
2020-01-19,La Liga,Barcelona,Granada,1.5407311209999999,0.218909804,0.218909804,1.5407311209999999,1,0,False
2019-10-06,La Liga,Barcelona,Sevilla,1.4673041635,1.7253259230000002,1.7253259230000002,1.4673041635,4,0,False
2018-04-14,La Liga,Barcelona,Valencia,1.631784803,2.2189510705999997,2.2189510705999997,1.631784803,2,1,False
2018-04-29,La Liga,RC Deportivo La Coruña,Barcelona,2.2408726459999997,3.196088814,3.196088814,2.2408726459999997,2,4,False
2018-05-06,La Liga,Barcelona,Real Madrid,1.013568059,1.7654616890000001,1.7654616890000001,1.013568059,2,2,False
2018-03-18,La Liga,Barcelona,Athletic Club,1.5272114850000003,0.634935711,0.634935711,1.5272114850000003,2,0,False
2018-03-01,La Liga,Las Palmas,Barcelona,1.2387656795000002,1.0450223339999998,1.0450223339999998,1.2387656795000002,1,1,False
2018-02-17,La Liga,Eibar,Barcelona,0.6787358600000001,2.810077197,2.810077197,0.6787358600000001,0,2,False
2018-05-09,La Liga,Barcelona,Villarreal,2.9111367,1.2547959039999999,1.2547959039999999,2.9111367,5,1,False
2018-01-07,La Liga,Barcelona,Levante UD,2.366960571,0.6839044460000001,0.6839044460000001,2.366960571,3,0,False
2018-01-21,La Liga,Real Betis,Barcelona,0.348158176,2.218575591,2.218575591,0.348158176,0,5,False
2018-04-07,La Liga,Barcelona,Leganés,2.236896885,0.65573611,0.65573611,2.236896885,3,1,False
2018-02-04,La Liga,Espanyol,Barcelona,0.5659254220000001,0.827279913,0.827279913,0.5659254220000001,1,1,False
2018-03-31,La Liga,Sevilla,Barcelona,2.6078045823,2.052047065,2.052047065,2.6078045823,2,2,False
2018-02-11,La Liga,Barcelona,Getafe,0.953258331,0.39453325749999996,0.39453325749999996,0.953258331,0,0,False
2018-03-04,La Liga,Barcelona,Atlético Madrid,1.0886138696999998,0.1949915093,0.1949915093,1.0886138696999998,1,0,False
2018-02-24,La Liga,Barcelona,Girona,2.643734277,0.765066592,0.765066592,2.643734277,6,1,False
2018-01-28,La Liga,Barcelona,Deportivo Alavés,2.2385854243,0.7808859424,0.7808859424,2.2385854243,2,1,False
2018-05-20,La Liga,Barcelona,Real Sociedad,1.26810036,0.685541521,0.685541521,1.26810036,1,0,False
2018-01-14,La Liga,Real Sociedad,Barcelona,0.8557110539999999,1.156127867,1.156127867,0.8557110539999999,2,4,False
2018-04-17,La Liga,Celta Vigo,Barcelona,2.4107103049999994,2.129271155,2.129271155,2.4107103049999994,2,2,False
2020-10-31,La Liga,Deportivo Alavés,Barcelona,1.128524181,2.0911299490000004,2.0911299490000004,1.128524181,1,1,False
2021-01-09,La Liga,Granada,Barcelona,0.450979546,1.4928263960000003,1.4928263960000003,0.450979546,0,4,False
2021-05-16,La Liga,Barcelona,Celta Vigo,2.159081824,0.729653214,0.729653214,2.159081824,1,2,False
2021-02-07,La Liga,Real Betis,Barcelona,1.3950677189999998,0.9875746009999999,0.9875746009999999,1.3950677189999998,2,2,False
2021-03-06,La Liga,Osasuna,Barcelona,1.2082273140000002,1.056926099,1.056926099,1.2082273140000002,0,2,False
2021-04-10,La Liga,Real Madrid,Barcelona,1.321765321,1.494463878,1.494463878,1.321765321,2,1,False
2020-12-13,La Liga,Barcelona,Levante UD,2.0589936109999996,0.736227611,0.736227611,2.0589936109999996,1,0,False
2020-09-27,La Liga,Barcelona,Villarreal,2.6873112679999998,0.1825146875,0.1825146875,2.6873112679999998,3,0,False
2020-10-01,La Liga,Celta Vigo,Barcelona,0.46619188860000005,0.739652598,0.739652598,0.46619188860000005,0,2,False
2020-10-24,La Liga,Barcelona,Real Madrid,1.2488722015,2.9000679519999997,2.9000679519999997,1.2488722015,1,3,False
2021-01-03,La Liga,Huesca,Barcelona,0.387724143,2.5087607010000004,2.5087607010000004,0.387724143,0,1,False
2020-10-04,La Liga,Barcelona,Sevilla,1.6534482454000001,0.688010283,0.688010283,1.6534482454000001,1,1,False
2020-10-17,La Liga,Getafe,Barcelona,1.652100625,0.7843558220000001,0.7843558220000001,1.652100625,1,0,False
2020-11-21,La Liga,Atlético Madrid,Barcelona,0.5629302270000001,0.954291622,0.954291622,0.5629302270000001,1,0,False
2020-12-19,La Liga,Barcelona,Valencia,2.893558679,1.637535147,1.637535147,2.893558679,2,2,False
2021-04-29,La Liga,Barcelona,Granada,1.233171613,0.535677516,0.535677516,1.233171613,1,2,False
2021-05-08,La Liga,Barcelona,Atlético Madrid,0.864885166,0.55558012,0.55558012,0.864885166,0,0,False
2021-05-11,La Liga,Levante UD,Barcelona,1.017280621,2.813838268,2.813838268,1.017280621,3,3,False
2021-05-02,La Liga,Valencia,Barcelona,1.3016094040000001,3.0856501890000003,3.0856501890000003,1.3016094040000001,2,3,False
2021-03-15,La Liga,Barcelona,Huesca,0.95751025,2.101564256,2.101564256,0.95751025,4,1,False
2021-04-22,La Liga,Barcelona,Getafe,1.6198782499999997,1.502712756,1.502712756,1.6198782499999997,4,1,False
2021-03-21,La Liga,Real Sociedad,Barcelona,0.6805954160000001,2.7190648429999995,2.7190648429999995,0.6805954160000001,1,6,False
2020-12-16,La Liga,Barcelona,Real Sociedad,2.6482608960000005,1.9268283419999999,1.9268283419999999,2.6482608960000005,2,1,False
2020-12-22,La Liga,Real Valladolid,Barcelona,0.6726382205,3.557734448999999,3.557734448999999,0.6726382205,0,3,False
2020-12-05,La Liga,Cádiz,Barcelona,2.2947186695999995,1.528829837,1.528829837,2.2947186695999995,2,0,False
2021-01-06,La Liga,Athletic Club,Barcelona,0.841487605,1.4724851283,1.4724851283,0.841487605,2,3,False
2021-02-13,La Liga,Barcelona,Deportivo Alavés,2.692579604,0.609192384,0.609192384,2.692579604,5,1,False
2021-04-05,La Liga,Barcelona,Real Valladolid,1.8230445149999999,0.354709277,0.354709277,1.8230445149999999,1,0,False
2021-02-27,La Liga,Sevilla,Barcelona,0.089311511,1.92933905,1.92933905,0.089311511,0,2,False
2021-01-31,La Liga,Barcelona,Athletic Club,1.7285390559999998,0.22678602899999997,0.22678602899999997,1.7285390559999998,2,0,False
2020-11-29,La Liga,Barcelona,Osasuna,4.178242825,1.1067934193,1.1067934193,4.178242825,4,0,False
2021-02-21,La Liga,Barcelona,Cádiz,2.1455778609999996,1.0836837049999999,1.0836837049999999,2.1455778609999996,1,1,False
2021-02-24,La Liga,Barcelona,Elche,2.70108426,0.670472064,0.670472064,2.70108426,3,0,False
2021-04-25,La Liga,Villarreal,Barcelona,1.3720789489999998,3.3227739440000006,3.3227739440000006,1.3720789489999998,1,2,False
2020-11-07,La Liga,Barcelona,Real Betis,4.186569146,1.005236781,1.005236781,4.186569146,5,2,False
2018-09-15,La Liga,Real Sociedad,Barcelona,0.914412035,1.398165227,1.398165227,0.914412035,1,2,False
2018-09-26,La Liga,Leganés,Barcelona,1.070911462,0.552077237,0.552077237,1.070911462,2,1,False
2018-10-20,La Liga,Barcelona,Sevilla,2.3974202783,1.6889730939999998,1.6889730939999998,2.3974202783,4,1,False
2018-11-24,La Liga,Atlético Madrid,Barcelona,0.141969905,0.296478192,0.296478192,0.141969905,1,1,False
2018-12-08,La Liga,Espanyol,Barcelona,1.224688889,2.3132187269999998,2.3132187269999998,1.224688889,0,4,False
2019-02-23,La Liga,Sevilla,Barcelona,1.122434296,1.6004439970000002,1.6004439970000002,1.122434296,2,4,False
2018-12-22,La Liga,Barcelona,Celta Vigo,1.134397363,0.8996077410000002,0.8996077410000002,1.134397363,2,0,False
2019-01-06,La Liga,Getafe,Barcelona,1.5908359879999998,1.7478493249999998,1.7478493249999998,1.5908359879999998,1,2,False
2019-02-16,La Liga,Barcelona,Real Valladolid,3.6615278740000003,0.44353789800000004,0.44353789800000004,3.6615278740000003,1,0,False
2019-03-17,La Liga,Real Betis,Barcelona,1.007864181,2.0506601239999998,2.0506601239999998,1.007864181,1,4,False
2019-02-10,La Liga,Athletic Club,Barcelona,1.35796548,0.49470533400000005,0.49470533400000005,1.35796548,0,0,False
2019-04-20,La Liga,Barcelona,Real Sociedad,1.245622556,0.8769487859999999,0.8769487859999999,1.245622556,2,1,False
2018-08-18,La Liga,Barcelona,Deportivo Alavés,2.6599242,0.292109614,0.292109614,2.6599242,3,0,False
2019-02-02,La Liga,Barcelona,Valencia,1.6903835110000003,2.4418723389999997,2.4418723389999997,1.6903835110000003,2,2,False
2019-01-20,La Liga,Barcelona,Leganés,1.74555982,0.6695991617,0.6695991617,1.74555982,3,1,False
2019-04-06,La Liga,Barcelona,Atlético Madrid,1.9246822670000001,0.5219108577,0.5219108577,1.9246822670000001,2,0,False
2018-11-11,La Liga,Barcelona,Real Betis,4.172701368999999,2.0215838760000002,2.0215838760000002,4.172701368999999,3,4,False
2019-04-27,La Liga,Barcelona,Levante UD,1.7492327290000003,0.7343230099999999,0.7343230099999999,1.7492327290000003,1,0,False
2018-12-02,La Liga,Barcelona,Villarreal,1.083847735,0.8975263569999998,0.8975263569999998,1.083847735,2,0,False
2019-01-27,La Liga,Girona,Barcelona,1.212639442,1.906738469,1.906738469,1.212639442,0,2,False
2019-04-23,La Liga,Deportivo Alavés,Barcelona,0.41362018800000006,2.265581007,2.265581007,0.41362018800000006,0,2,False
2018-09-02,La Liga,Barcelona,Huesca,4.513569743,1.264742864,1.264742864,4.513569743,7,2,False
2019-05-19,La Liga,Eibar,Barcelona,1.4778042919999999,0.7572143847999999,0.7572143847999999,1.4778042919999999,2,2,False
2019-01-13,La Liga,Barcelona,Eibar,1.16775373,0.9653471840000001,0.9653471840000001,1.16775373,3,0,False
2019-03-09,La Liga,Barcelona,Rayo Vallecano,2.619028352,0.36264784850000004,0.36264784850000004,2.619028352,3,1,False
2018-12-16,La Liga,Levante UD,Barcelona,1.1649570939999998,2.9769174072,2.9769174072,1.1649570939999998,0,5,False
2019-05-12,La Liga,Barcelona,Getafe,2.040483553,0.9995465319999999,0.9995465319999999,2.040483553,1,0,False
2018-09-29,La Liga,Barcelona,Athletic Club,2.7532440959999995,0.48522814999999997,0.48522814999999997,2.7532440959999995,1,1,False
2018-09-23,La Liga,Barcelona,Girona,1.502485224,1.069202315,1.069202315,1.502485224,2,2,False
2019-04-02,La Liga,Villarreal,Barcelona,2.572822366,2.295202509,2.295202509,2.572822366,4,4,False
2018-10-07,La Liga,Valencia,Barcelona,1.376319467,0.3969471124999999,0.3969471124999999,1.376319467,1,1,False
2019-03-02,La Liga,Real Madrid,Barcelona,1.0888610150000002,1.2611960085000002,1.2611960085000002,1.0888610150000002,0,1,False
2018-08-25,La Liga,Real Valladolid,Barcelona,0.33820088000000004,0.758222371,0.758222371,0.33820088000000004,0,1,False
2019-03-30,La Liga,Barcelona,Espanyol,1.059880911,0.179885682,0.179885682,1.059880911,2,0,False
2020-02-22,La Liga,Barcelona,Eibar,3.9769319509999996,0.6710336225000001,0.6710336225000001,3.9769319509999996,5,0,False
2020-06-16,La Liga,Barcelona,Leganés,1.594327035,0.756958526,0.756958526,1.594327035,2,0,False
2020-06-27,La Liga,Celta Vigo,Barcelona,2.589303723,1.817078918,1.817078918,2.589303723,2,2,False
2019-12-18,La Liga,Barcelona,Real Madrid,0.7199253219999999,0.9542925625,0.9542925625,0.7199253219999999,0,0,False
2019-09-24,La Liga,Barcelona,Villarreal,0.6120868939999999,0.543885724,0.543885724,0.6120868939999999,2,1,False
2020-07-05,La Liga,Villarreal,Barcelona,0.912594162,2.567198417,2.567198417,0.912594162,1,3,False
2019-11-02,La Liga,Levante UD,Barcelona,0.8460165719999999,2.1390446429999996,2.1390446429999996,0.8460165719999999,3,1,False
2019-12-07,La Liga,Barcelona,Mallorca,3.2707426254999987,1.050319794,1.050319794,3.2707426254999987,5,2,False
2019-12-14,La Liga,Real Sociedad,Barcelona,2.787577904000001,1.91304468,1.91304468,2.787577904000001,2,2,False
2020-02-02,La Liga,Barcelona,Levante UD,2.9258208420000007,1.420192558,1.420192558,2.9258208420000007,2,1,False
2020-01-25,La Liga,Valencia,Barcelona,1.2827696740000003,1.165431627,1.165431627,1.2827696740000003,2,0,False
2020-07-16,La Liga,Barcelona,Osasuna,1.0125385055999998,0.4741186025,0.4741186025,1.0125385055999998,1,2,False
2020-07-19,La Liga,Deportivo Alavés,Barcelona,0.406357612,2.913145846,2.913145846,0.406357612,0,5,False
2020-06-23,La Liga,Barcelona,Athletic Club,1.6754328889999999,0.688305282,0.688305282,1.6754328889999999,1,0,False
2020-07-11,La Liga,Real Valladolid,Barcelona,0.7673825240000001,1.2266906060000002,1.2266906060000002,0.7673825240000001,0,1,False
2020-03-07,La Liga,Barcelona,Real Sociedad,1.9346501789999997,0.658936379,0.658936379,1.9346501789999997,1,0,False
2020-07-08,La Liga,Barcelona,Espanyol,1.155459763,0.7635460445,0.7635460445,1.155459763,1,0,False
2020-06-30,La Liga,Barcelona,Atlético Madrid,1.477656265,1.9883945812999997,1.9883945812999997,1.477656265,1,2,False
2019-11-09,La Liga,Barcelona,Celta Vigo,1.558700034,0.26777825549999995,0.26777825549999995,1.558700034,4,1,False
2019-10-29,La Liga,Barcelona,Real Valladolid,2.382540813,0.526865874,0.526865874,2.382540813,5,1,False
2020-06-13,La Liga,Mallorca,Barcelona,0.771835227,2.068523223,2.068523223,0.771835227,0,4,False
2020-01-04,La Liga,Espanyol,Barcelona,0.420332712,1.4762220425,1.4762220425,0.420332712,2,2,False
2020-06-19,La Liga,Sevilla,Barcelona,0.5237576829999999,0.5060273670000001,0.5060273670000001,0.5237576829999999,0,0,False
2020-03-01,La Liga,Real Madrid,Barcelona,0.86527403,1.069344716,1.069344716,0.86527403,2,0,False
2019-10-19,La Liga,Eibar,Barcelona,0.327932219,1.4085941777000002,1.4085941777000002,0.327932219,0,3,False
2020-02-09,La Liga,Real Betis,Barcelona,1.0949722132,1.4341765000000002,1.4341765000000002,1.0949722132,2,3,False
2019-09-21,La Liga,Granada,Barcelona,1.8489029273,0.5349524370000001,0.5349524370000001,1.8489029273,2,0,False
2019-11-23,La Liga,Leganés,Barcelona,0.35129232200000005,1.598676625,1.598676625,0.35129232200000005,1,2,False
2020-02-15,La Liga,Barcelona,Getafe,1.6572169520000002,0.748722662,0.748722662,1.6572169520000002,2,1,False
2019-12-01,La Liga,Atlético Madrid,Barcelona,1.2149636990000003,0.931063791,0.931063791,1.2149636990000003,0,1,False
2019-12-21,La Liga,Barcelona,Deportivo Alavés,1.5926148169999998,0.545430767,0.545430767,1.5926148169999998,4,1,False
2020-01-19,La Liga,Barcelona,Granada,1.5407311209999999,0.218909804,0.218909804,1.5407311209999999,1,0,False
2019-10-06,La Liga,Barcelona,Sevilla,1.4673041635,1.7253259230000002,1.7253259230000002,1.4673041635,4,0,False
2018-04-14,La Liga,Barcelona,Valencia,1.631784803,2.2189510705999997,2.2189510705999997,1.631784803,2,1,False
2018-04-29,La Liga,RC Deportivo La Coruña,Barcelona,2.2408726459999997,3.196088814,3.196088814,2.2408726459999997,2,4,False
2018-05-06,La Liga,Barcelona,Real Madrid,1.013568059,1.7654616890000001,1.7654616890000001,1.013568059,2,2,False
2018-03-18,La Liga,Barcelona,Athletic Club,1.5272114850000003,0.634935711,0.634935711,1.5272114850000003,2,0,False
2018-03-01,La Liga,Las Palmas,Barcelona,1.2387656795000002,1.0450223339999998,1.0450223339999998,1.2387656795000002,1,1,False
2018-02-17,La Liga,Eibar,Barcelona,0.6787358600000001,2.810077197,2.810077197,0.6787358600000001,0,2,False
2018-05-09,La Liga,Barcelona,Villarreal,2.9111367,1.2547959039999999,1.2547959039999999,2.9111367,5,1,False
2018-01-07,La Liga,Barcelona,Levante UD,2.366960571,0.6839044460000001,0.6839044460000001,2.366960571,3,0,False
2018-01-21,La Liga,Real Betis,Barcelona,0.348158176,2.218575591,2.218575591,0.348158176,0,5,False
2018-04-07,La Liga,Barcelona,Leganés,2.236896885,0.65573611,0.65573611,2.236896885,3,1,False
2018-02-04,La Liga,Espanyol,Barcelona,0.5659254220000001,0.827279913,0.827279913,0.5659254220000001,1,1,False
2018-03-31,La Liga,Sevilla,Barcelona,2.6078045823,2.052047065,2.052047065,2.6078045823,2,2,False
2018-02-11,La Liga,Barcelona,Getafe,0.953258331,0.39453325749999996,0.39453325749999996,0.953258331,0,0,False
2018-03-04,La Liga,Barcelona,Atlético Madrid,1.0886138696999998,0.1949915093,0.1949915093,1.0886138696999998,1,0,False
2018-02-24,La Liga,Barcelona,Girona,2.643734277,0.765066592,0.765066592,2.643734277,6,1,False
2018-01-28,La Liga,Barcelona,Deportivo Alavés,2.2385854243,0.7808859424,0.7808859424,2.2385854243,2,1,False
2018-05-20,La Liga,Barcelona,Real Sociedad,1.26810036,0.685541521,0.685541521,1.26810036,1,0,False
2018-01-14,La Liga,Real Sociedad,Barcelona,0.8557110539999999,1.156127867,1.156127867,0.8557110539999999,2,4,False
2018-04-17,La Liga,Celta Vigo,Barcelona,2.4107103049999994,2.129271155,2.129271155,2.4107103049999994,2,2,False
2020-10-31,La Liga,Deportivo Alavés,Barcelona,1.128524181,2.0911299490000004,2.0911299490000004,1.128524181,1,1,False
2021-01-09,La Liga,Granada,Barcelona,0.450979546,1.4928263960000003,1.4928263960000003,0.450979546,0,4,False
2021-05-16,La Liga,Barcelona,Celta Vigo,2.159081824,0.729653214,0.729653214,2.159081824,1,2,False
2021-02-07,La Liga,Real Betis,Barcelona,1.3950677189999998,0.9875746009999999,0.9875746009999999,1.3950677189999998,2,2,False
2021-03-06,La Liga,Osasuna,Barcelona,1.2082273140000002,1.056926099,1.056926099,1.2082273140000002,0,2,False
2021-04-10,La Liga,Real Madrid,Barcelona,1.321765321,1.494463878,1.494463878,1.321765321,2,1,False
2020-12-13,La Liga,Barcelona,Levante UD,2.0589936109999996,0.736227611,0.736227611,2.0589936109999996,1,0,False
2020-09-27,La Liga,Barcelona,Villarreal,2.6873112679999998,0.1825146875,0.1825146875,2.6873112679999998,3,0,False
2020-10-01,La Liga,Celta Vigo,Barcelona,0.46619188860000005,0.739652598,0.739652598,0.46619188860000005,0,2,False
2020-10-24,La Liga,Barcelona,Real Madrid,1.2488722015,2.9000679519999997,2.9000679519999997,1.2488722015,1,3,False
2021-01-03,La Liga,Huesca,Barcelona,0.387724143,2.5087607010000004,2.5087607010000004,0.387724143,0,1,False
2020-10-04,La Liga,Barcelona,Sevilla,1.6534482454000001,0.688010283,0.688010283,1.6534482454000001,1,1,False
2020-10-17,La Liga,Getafe,Barcelona,1.652100625,0.7843558220000001,0.7843558220000001,1.652100625,1,0,False
2020-11-21,La Liga,Atlético Madrid,Barcelona,0.5629302270000001,0.954291622,0.954291622,0.5629302270000001,1,0,False
2020-12-19,La Liga,Barcelona,Valencia,2.893558679,1.637535147,1.637535147,2.893558679,2,2,False
2021-04-29,La Liga,Barcelona,Granada,1.233171613,0.535677516,0.535677516,1.233171613,1,2,False
2021-05-08,La Liga,Barcelona,Atlético Madrid,0.864885166,0.55558012,0.55558012,0.864885166,0,0,False
2021-05-11,La Liga,Levante UD,Barcelona,1.017280621,2.813838268,2.813838268,1.017280621,3,3,False
2021-05-02,La Liga,Valencia,Barcelona,1.3016094040000001,3.0856501890000003,3.0856501890000003,1.3016094040000001,2,3,False
2021-03-15,La Liga,Barcelona,Huesca,0.95751025,2.101564256,2.101564256,0.95751025,4,1,False
2021-04-22,La Liga,Barcelona,Getafe,1.6198782499999997,1.502712756,1.502712756,1.6198782499999997,4,1,False
2021-03-21,La Liga,Real Sociedad,Barcelona,0.6805954160000001,2.7190648429999995,2.7190648429999995,0.6805954160000001,1,6,False
2020-12-16,La Liga,Barcelona,Real Sociedad,2.6482608960000005,1.9268283419999999,1.9268283419999999,2.6482608960000005,2,1,False
2020-12-22,La Liga,Real Valladolid,Barcelona,0.6726382205,3.557734448999999,3.557734448999999,0.6726382205,0,3,False
2020-12-05,La Liga,Cádiz,Barcelona,2.2947186695999995,1.528829837,1.528829837,2.2947186695999995,2,0,False
2021-01-06,La Liga,Athletic Club,Barcelona,0.841487605,1.4724851283,1.4724851283,0.841487605,2,3,False
2021-02-13,La Liga,Barcelona,Deportivo Alavés,2.692579604,0.609192384,0.609192384,2.692579604,5,1,False
2021-04-05,La Liga,Barcelona,Real Valladolid,1.8230445149999999,0.354709277,0.354709277,1.8230445149999999,1,0,False
2021-02-27,La Liga,Sevilla,Barcelona,0.089311511,1.92933905,1.92933905,0.089311511,0,2,False
2021-01-31,La Liga,Barcelona,Athletic Club,1.7285390559999998,0.22678602899999997,0.22678602899999997,1.7285390559999998,2,0,False
2020-11-29,La Liga,Barcelona,Osasuna,4.178242825,1.1067934193,1.1067934193,4.178242825,4,0,False
2021-02-21,La Liga,Barcelona,Cádiz,2.1455778609999996,1.0836837049999999,1.0836837049999999,2.1455778609999996,1,1,False
2021-02-24,La Liga,Barcelona,Elche,2.70108426,0.670472064,0.670472064,2.70108426,3,0,False
2021-04-25,La Liga,Villarreal,Barcelona,1.3720789489999998,3.3227739440000006,3.3227739440000006,1.3720789489999998,1,2,False
2020-11-07,La Liga,Barcelona,Real Betis,4.186569146,1.005236781,1.005236781,4.186569146,5,2,False
2018-09-15,La Liga,Real Sociedad,Barcelona,0.914412035,1.398165227,1.398165227,0.914412035,1,2,False
2018-09-26,La Liga,Leganés,Barcelona,1.070911462,0.552077237,0.552077237,1.070911462,2,1,False
2018-10-20,La Liga,Barcelona,Sevilla,2.3974202783,1.6889730939999998,1.6889730939999998,2.3974202783,4,1,False
2018-11-24,La Liga,Atlético Madrid,Barcelona,0.141969905,0.296478192,0.296478192,0.141969905,1,1,False
2018-12-08,La Liga,Espanyol,Barcelona,1.224688889,2.3132187269999998,2.3132187269999998,1.224688889,0,4,False
2019-02-23,La Liga,Sevilla,Barcelona,1.122434296,1.6004439970000002,1.6004439970000002,1.122434296,2,4,False
2018-12-22,La Liga,Barcelona,Celta Vigo,1.134397363,0.8996077410000002,0.8996077410000002,1.134397363,2,0,False
2019-01-06,La Liga,Getafe,Barcelona,1.5908359879999998,1.7478493249999998,1.7478493249999998,1.5908359879999998,1,2,False
2019-02-16,La Liga,Barcelona,Real Valladolid,3.6615278740000003,0.44353789800000004,0.44353789800000004,3.6615278740000003,1,0,False
2019-03-17,La Liga,Real Betis,Barcelona,1.007864181,2.0506601239999998,2.0506601239999998,1.007864181,1,4,False
2019-02-10,La Liga,Athletic Club,Barcelona,1.35796548,0.49470533400000005,0.49470533400000005,1.35796548,0,0,False
2019-04-20,La Liga,Barcelona,Real Sociedad,1.245622556,0.8769487859999999,0.8769487859999999,1.245622556,2,1,False
2018-08-18,La Liga,Barcelona,Deportivo Alavés,2.6599242,0.292109614,0.292109614,2.6599242,3,0,False
2019-02-02,La Liga,Barcelona,Valencia,1.6903835110000003,2.4418723389999997,2.4418723389999997,1.6903835110000003,2,2,False
2019-01-20,La Liga,Barcelona,Leganés,1.74555982,0.6695991617,0.6695991617,1.74555982,3,1,False
2019-04-06,La Liga,Barcelona,Atlético Madrid,1.9246822670000001,0.5219108577,0.5219108577,1.9246822670000001,2,0,False
2018-11-11,La Liga,Barcelona,Real Betis,4.172701368999999,2.0215838760000002,2.0215838760000002,4.172701368999999,3,4,False
2019-04-27,La Liga,Barcelona,Levante UD,1.7492327290000003,0.7343230099999999,0.7343230099999999,1.7492327290000003,1,0,False
2018-12-02,La Liga,Barcelona,Villarreal,1.083847735,0.8975263569999998,0.8975263569999998,1.083847735,2,0,False
2019-01-27,La Liga,Girona,Barcelona,1.212639442,1.906738469,1.906738469,1.212639442,0,2,False
2019-04-23,La Liga,Deportivo Alavés,Barcelona,0.41362018800000006,2.265581007,2.265581007,0.41362018800000006,0,2,False
2018-09-02,La Liga,Barcelona,Huesca,4.513569743,1.264742864,1.264742864,4.513569743,7,2,False
2019-05-19,La Liga,Eibar,Barcelona,1.4778042919999999,0.7572143847999999,0.7572143847999999,1.4778042919999999,2,2,False
2019-01-13,La Liga,Barcelona,Eibar,1.16775373,0.9653471840000001,0.9653471840000001,1.16775373,3,0,False
2019-03-09,La Liga,Barcelona,Rayo Vallecano,2.619028352,0.36264784850000004,0.36264784850000004,2.619028352,3,1,False
2018-12-16,La Liga,Levante UD,Barcelona,1.1649570939999998,2.9769174072,2.9769174072,1.1649570939999998,0,5,False
2019-05-12,La Liga,Barcelona,Getafe,2.040483553,0.9995465319999999,0.9995465319999999,2.040483553,1,0,False
2018-09-29,La Liga,Barcelona,Athletic Club,2.7532440959999995,0.48522814999999997,0.48522814999999997,2.7532440959999995,1,1,False
2018-09-23,La Liga,Barcelona,Girona,1.502485224,1.069202315,1.069202315,1.502485224,2,2,False
2019-04-02,La Liga,Villarreal,Barcelona,2.572822366,2.295202509,2.295202509,2.572822366,4,4,False
2018-10-07,La Liga,Valencia,Barcelona,1.376319467,0.3969471124999999,0.3969471124999999,1.376319467,1,1,False
2019-03-02,La Liga,Real Madrid,Barcelona,1.0888610150000002,1.2611960085000002,1.2611960085000002,1.0888610150000002,0,1,False
2018-08-25,La Liga,Real Valladolid,Barcelona,0.33820088000000004,0.758222371,0.758222371,0.33820088000000004,0,1,False
2019-03-30,La Liga,Barcelona,Espanyol,1.059880911,0.179885682,0.179885682,1.059880911,2,0,False
2020-02-22,La Liga,Barcelona,Eibar,3.9769319509999996,0.6710336225000001,0.6710336225000001,3.9769319509999996,5,0,False
2020-06-16,La Liga,Barcelona,Leganés,1.594327035,0.756958526,0.756958526,1.594327035,2,0,False
2020-06-27,La Liga,Celta Vigo,Barcelona,2.589303723,1.817078918,1.817078918,2.589303723,2,2,False
2019-12-18,La Liga,Barcelona,Real Madrid,0.7199253219999999,0.9542925625,0.9542925625,0.7199253219999999,0,0,False
2019-09-24,La Liga,Barcelona,Villarreal,0.6120868939999999,0.543885724,0.543885724,0.6120868939999999,2,1,False
2020-07-05,La Liga,Villarreal,Barcelona,0.912594162,2.567198417,2.567198417,0.912594162,1,3,False
2019-11-02,La Liga,Levante UD,Barcelona,0.8460165719999999,2.1390446429999996,2.1390446429999996,0.8460165719999999,3,1,False
2019-12-07,La Liga,Barcelona,Mallorca,3.2707426254999987,1.050319794,1.050319794,3.2707426254999987,5,2,False
2019-12-14,La Liga,Real Sociedad,Barcelona,2.787577904000001,1.91304468,1.91304468,2.787577904000001,2,2,False
2020-02-02,La Liga,Barcelona,Levante UD,2.9258208420000007,1.420192558,1.420192558,2.9258208420000007,2,1,False
2020-01-25,La Liga,Valencia,Barcelona,1.2827696740000003,1.165431627,1.165431627,1.2827696740000003,2,0,False
2020-07-16,La Liga,Barcelona,Osasuna,1.0125385055999998,0.4741186025,0.4741186025,1.0125385055999998,1,2,False
2020-07-19,La Liga,Deportivo Alavés,Barcelona,0.406357612,2.913145846,2.913145846,0.406357612,0,5,False
2020-06-23,La Liga,Barcelona,Athletic Club,1.6754328889999999,0.688305282,0.688305282,1.6754328889999999,1,0,False
2020-07-11,La Liga,Real Valladolid,Barcelona,0.7673825240000001,1.2266906060000002,1.2266906060000002,0.7673825240000001,0,1,False
2020-03-07,La Liga,Barcelona,Real Sociedad,1.9346501789999997,0.658936379,0.658936379,1.9346501789999997,1,0,False
2020-07-08,La Liga,Barcelona,Espanyol,1.155459763,0.7635460445,0.7635460445,1.155459763,1,0,False
2020-06-30,La Liga,Barcelona,Atlético Madrid,1.477656265,1.9883945812999997,1.9883945812999997,1.477656265,1,2,False
2019-11-09,La Liga,Barcelona,Celta Vigo,1.558700034,0.26777825549999995,0.26777825549999995,1.558700034,4,1,False
2019-10-29,La Liga,Barcelona,Real Valladolid,2.382540813,0.526865874,0.526865874,2.382540813,5,1,False
2020-06-13,La Liga,Mallorca,Barcelona,0.771835227,2.068523223,2.068523223,0.771835227,0,4,False
2020-01-04,La Liga,Espanyol,Barcelona,0.420332712,1.4762220425,1.4762220425,0.420332712,2,2,False
2020-06-19,La Liga,Sevilla,Barcelona,0.5237576829999999,0.5060273670000001,0.5060273670000001,0.5237576829999999,0,0,False
2020-03-01,La Liga,Real Madrid,Barcelona,0.86527403,1.069344716,1.069344716,0.86527403,2,0,False
2019-10-19,La Liga,Eibar,Barcelona,0.327932219,1.4085941777000002,1.4085941777000002,0.327932219,0,3,False
2020-02-09,La Liga,Real Betis,Barcelona,1.0949722132,1.4341765000000002,1.4341765000000002,1.0949722132,2,3,False
2019-09-21,La Liga,Granada,Barcelona,1.8489029273,0.5349524370000001,0.5349524370000001,1.8489029273,2,0,False
2019-11-23,La Liga,Leganés,Barcelona,0.35129232200000005,1.598676625,1.598676625,0.35129232200000005,1,2,False
2020-02-15,La Liga,Barcelona,Getafe,1.6572169520000002,0.748722662,0.748722662,1.6572169520000002,2,1,False
2019-12-01,La Liga,Atlético Madrid,Barcelona,1.2149636990000003,0.931063791,0.931063791,1.2149636990000003,0,1,False
2019-12-21,La Liga,Barcelona,Deportivo Alavés,1.5926148169999998,0.545430767,0.545430767,1.5926148169999998,4,1,False
2020-01-19,La Liga,Barcelona,Granada,1.5407311209999999,0.218909804,0.218909804,1.5407311209999999,1,0,False
2019-10-06,La Liga,Barcelona,Sevilla,1.4673041635,1.7253259230000002,1.7253259230000002,1.4673041635,4,0,False
2018-04-14,La Liga,Barcelona,Valencia,1.631784803,2.2189510705999997,2.2189510705999997,1.631784803,2,1,False
2018-04-29,La Liga,RC Deportivo La Coruña,Barcelona,2.2408726459999997,3.196088814,3.196088814,2.2408726459999997,2,4,False
2018-05-06,La Liga,Barcelona,Real Madrid,1.013568059,1.7654616890000001,1.7654616890000001,1.013568059,2,2,False
2018-03-18,La Liga,Barcelona,Athletic Club,1.5272114850000003,0.634935711,0.634935711,1.5272114850000003,2,0,False
2018-03-01,La Liga,Las Palmas,Barcelona,1.2387656795000002,1.0450223339999998,1.0450223339999998,1.2387656795000002,1,1,False
2018-02-17,La Liga,Eibar,Barcelona,0.6787358600000001,2.810077197,2.810077197,0.6787358600000001,0,2,False
2018-05-09,La Liga,Barcelona,Villarreal,2.9111367,1.2547959039999999,1.2547959039999999,2.9111367,5,1,False
2018-01-07,La Liga,Barcelona,Levante UD,2.366960571,0.6839044460000001,0.6839044460000001,2.366960571,3,0,False
2018-01-21,La Liga,Real Betis,Barcelona,0.348158176,2.218575591,2.218575591,0.348158176,0,5,False
2018-04-07,La Liga,Barcelona,Leganés,2.236896885,0.65573611,0.65573611,2.236896885,3,1,False
2018-02-04,La Liga,Espanyol,Barcelona,0.5659254220000001,0.827279913,0.827279913,0.5659254220000001,1,1,False
2018-03-31,La Liga,Sevilla,Barcelona,2.6078045823,2.052047065,2.052047065,2.6078045823,2,2,False
2018-02-11,La Liga,Barcelona,Getafe,0.953258331,0.39453325749999996,0.39453325749999996,0.953258331,0,0,False
2018-03-04,La Liga,Barcelona,Atlético Madrid,1.0886138696999998,0.1949915093,0.1949915093,1.0886138696999998,1,0,False
2018-02-24,La Liga,Barcelona,Girona,2.643734277,0.765066592,0.765066592,2.643734277,6,1,False
2018-01-28,La Liga,Barcelona,Deportivo Alavés,2.2385854243,0.7808859424,0.7808859424,2.2385854243,2,1,False
2018-05-20,La Liga,Barcelona,Real Sociedad,1.26810036,0.685541521,0.685541521,1.26810036,1,0,False
2018-01-14,La Liga,Real Sociedad,Barcelona,0.8557110539999999,1.156127867,1.156127867,0.8557110539999999,2,4,False
2018-04-17,La Liga,Celta Vigo,Barcelona,2.4107103049999994,2.129271155,2.129271155,2.4107103049999994,2,2,False
2020-10-31,La Liga,Deportivo Alavés,Barcelona,1.128524181,2.0911299490000004,2.0911299490000004,1.128524181,1,1,False
2021-01-09,La Liga,Granada,Barcelona,0.450979546,1.4928263960000003,1.4928263960000003,0.450979546,0,4,False
2021-05-16,La Liga,Barcelona,Celta Vigo,2.159081824,0.729653214,0.729653214,2.159081824,1,2,False
2021-02-07,La Liga,Real Betis,Barcelona,1.3950677189999998,0.9875746009999999,0.9875746009999999,1.3950677189999998,2,2,False
2021-03-06,La Liga,Osasuna,Barcelona,1.2082273140000002,1.056926099,1.056926099,1.2082273140000002,0,2,False
2021-04-10,La Liga,Real Madrid,Barcelona,1.321765321,1.494463878,1.494463878,1.321765321,2,1,False
2020-12-13,La Liga,Barcelona,Levante UD,2.0589936109999996,0.736227611,0.736227611,2.0589936109999996,1,0,False
2020-09-27,La Liga,Barcelona,Villarreal,2.6873112679999998,0.1825146875,0.1825146875,2.6873112679999998,3,0,False
2020-10-01,La Liga,Celta Vigo,Barcelona,0.46619188860000005,0.739652598,0.739652598,0.46619188860000005,0,2,False
2020-10-24,La Liga,Barcelona,Real Madrid,1.2488722015,2.9000679519999997,2.9000679519999997,1.2488722015,1,3,False
2021-01-03,La Liga,Huesca,Barcelona,0.387724143,2.5087607010000004,2.5087607010000004,0.387724143,0,1,False
2020-10-04,La Liga,Barcelona,Sevilla,1.6534482454000001,0.688010283,0.688010283,1.6534482454000001,1,1,False
2020-10-17,La Liga,Getafe,Barcelona,1.652100625,0.7843558220000001,0.7843558220000001,1.652100625,1,0,False
2020-11-21,La Liga,Atlético Madrid,Barcelona,0.5629302270000001,0.954291622,0.954291622,0.5629302270000001,1,0,False
2020-12-19,La Liga,Barcelona,Valencia,2.893558679,1.637535147,1.637535147,2.893558679,2,2,False
2021-04-29,La Liga,Barcelona,Granada,1.233171613,0.535677516,0.535677516,1.233171613,1,2,False
2021-05-08,La Liga,Barcelona,Atlético Madrid,0.864885166,0.55558012,0.55558012,0.864885166,0,0,False
2021-05-11,La Liga,Levante UD,Barcelona,1.017280621,2.813838268,2.813838268,1.017280621,3,3,False
2021-05-02,La Liga,Valencia,Barcelona,1.3016094040000001,3.0856501890000003,3.0856501890000003,1.3016094040000001,2,3,False
2021-03-15,La Liga,Barcelona,Huesca,0.95751025,2.101564256,2.101564256,0.95751025,4,1,False
2021-04-22,La Liga,Barcelona,Getafe,1.6198782499999997,1.502712756,1.502712756,1.6198782499999997,4,1,False
2021-03-21,La Liga,Real Sociedad,Barcelona,0.6805954160000001,2.7190648429999995,2.7190648429999995,0.6805954160000001,1,6,False
2020-12-16,La Liga,Barcelona,Real Sociedad,2.6482608960000005,1.9268283419999999,1.9268283419999999,2.6482608960000005,2,1,False
2020-12-22,La Liga,Real Valladolid,Barcelona,0.6726382205,3.557734448999999,3.557734448999999,0.6726382205,0,3,False
2020-12-05,La Liga,Cádiz,Barcelona,2.2947186695999995,1.528829837,1.528829837,2.2947186695999995,2,0,False
2021-01-06,La Liga,Athletic Club,Barcelona,0.841487605,1.4724851283,1.4724851283,0.841487605,2,3,False
2021-02-13,La Liga,Barcelona,Deportivo Alavés,2.692579604,0.609192384,0.609192384,2.692579604,5,1,False
2021-04-05,La Liga,Barcelona,Real Valladolid,1.8230445149999999,0.354709277,0.354709277,1.8230445149999999,1,0,False
2021-02-27,La Liga,Sevilla,Barcelona,0.089311511,1.92933905,1.92933905,0.089311511,0,2,False
2021-01-31,La Liga,Barcelona,Athletic Club,1.7285390559999998,0.22678602899999997,0.22678602899999997,1.7285390559999998,2,0,False
2020-11-29,La Liga,Barcelona,Osasuna,4.178242825,1.1067934193,1.1067934193,4.178242825,4,0,False
2021-02-21,La Liga,Barcelona,Cádiz,2.1455778609999996,1.0836837049999999,1.0836837049999999,2.1455778609999996,1,1,False
2021-02-24,La Liga,Barcelona,Elche,2.70108426,0.670472064,0.670472064,2.70108426,3,0,False
2021-04-25,La Liga,Villarreal,Barcelona,1.3720789489999998,3.3227739440000006,3.3227739440000006,1.3720789489999998,1,2,False
2020-11-07,La Liga,Barcelona,Real Betis,4.186569146,1.005236781,1.005236781,4.186569146,5,2,False
2018-09-15,La Liga,Real Sociedad,Barcelona,0.914412035,1.398165227,1.398165227,0.914412035,1,2,False
2018-09-26,La Liga,Leganés,Barcelona,1.070911462,0.552077237,0.552077237,1.070911462,2,1,False
2018-10-20,La Liga,Barcelona,Sevilla,2.3974202783,1.6889730939999998,1.6889730939999998,2.3974202783,4,1,False
2018-11-24,La Liga,Atlético Madrid,Barcelona,0.141969905,0.296478192,0.296478192,0.141969905,1,1,False
2018-12-08,La Liga,Espanyol,Barcelona,1.224688889,2.3132187269999998,2.3132187269999998,1.224688889,0,4,False
2019-02-23,La Liga,Sevilla,Barcelona,1.122434296,1.6004439970000002,1.6004439970000002,1.122434296,2,4,False
2018-12-22,La Liga,Barcelona,Celta Vigo,1.134397363,0.8996077410000002,0.8996077410000002,1.134397363,2,0,False
2019-01-06,La Liga,Getafe,Barcelona,1.5908359879999998,1.7478493249999998,1.7478493249999998,1.5908359879999998,1,2,False
2019-02-16,La Liga,Barcelona,Real Valladolid,3.6615278740000003,0.44353789800000004,0.44353789800000004,3.6615278740000003,1,0,False
2019-03-17,La Liga,Real Betis,Barcelona,1.007864181,2.0506601239999998,2.0506601239999998,1.007864181,1,4,False
2019-02-10,La Liga,Athletic Club,Barcelona,1.35796548,0.49470533400000005,0.49470533400000005,1.35796548,0,0,False
2019-04-20,La Liga,Barcelona,Real Sociedad,1.245622556,0.8769487859999999,0.8769487859999999,1.245622556,2,1,False
2018-08-18,La Liga,Barcelona,Deportivo Alavés,2.6599242,0.292109614,0.292109614,2.6599242,3,0,False
2019-02-02,La Liga,Barcelona,Valencia,1.6903835110000003,2.4418723389999997,2.4418723389999997,1.6903835110000003,2,2,False
2019-01-20,La Liga,Barcelona,Leganés,1.74555982,0.6695991617,0.6695991617,1.74555982,3,1,False
2019-04-06,La Liga,Barcelona,Atlético Madrid,1.9246822670000001,0.5219108577,0.5219108577,1.9246822670000001,2,0,False
2018-11-11,La Liga,Barcelona,Real Betis,4.172701368999999,2.0215838760000002,2.0215838760000002,4.172701368999999,3,4,False
2019-04-27,La Liga,Barcelona,Levante UD,1.7492327290000003,0.7343230099999999,0.7343230099999999,1.7492327290000003,1,0,False
2018-12-02,La Liga,Barcelona,Villarreal,1.083847735,0.8975263569999998,0.8975263569999998,1.083847735,2,0,False
2019-01-27,La Liga,Girona,Barcelona,1.212639442,1.906738469,1.906738469,1.212639442,0,2,False
2019-04-23,La Liga,Deportivo Alavés,Barcelona,0.41362018800000006,2.265581007,2.265581007,0.41362018800000006,0,2,False
2018-09-02,La Liga,Barcelona,Huesca,4.513569743,1.264742864,1.264742864,4.513569743,7,2,False
2019-05-19,La Liga,Eibar,Barcelona,1.4778042919999999,0.7572143847999999,0.7572143847999999,1.4778042919999999,2,2,False
2019-01-13,La Liga,Barcelona,Eibar,1.16775373,0.9653471840000001,0.9653471840000001,1.16775373,3,0,False
2019-03-09,La Liga,Barcelona,Rayo Vallecano,2.619028352,0.36264784850000004,0.36264784850000004,2.619028352,3,1,False
2018-12-16,La Liga,Levante UD,Barcelona,1.1649570939999998,2.9769174072,2.9769174072,1.1649570939999998,0,5,False
2019-05-12,La Liga,Barcelona,Getafe,2.040483553,0.9995465319999999,0.9995465319999999,2.040483553,1,0,False
2018-09-29,La Liga,Barcelona,Athletic Club,2.7532440959999995,0.48522814999999997,0.48522814999999997,2.7532440959999995,1,1,False
2018-09-23,La Liga,Barcelona,Girona,1.502485224,1.069202315,1.069202315,1.502485224,2,2,False
2019-04-02,La Liga,Villarreal,Barcelona,2.572822366,2.295202509,2.295202509,2.572822366,4,4,False
2018-10-07,La Liga,Valencia,Barcelona,1.376319467,0.3969471124999999,0.3969471124999999,1.376319467,1,1,False
2019-03-02,La Liga,Real Madrid,Barcelona,1.0888610150000002,1.2611960085000002,1.2611960085000002,1.0888610150000002,0,1,False
2018-08-25,La Liga,Real Valladolid,Barcelona,0.33820088000000004,0.758222371,0.758222371,0.33820088000000004,0,1,False
2019-03-30,La Liga,Barcelona,Espanyol,1.059880911,0.179885682,0.179885682,1.059880911,2,0,False
2020-02-22,La Liga,Barcelona,Eibar,3.9769319509999996,0.6710336225000001,0.6710336225000001,3.9769319509999996,5,0,False
2020-06-16,La Liga,Barcelona,Leganés,1.594327035,0.756958526,0.756958526,1.594327035,2,0,False
2020-06-27,La Liga,Celta Vigo,Barcelona,2.589303723,1.817078918,1.817078918,2.589303723,2,2,False
2019-12-18,La Liga,Barcelona,Real Madrid,0.7199253219999999,0.9542925625,0.9542925625,0.7199253219999999,0,0,False
2019-09-24,La Liga,Barcelona,Villarreal,0.6120868939999999,0.543885724,0.543885724,0.6120868939999999,2,1,False
2020-07-05,La Liga,Villarreal,Barcelona,0.912594162,2.567198417,2.567198417,0.912594162,1,3,False
2019-11-02,La Liga,Levante UD,Barcelona,0.8460165719999999,2.1390446429999996,2.1390446429999996,0.8460165719999999,3,1,False
2019-12-07,La Liga,Barcelona,Mallorca,3.2707426254999987,1.050319794,1.050319794,3.2707426254999987,5,2,False
2019-12-14,La Liga,Real Sociedad,Barcelona,2.787577904000001,1.91304468,1.91304468,2.787577904000001,2,2,False
2020-02-02,La Liga,Barcelona,Levante UD,2.9258208420000007,1.420192558,1.420192558,2.9258208420000007,2,1,False
2020-01-25,La Liga,Valencia,Barcelona,1.2827696740000003,1.165431627,1.165431627,1.2827696740000003,2,0,False
2020-07-16,La Liga,Barcelona,Osasuna,1.0125385055999998,0.4741186025,0.4741186025,1.0125385055999998,1,2,False
2020-07-19,La Liga,Deportivo Alavés,Barcelona,0.406357612,2.913145846,2.913145846,0.406357612,0,5,False
2020-06-23,La Liga,Barcelona,Athletic Club,1.6754328889999999,0.688305282,0.688305282,1.6754328889999999,1,0,False
2020-07-11,La Liga,Real Valladolid,Barcelona,0.7673825240000001,1.2266906060000002,1.2266906060000002,0.7673825240000001,0,1,False
2020-03-07,La Liga,Barcelona,Real Sociedad,1.9346501789999997,0.658936379,0.658936379,1.9346501789999997,1,0,False
2020-07-08,La Liga,Barcelona,Espanyol,1.155459763,0.7635460445,0.7635460445,1.155459763,1,0,False
2020-06-30,La Liga,Barcelona,Atlético Madrid,1.477656265,1.9883945812999997,1.9883945812999997,1.477656265,1,2,False
2019-11-09,La Liga,Barcelona,Celta Vigo,1.558700034,0.26777825549999995,0.26777825549999995,1.558700034,4,1,False
2019-10-29,La Liga,Barcelona,Real Valladolid,2.382540813,0.526865874,0.526865874,2.382540813,5,1,False
2020-06-13,La Liga,Mallorca,Barcelona,0.771835227,2.068523223,2.068523223,0.771835227,0,4,False
2020-01-04,La Liga,Espanyol,Barcelona,0.420332712,1.4762220425,1.4762220425,0.420332712,2,2,False
2020-06-19,La Liga,Sevilla,Barcelona,0.5237576829999999,0.5060273670000001,0.5060273670000001,0.5237576829999999,0,0,False
2020-03-01,La Liga,Real Madrid,Barcelona,0.86527403,1.069344716,1.069344716,0.86527403,2,0,False
2019-10-19,La Liga,Eibar,Barcelona,0.327932219,1.4085941777000002,1.4085941777000002,0.327932219,0,3,False
2020-02-09,La Liga,Real Betis,Barcelona,1.0949722132,1.4341765000000002,1.4341765000000002,1.0949722132,2,3,False
2019-09-21,La Liga,Granada,Barcelona,1.8489029273,0.5349524370000001,0.5349524370000001,1.8489029273,2,0,False
2019-11-23,La Liga,Leganés,Barcelona,0.35129232200000005,1.598676625,1.598676625,0.35129232200000005,1,2,False
2020-02-15,La Liga,Barcelona,Getafe,1.6572169520000002,0.748722662,0.748722662,1.6572169520000002,2,1,False
2019-12-01,La Liga,Atlético Madrid,Barcelona,1.2149636990000003,0.931063791,0.931063791,1.2149636990000003,0,1,False
2019-12-21,La Liga,Barcelona,Deportivo Alavés,1.5926148169999998,0.545430767,0.545430767,1.5926148169999998,4,1,False
2020-01-19,La Liga,Barcelona,Granada,1.5407311209999999,0.218909804,0.218909804,1.5407311209999999,1,0,False
2019-10-06,La Liga,Barcelona,Sevilla,1.4673041635,1.7253259230000002,1.7253259230000002,1.4673041635,4,0,False
2018-04-14,La Liga,Barcelona,Valencia,1.631784803,2.2189510705999997,2.2189510705999997,1.631784803,2,1,False
2018-04-29,La Liga,RC Deportivo La Coruña,Barcelona,2.2408726459999997,3.196088814,3.196088814,2.2408726459999997,2,4,False
2018-05-06,La Liga,Barcelona,Real Madrid,1.013568059,1.7654616890000001,1.7654616890000001,1.013568059,2,2,False
2018-03-18,La Liga,Barcelona,Athletic Club,1.5272114850000003,0.634935711,0.634935711,1.5272114850000003,2,0,False
2018-03-01,La Liga,Las Palmas,Barcelona,1.2387656795000002,1.0450223339999998,1.0450223339999998,1.2387656795000002,1,1,False
2018-02-17,La Liga,Eibar,Barcelona,0.6787358600000001,2.810077197,2.810077197,0.6787358600000001,0,2,False
2018-05-09,La Liga,Barcelona,Villarreal,2.9111367,1.2547959039999999,1.2547959039999999,2.9111367,5,1,False
2018-01-07,La Liga,Barcelona,Levante UD,2.366960571,0.6839044460000001,0.6839044460000001,2.366960571,3,0,False
2018-01-21,La Liga,Real Betis,Barcelona,0.348158176,2.218575591,2.218575591,0.348158176,0,5,False
2018-04-07,La Liga,Barcelona,Leganés,2.236896885,0.65573611,0.65573611,2.236896885,3,1,False
2018-02-04,La Liga,Espanyol,Barcelona,0.5659254220000001,0.827279913,0.827279913,0.5659254220000001,1,1,False
2018-03-31,La Liga,Sevilla,Barcelona,2.6078045823,2.052047065,2.052047065,2.6078045823,2,2,False
2018-02-11,La Liga,Barcelona,Getafe,0.953258331,0.39453325749999996,0.39453325749999996,0.953258331,0,0,False
2018-03-04,La Liga,Barcelona,Atlético Madrid,1.0886138696999998,0.1949915093,0.1949915093,1.0886138696999998,1,0,False
2018-02-24,La Liga,Barcelona,Girona,2.643734277,0.765066592,0.765066592,2.643734277,6,1,False
2018-01-28,La Liga,Barcelona,Deportivo Alavés,2.2385854243,0.7808859424,0.7808859424,2.2385854243,2,1,False
2018-05-20,La Liga,Barcelona,Real Sociedad,1.26810036,0.685541521,0.685541521,1.26810036,1,0,False
2018-01-14,La Liga,Real Sociedad,Barcelona,0.8557110539999999,1.156127867,1.156127867,0.8557110539999999,2,4,False
2018-04-17,La Liga,Celta Vigo,Barcelona,2.4107103049999994,2.129271155,2.129271155,2.4107103049999994,2,2,False
2020-10-31,La Liga,Deportivo Alavés,Barcelona,1.128524181,2.0911299490000004,2.0911299490000004,1.128524181,1,1,False
2021-01-09,La Liga,Granada,Barcelona,0.450979546,1.4928263960000003,1.4928263960000003,0.450979546,0,4,False
2021-05-16,La Liga,Barcelona,Celta Vigo,2.159081824,0.729653214,0.729653214,2.159081824,1,2,False
2021-02-07,La Liga,Real Betis,Barcelona,1.3950677189999998,0.9875746009999999,0.9875746009999999,1.3950677189999998,2,2,False
2021-03-06,La Liga,Osasuna,Barcelona,1.2082273140000002,1.056926099,1.056926099,1.2082273140000002,0,2,False
2021-04-10,La Liga,Real Madrid,Barcelona,1.321765321,1.494463878,1.494463878,1.321765321,2,1,False
2020-12-13,La Liga,Barcelona,Levante UD,2.0589936109999996,0.736227611,0.736227611,2.0589936109999996,1,0,False
2020-09-27,La Liga,Barcelona,Villarreal,2.6873112679999998,0.1825146875,0.1825146875,2.6873112679999998,3,0,False
2020-10-01,La Liga,Celta Vigo,Barcelona,0.46619188860000005,0.739652598,0.739652598,0.46619188860000005,0,2,False
2020-10-24,La Liga,Barcelona,Real Madrid,1.2488722015,2.9000679519999997,2.9000679519999997,1.2488722015,1,3,False
2021-01-03,La Liga,Huesca,Barcelona,0.387724143,2.5087607010000004,2.5087607010000004,0.387724143,0,1,False
2020-10-04,La Liga,Barcelona,Sevilla,1.6534482454000001,0.688010283,0.688010283,1.6534482454000001,1,1,False
2020-10-17,La Liga,Getafe,Barcelona,1.652100625,0.7843558220000001,0.7843558220000001,1.652100625,1,0,False
2020-11-21,La Liga,Atlético Madrid,Barcelona,0.5629302270000001,0.954291622,0.954291622,0.5629302270000001,1,0,False
2020-12-19,La Liga,Barcelona,Valencia,2.893558679,1.637535147,1.637535147,2.893558679,2,2,False
2021-04-29,La Liga,Barcelona,Granada,1.233171613,0.535677516,0.535677516,1.233171613,1,2,False
2021-05-08,La Liga,Barcelona,Atlético Madrid,0.864885166,0.55558012,0.55558012,0.864885166,0,0,False
2021-05-11,La Liga,Levante UD,Barcelona,1.017280621,2.813838268,2.813838268,1.017280621,3,3,False
2021-05-02,La Liga,Valencia,Barcelona,1.3016094040000001,3.0856501890000003,3.0856501890000003,1.3016094040000001,2,3,False
2021-03-15,La Liga,Barcelona,Huesca,0.95751025,2.101564256,2.101564256,0.95751025,4,1,False
2021-04-22,La Liga,Barcelona,Getafe,1.6198782499999997,1.502712756,1.502712756,1.6198782499999997,4,1,False
2021-03-21,La Liga,Real Sociedad,Barcelona,0.6805954160000001,2.7190648429999995,2.7190648429999995,0.6805954160000001,1,6,False
2020-12-16,La Liga,Barcelona,Real Sociedad,2.6482608960000005,1.9268283419999999,1.9268283419999999,2.6482608960000005,2,1,False
2020-12-22,La Liga,Real Valladolid,Barcelona,0.6726382205,3.557734448999999,3.557734448999999,0.6726382205,0,3,False
2020-12-05,La Liga,Cádiz,Barcelona,2.2947186695999995,1.528829837,1.528829837,2.2947186695999995,2,0,False
2021-01-06,La Liga,Athletic Club,Barcelona,0.841487605,1.4724851283,1.4724851283,0.841487605,2,3,False
2021-02-13,La Liga,Barcelona,Deportivo Alavés,2.692579604,0.609192384,0.609192384,2.692579604,5,1,False
2021-04-05,La Liga,Barcelona,Real Valladolid,1.8230445149999999,0.354709277,0.354709277,1.8230445149999999,1,0,False
2021-02-27,La Liga,Sevilla,Barcelona,0.089311511,1.92933905,1.92933905,0.089311511,0,2,False
2021-01-31,La Liga,Barcelona,Athletic Club,1.7285390559999998,0.22678602899999997,0.22678602899999997,1.7285390559999998,2,0,False
2020-11-29,La Liga,Barcelona,Osasuna,4.178242825,1.1067934193,1.1067934193,4.178242825,4,0,False
2021-02-21,La Liga,Barcelona,Cádiz,2.1455778609999996,1.0836837049999999,1.0836837049999999,2.1455778609999996,1,1,False
2021-02-24,La Liga,Barcelona,Elche,2.70108426,0.670472064,0.670472064,2.70108426,3,0,False
2021-04-25,La Liga,Villarreal,Barcelona,1.3720789489999998,3.3227739440000006,3.3227739440000006,1.3720789489999998,1,2,False
2020-11-07,La Liga,Barcelona,Real Betis,4.186569146,1.005236781,1.005236781,4.186569146,5,2,False
2018-09-15,La Liga,Real Sociedad,Barcelona,0.914412035,1.398165227,1.398165227,0.914412035,1,2,False
2018-09-26,La Liga,Leganés,Barcelona,1.070911462,0.552077237,0.552077237,1.070911462,2,1,False
2018-10-20,La Liga,Barcelona,Sevilla,2.3974202783,1.6889730939999998,1.6889730939999998,2.3974202783,4,1,False
2018-11-24,La Liga,Atlético Madrid,Barcelona,0.141969905,0.296478192,0.296478192,0.141969905,1,1,False
2018-12-08,La Liga,Espanyol,Barcelona,1.224688889,2.3132187269999998,2.3132187269999998,1.224688889,0,4,False
2019-02-23,La Liga,Sevilla,Barcelona,1.122434296,1.6004439970000002,1.6004439970000002,1.122434296,2,4,False
2018-12-22,La Liga,Barcelona,Celta Vigo,1.134397363,0.8996077410000002,0.8996077410000002,1.134397363,2,0,False
2019-01-06,La Liga,Getafe,Barcelona,1.5908359879999998,1.7478493249999998,1.7478493249999998,1.5908359879999998,1,2,False
2019-02-16,La Liga,Barcelona,Real Valladolid,3.6615278740000003,0.44353789800000004,0.44353789800000004,3.6615278740000003,1,0,False
2019-03-17,La Liga,Real Betis,Barcelona,1.007864181,2.0506601239999998,2.0506601239999998,1.007864181,1,4,False
2019-02-10,La Liga,Athletic Club,Barcelona,1.35796548,0.49470533400000005,0.49470533400000005,1.35796548,0,0,False
2019-04-20,La Liga,Barcelona,Real Sociedad,1.245622556,0.8769487859999999,0.8769487859999999,1.245622556,2,1,False
2018-08-18,La Liga,Barcelona,Deportivo Alavés,2.6599242,0.292109614,0.292109614,2.6599242,3,0,False
2019-02-02,La Liga,Barcelona,Valencia,1.6903835110000003,2.4418723389999997,2.4418723389999997,1.6903835110000003,2,2,False
2019-01-20,La Liga,Barcelona,Leganés,1.74555982,0.6695991617,0.6695991617,1.74555982,3,1,False
2019-04-06,La Liga,Barcelona,Atlético Madrid,1.9246822670000001,0.5219108577,0.5219108577,1.9246822670000001,2,0,False
2018-11-11,La Liga,Barcelona,Real Betis,4.172701368999999,2.0215838760000002,2.0215838760000002,4.172701368999999,3,4,False
2019-04-27,La Liga,Barcelona,Levante UD,1.7492327290000003,0.7343230099999999,0.7343230099999999,1.7492327290000003,1,0,False
2018-12-02,La Liga,Barcelona,Villarreal,1.083847735,0.8975263569999998,0.8975263569999998,1.083847735,2,0,False
2019-01-27,La Liga,Girona,Barcelona,1.212639442,1.906738469,1.906738469,1.212639442,0,2,False
2019-04-23,La Liga,Deportivo Alavés,Barcelona,0.41362018800000006,2.265581007,2.265581007,0.41362018800000006,0,2,False
2018-09-02,La Liga,Barcelona,Huesca,4.513569743,1.264742864,1.264742864,4.513569743,7,2,False
2019-05-19,La Liga,Eibar,Barcelona,1.4778042919999999,0.7572143847999999,0.7572143847999999,1.4778042919999999,2,2,False
2019-01-13,La Liga,Barcelona,Eibar,1.16775373,0.9653471840000001,0.9653471840000001,1.16775373,3,0,False
2019-03-09,La Liga,Barcelona,Rayo Vallecano,2.619028352,0.36264784850000004,0.36264784850000004,2.619028352,3,1,False
2018-12-16,La Liga,Levante UD,Barcelona,1.1649570939999998,2.9769174072,2.9769174072,1.1649570939999998,0,5,False
2019-05-12,La Liga,Barcelona,Getafe,2.040483553,0.9995465319999999,0.9995465319999999,2.040483553,1,0,False
2018-09-29,La Liga,Barcelona,Athletic Club,2.7532440959999995,0.48522814999999997,0.48522814999999997,2.7532440959999995,1,1,False
2018-09-23,La Liga,Barcelona,Girona,1.502485224,1.069202315,1.069202315,1.502485224,2,2,False
2019-04-02,La Liga,Villarreal,Barcelona,2.572822366,2.295202509,2.295202509,2.572822366,4,4,False
2018-10-07,La Liga,Valencia,Barcelona,1.376319467,0.3969471124999999,0.3969471124999999,1.376319467,1,1,False
2019-03-02,La Liga,Real Madrid,Barcelona,1.0888610150000002,1.2611960085000002,1.2611960085000002,1.0888610150000002,0,1,False
2018-08-25,La Liga,Real Valladolid,Barcelona,0.33820088000000004,0.758222371,0.758222371,0.33820088000000004,0,1,False
2019-03-30,La Liga,Barcelona,Espanyol,1.059880911,0.179885682,0.179885682,1.059880911,2,0,False
2020-02-22,La Liga,Barcelona,Eibar,3.9769319509999996,0.6710336225000001,0.6710336225000001,3.9769319509999996,5,0,False
2020-06-16,La Liga,Barcelona,Leganés,1.594327035,0.756958526,0.756958526,1.594327035,2,0,False
2020-06-27,La Liga,Celta Vigo,Barcelona,2.589303723,1.817078918,1.817078918,2.589303723,2,2,False
2019-12-18,La Liga,Barcelona,Real Madrid,0.7199253219999999,0.9542925625,0.9542925625,0.7199253219999999,0,0,False
2019-09-24,La Liga,Barcelona,Villarreal,0.6120868939999999,0.543885724,0.543885724,0.6120868939999999,2,1,False
2020-07-05,La Liga,Villarreal,Barcelona,0.912594162,2.567198417,2.567198417,0.912594162,1,3,False
2019-11-02,La Liga,Levante UD,Barcelona,0.8460165719999999,2.1390446429999996,2.1390446429999996,0.8460165719999999,3,1,False
2019-12-07,La Liga,Barcelona,Mallorca,3.2707426254999987,1.050319794,1.050319794,3.2707426254999987,5,2,False
2019-12-14,La Liga,Real Sociedad,Barcelona,2.787577904000001,1.91304468,1.91304468,2.787577904000001,2,2,False
2020-02-02,La Liga,Barcelona,Levante UD,2.9258208420000007,1.420192558,1.420192558,2.9258208420000007,2,1,False
2020-01-25,La Liga,Valencia,Barcelona,1.2827696740000003,1.165431627,1.165431627,1.2827696740000003,2,0,False
2020-07-16,La Liga,Barcelona,Osasuna,1.0125385055999998,0.4741186025,0.4741186025,1.0125385055999998,1,2,False
2020-07-19,La Liga,Deportivo Alavés,Barcelona,0.406357612,2.913145846,2.913145846,0.406357612,0,5,False
2020-06-23,La Liga,Barcelona,Athletic Club,1.6754328889999999,0.688305282,0.688305282,1.6754328889999999,1,0,False
2020-07-11,La Liga,Real Valladolid,Barcelona,0.7673825240000001,1.2266906060000002,1.2266906060000002,0.7673825240000001,0,1,False
2020-03-07,La Liga,Barcelona,Real Sociedad,1.9346501789999997,0.658936379,0.658936379,1.9346501789999997,1,0,False
2020-07-08,La Liga,Barcelona,Espanyol,1.155459763,0.7635460445,0.7635460445,1.155459763,1,0,False
2020-06-30,La Liga,Barcelona,Atlético Madrid,1.477656265,1.9883945812999997,1.9883945812999997,1.477656265,1,2,False
2019-11-09,La Liga,Barcelona,Celta Vigo,1.558700034,0.26777825549999995,0.26777825549999995,1.558700034,4,1,False
2019-10-29,La Liga,Barcelona,Real Valladolid,2.382540813,0.526865874,0.526865874,2.382540813,5,1,False
2020-06-13,La Liga,Mallorca,Barcelona,0.771835227,2.068523223,2.068523223,0.771835227,0,4,False
2020-01-04,La Liga,Espanyol,Barcelona,0.420332712,1.4762220425,1.4762220425,0.420332712,2,2,False
2020-06-19,La Liga,Sevilla,Barcelona,0.5237576829999999,0.5060273670000001,0.5060273670000001,0.5237576829999999,0,0,False
2020-03-01,La Liga,Real Madrid,Barcelona,0.86527403,1.069344716,1.069344716,0.86527403,2,0,False
2019-10-19,La Liga,Eibar,Barcelona,0.327932219,1.4085941777000002,1.4085941777000002,0.327932219,0,3,False
2020-02-09,La Liga,Real Betis,Barcelona,1.0949722132,1.4341765000000002,1.4341765000000002,1.0949722132,2,3,False
2019-09-21,La Liga,Granada,Barcelona,1.8489029273,0.5349524370000001,0.5349524370000001,1.8489029273,2,0,False
2019-11-23,La Liga,Leganés,Barcelona,0.35129232200000005,1.598676625,1.598676625,0.35129232200000005,1,2,False
2020-02-15,La Liga,Barcelona,Getafe,1.6572169520000002,0.748722662,0.748722662,1.6572169520000002,2,1,False
2019-12-01,La Liga,Atlético Madrid,Barcelona,1.2149636990000003,0.931063791,0.931063791,1.2149636990000003,0,1,False
2019-12-21,La Liga,Barcelona,Deportivo Alavés,1.5926148169999998,0.545430767,0.545430767,1.5926148169999998,4,1,False
2020-01-19,La Liga,Barcelona,Granada,1.5407311209999999,0.218909804,0.218909804,1.5407311209999999,1,0,False
2019-10-06,La Liga,Barcelona,Sevilla,1.4673041635,1.7253259230000002,1.7253259230000002,1.4673041635,4,0,False
2018-04-14,La Liga,Barcelona,Valencia,1.631784803,2.2189510705999997,2.2189510705999997,1.631784803,2,1,False
2018-04-29,La Liga,RC Deportivo La Coruña,Barcelona,2.2408726459999997,3.196088814,3.196088814,2.2408726459999997,2,4,False
2018-05-06,La Liga,Barcelona,Real Madrid,1.013568059,1.7654616890000001,1.7654616890000001,1.013568059,2,2,False
2018-03-18,La Liga,Barcelona,Athletic Club,1.5272114850000003,0.634935711,0.634935711,1.5272114850000003,2,0,False
2018-03-01,La Liga,Las Palmas,Barcelona,1.2387656795000002,1.0450223339999998,1.0450223339999998,1.2387656795000002,1,1,False
2018-02-17,La Liga,Eibar,Barcelona,0.6787358600000001,2.810077197,2.810077197,0.6787358600000001,0,2,False
2018-05-09,La Liga,Barcelona,Villarreal,2.9111367,1.2547959039999999,1.2547959039999999,2.9111367,5,1,False
2018-01-07,La Liga,Barcelona,Levante UD,2.366960571,0.6839044460000001,0.6839044460000001,2.366960571,3,0,False
2018-01-21,La Liga,Real Betis,Barcelona,0.348158176,2.218575591,2.218575591,0.348158176,0,5,False
2018-04-07,La Liga,Barcelona,Leganés,2.236896885,0.65573611,0.65573611,2.236896885,3,1,False
2018-02-04,La Liga,Espanyol,Barcelona,0.5659254220000001,0.827279913,0.827279913,0.5659254220000001,1,1,False
2018-03-31,La Liga,Sevilla,Barcelona,2.6078045823,2.052047065,2.052047065,2.6078045823,2,2,False
2018-02-11,La Liga,Barcelona,Getafe,0.953258331,0.39453325749999996,0.39453325749999996,0.953258331,0,0,False
2018-03-04,La Liga,Barcelona,Atlético Madrid,1.0886138696999998,0.1949915093,0.1949915093,1.0886138696999998,1,0,False
2018-02-24,La Liga,Barcelona,Girona,2.643734277,0.765066592,0.765066592,2.643734277,6,1,False
2018-01-28,La Liga,Barcelona,Deportivo Alavés,2.2385854243,0.7808859424,0.7808859424,2.2385854243,2,1,False
2018-05-20,La Liga,Barcelona,Real Sociedad,1.26810036,0.685541521,0.685541521,1.26810036,1,0,False
2018-01-14,La Liga,Real Sociedad,Barcelona,0.8557110539999999,1.156127867,1.156127867,0.8557110539999999,2,4,False
2018-04-17,La Liga,Celta Vigo,Barcelona,2.4107103049999994,2.129271155,2.129271155,2.4107103049999994,2,2,False
2020-10-31,La Liga,Deportivo Alavés,Barcelona,1.128524181,2.0911299490000004,2.0911299490000004,1.128524181,1,1,False
2021-01-09,La Liga,Granada,Barcelona,0.450979546,1.4928263960000003,1.4928263960000003,0.450979546,0,4,False
2021-05-16,La Liga,Barcelona,Celta Vigo,2.159081824,0.729653214,0.729653214,2.159081824,1,2,False
2021-02-07,La Liga,Real Betis,Barcelona,1.3950677189999998,0.9875746009999999,0.9875746009999999,1.3950677189999998,2,2,False
2021-03-06,La Liga,Osasuna,Barcelona,1.2082273140000002,1.056926099,1.056926099,1.2082273140000002,0,2,False
2021-04-10,La Liga,Real Madrid,Barcelona,1.321765321,1.494463878,1.494463878,1.321765321,2,1,False
2020-12-13,La Liga,Barcelona,Levante UD,2.0589936109999996,0.736227611,0.736227611,2.0589936109999996,1,0,False
2020-09-27,La Liga,Barcelona,Villarreal,2.6873112679999998,0.1825146875,0.1825146875,2.6873112679999998,3,0,False
2020-10-01,La Liga,Celta Vigo,Barcelona,0.46619188860000005,0.739652598,0.739652598,0.46619188860000005,0,2,False
2020-10-24,La Liga,Barcelona,Real Madrid,1.2488722015,2.9000679519999997,2.9000679519999997,1.2488722015,1,3,False
2021-01-03,La Liga,Huesca,Barcelona,0.387724143,2.5087607010000004,2.5087607010000004,0.387724143,0,1,False
2020-10-04,La Liga,Barcelona,Sevilla,1.6534482454000001,0.688010283,0.688010283,1.6534482454000001,1,1,False
2020-10-17,La Liga,Getafe,Barcelona,1.652100625,0.7843558220000001,0.7843558220000001,1.652100625,1,0,False
2020-11-21,La Liga,Atlético Madrid,Barcelona,0.5629302270000001,0.954291622,0.954291622,0.5629302270000001,1,0,False
2020-12-19,La Liga,Barcelona,Valencia,2.893558679,1.637535147,1.637535147,2.893558679,2,2,False
2021-04-29,La Liga,Barcelona,Granada,1.233171613,0.535677516,0.535677516,1.233171613,1,2,False
2021-05-08,La Liga,Barcelona,Atlético Madrid,0.864885166,0.55558012,0.55558012,0.864885166,0,0,False
2021-05-11,La Liga,Levante UD,Barcelona,1.017280621,2.813838268,2.813838268,1.017280621,3,3,False
2021-05-02,La Liga,Valencia,Barcelona,1.3016094040000001,3.0856501890000003,3.0856501890000003,1.3016094040000001,2,3,False
2021-03-15,La Liga,Barcelona,Huesca,0.95751025,2.101564256,2.101564256,0.95751025,4,1,False
2021-04-22,La Liga,Barcelona,Getafe,1.6198782499999997,1.502712756,1.502712756,1.6198782499999997,4,1,False
2021-03-21,La Liga,Real Sociedad,Barcelona,0.6805954160000001,2.7190648429999995,2.7190648429999995,0.6805954160000001,1,6,False
2020-12-16,La Liga,Barcelona,Real Sociedad,2.6482608960000005,1.9268283419999999,1.9268283419999999,2.6482608960000005,2,1,False
2020-12-22,La Liga,Real Valladolid,Barcelona,0.6726382205,3.557734448999999,3.557734448999999,0.6726382205,0,3,False
2020-12-05,La Liga,Cádiz,Barcelona,2.2947186695999995,1.528829837,1.528829837,2.2947186695999995,2,0,False
2021-01-06,La Liga,Athletic Club,Barcelona,0.841487605,1.4724851283,1.4724851283,0.841487605,2,3,False
2021-02-13,La Liga,Barcelona,Deportivo Alavés,2.692579604,0.609192384,0.609192384,2.692579604,5,1,False
2021-04-05,La Liga,Barcelona,Real Valladolid,1.8230445149999999,0.354709277,0.354709277,1.8230445149999999,1,0,False
2021-02-27,La Liga,Sevilla,Barcelona,0.089311511,1.92933905,1.92933905,0.089311511,0,2,False
2021-01-31,La Liga,Barcelona,Athletic Club,1.7285390559999998,0.22678602899999997,0.22678602899999997,1.7285390559999998,2,0,False
2020-11-29,La Liga,Barcelona,Osasuna,4.178242825,1.1067934193,1.1067934193,4.178242825,4,0,False
2021-02-21,La Liga,Barcelona,Cádiz,2.1455778609999996,1.0836837049999999,1.0836837049999999,2.1455778609999996,1,1,False
2021-02-24,La Liga,Barcelona,Elche,2.70108426,0.670472064,0.670472064,2.70108426,3,0,False
2021-04-25,La Liga,Villarreal,Barcelona,1.3720789489999998,3.3227739440000006,3.3227739440000006,1.3720789489999998,1,2,False
2020-11-07,La Liga,Barcelona,Real Betis,4.186569146,1.005236781,1.005236781,4.186569146,5,2,False
2018-09-15,La Liga,Real Sociedad,Barcelona,0.914412035,1.398165227,1.398165227,0.914412035,1,2,False
2018-09-26,La Liga,Leganés,Barcelona,1.070911462,0.552077237,0.552077237,1.070911462,2,1,False
2018-10-20,La Liga,Barcelona,Sevilla,2.3974202783,1.6889730939999998,1.6889730939999998,2.3974202783,4,1,False
2018-11-24,La Liga,Atlético Madrid,Barcelona,0.141969905,0.296478192,0.296478192,0.141969905,1,1,False
2018-12-08,La Liga,Espanyol,Barcelona,1.224688889,2.3132187269999998,2.3132187269999998,1.224688889,0,4,False
2019-02-23,La Liga,Sevilla,Barcelona,1.122434296,1.6004439970000002,1.6004439970000002,1.122434296,2,4,False
2018-12-22,La Liga,Barcelona,Celta Vigo,1.134397363,0.8996077410000002,0.8996077410000002,1.134397363,2,0,False
2019-01-06,La Liga,Getafe,Barcelona,1.5908359879999998,1.7478493249999998,1.7478493249999998,1.5908359879999998,1,2,False
2019-02-16,La Liga,Barcelona,Real Valladolid,3.6615278740000003,0.44353789800000004,0.44353789800000004,3.6615278740000003,1,0,False
2019-03-17,La Liga,Real Betis,Barcelona,1.007864181,2.0506601239999998,2.0506601239999998,1.007864181,1,4,False
2019-02-10,La Liga,Athletic Club,Barcelona,1.35796548,0.49470533400000005,0.49470533400000005,1.35796548,0,0,False
2019-04-20,La Liga,Barcelona,Real Sociedad,1.245622556,0.8769487859999999,0.8769487859999999,1.245622556,2,1,False
2018-08-18,La Liga,Barcelona,Deportivo Alavés,2.6599242,0.292109614,0.292109614,2.6599242,3,0,False
2019-02-02,La Liga,Barcelona,Valencia,1.6903835110000003,2.4418723389999997,2.4418723389999997,1.6903835110000003,2,2,False
2019-01-20,La Liga,Barcelona,Leganés,1.74555982,0.6695991617,0.6695991617,1.74555982,3,1,False
2019-04-06,La Liga,Barcelona,Atlético Madrid,1.9246822670000001,0.5219108577,0.5219108577,1.9246822670000001,2,0,False
2018-11-11,La Liga,Barcelona,Real Betis,4.172701368999999,2.0215838760000002,2.0215838760000002,4.172701368999999,3,4,False
2019-04-27,La Liga,Barcelona,Levante UD,1.7492327290000003,0.7343230099999999,0.7343230099999999,1.7492327290000003,1,0,False
2018-12-02,La Liga,Barcelona,Villarreal,1.083847735,0.8975263569999998,0.8975263569999998,1.083847735,2,0,False
2019-01-27,La Liga,Girona,Barcelona,1.212639442,1.906738469,1.906738469,1.212639442,0,2,False
2019-04-23,La Liga,Deportivo Alavés,Barcelona,0.41362018800000006,2.265581007,2.265581007,0.41362018800000006,0,2,False
2018-09-02,La Liga,Barcelona,Huesca,4.513569743,1.264742864,1.264742864,4.513569743,7,2,False
2019-05-19,La Liga,Eibar,Barcelona,1.4778042919999999,0.7572143847999999,0.7572143847999999,1.4778042919999999,2,2,False
2019-01-13,La Liga,Barcelona,Eibar,1.16775373,0.9653471840000001,0.9653471840000001,1.16775373,3,0,False
2019-03-09,La Liga,Barcelona,Rayo Vallecano,2.619028352,0.36264784850000004,0.36264784850000004,2.619028352,3,1,False
2018-12-16,La Liga,Levante UD,Barcelona,1.1649570939999998,2.9769174072,2.9769174072,1.1649570939999998,0,5,False
2019-05-12,La Liga,Barcelona,Getafe,2.040483553,0.9995465319999999,0.9995465319999999,2.040483553,1,0,False
2018-09-29,La Liga,Barcelona,Athletic Club,2.7532440959999995,0.48522814999999997,0.48522814999999997,2.7532440959999995,1,1,False
2018-09-23,La Liga,Barcelona,Girona,1.502485224,1.069202315,1.069202315,1.502485224,2,2,False
2019-04-02,La Liga,Villarreal,Barcelona,2.572822366,2.295202509,2.295202509,2.572822366,4,4,False
2018-10-07,La Liga,Valencia,Barcelona,1.376319467,0.3969471124999999,0.3969471124999999,1.376319467,1,1,False
2019-03-02,La Liga,Real Madrid,Barcelona,1.0888610150000002,1.2611960085000002,1.2611960085000002,1.0888610150000002,0,1,False
2018-08-25,La Liga,Real Valladolid,Barcelona,0.33820088000000004,0.758222371,0.758222371,0.33820088000000004,0,1,False
2019-03-30,La Liga,Barcelona,Espanyol,1.059880911,0.179885682,0.179885682,1.059880911,2,0,False
2020-02-22,La Liga,Barcelona,Eibar,3.9769319509999996,0.6710336225000001,0.6710336225000001,3.9769319509999996,5,0,False
2020-06-16,La Liga,Barcelona,Leganés,1.594327035,0.756958526,0.756958526,1.594327035,2,0,False
2020-06-27,La Liga,Celta Vigo,Barcelona,2.589303723,1.817078918,1.817078918,2.589303723,2,2,False
2019-12-18,La Liga,Barcelona,Real Madrid,0.7199253219999999,0.9542925625,0.9542925625,0.7199253219999999,0,0,False
2019-09-24,La Liga,Barcelona,Villarreal,0.6120868939999999,0.543885724,0.543885724,0.6120868939999999,2,1,False
2020-07-05,La Liga,Villarreal,Barcelona,0.912594162,2.567198417,2.567198417,0.912594162,1,3,False
2019-11-02,La Liga,Levante UD,Barcelona,0.8460165719999999,2.1390446429999996,2.1390446429999996,0.8460165719999999,3,1,False
2019-12-07,La Liga,Barcelona,Mallorca,3.2707426254999987,1.050319794,1.050319794,3.2707426254999987,5,2,False
2019-12-14,La Liga,Real Sociedad,Barcelona,2.787577904000001,1.91304468,1.91304468,2.787577904000001,2,2,False
2020-02-02,La Liga,Barcelona,Levante UD,2.9258208420000007,1.420192558,1.420192558,2.9258208420000007,2,1,False
2020-01-25,La Liga,Valencia,Barcelona,1.2827696740000003,1.165431627,1.165431627,1.2827696740000003,2,0,False
2020-07-16,La Liga,Barcelona,Osasuna,1.0125385055999998,0.4741186025,0.4741186025,1.0125385055999998,1,2,False
2020-07-19,La Liga,Deportivo Alavés,Barcelona,0.406357612,2.913145846,2.913145846,0.406357612,0,5,False
2020-06-23,La Liga,Barcelona,Athletic Club,1.6754328889999999,0.688305282,0.688305282,1.6754328889999999,1,0,False
2020-07-11,La Liga,Real Valladolid,Barcelona,0.7673825240000001,1.2266906060000002,1.2266906060000002,0.7673825240000001,0,1,False
2020-03-07,La Liga,Barcelona,Real Sociedad,1.9346501789999997,0.658936379,0.658936379,1.9346501789999997,1,0,False
2020-07-08,La Liga,Barcelona,Espanyol,1.155459763,0.7635460445,0.7635460445,1.155459763,1,0,False
2020-06-30,La Liga,Barcelona,Atlético Madrid,1.477656265,1.9883945812999997,1.9883945812999997,1.477656265,1,2,False
2019-11-09,La Liga,Barcelona,Celta Vigo,1.558700034,0.26777825549999995,0.26777825549999995,1.558700034,4,1,False
2019-10-29,La Liga,Barcelona,Real Valladolid,2.382540813,0.526865874,0.526865874,2.382540813,5,1,False
2020-06-13,La Liga,Mallorca,Barcelona,0.771835227,2.068523223,2.068523223,0.771835227,0,4,False
2020-01-04,La Liga,Espanyol,Barcelona,0.420332712,1.4762220425,1.4762220425,0.420332712,2,2,False
2020-06-19,La Liga,Sevilla,Barcelona,0.5237576829999999,0.5060273670000001,0.5060273670000001,0.5237576829999999,0,0,False
2020-03-01,La Liga,Real Madrid,Barcelona,0.86527403,1.069344716,1.069344716,0.86527403,2,0,False
2019-10-19,La Liga,Eibar,Barcelona,0.327932219,1.4085941777000002,1.4085941777000002,0.327932219,0,3,False
2020-02-09,La Liga,Real Betis,Barcelona,1.0949722132,1.4341765000000002,1.4341765000000002,1.0949722132,2,3,False
2019-09-21,La Liga,Granada,Barcelona,1.8489029273,0.5349524370000001,0.5349524370000001,1.8489029273,2,0,False
2019-11-23,La Liga,Leganés,Barcelona,0.35129232200000005,1.598676625,1.598676625,0.35129232200000005,1,2,False
2020-02-15,La Liga,Barcelona,Getafe,1.6572169520000002,0.748722662,0.748722662,1.6572169520000002,2,1,False
2019-12-01,La Liga,Atlético Madrid,Barcelona,1.2149636990000003,0.931063791,0.931063791,1.2149636990000003,0,1,False
2019-12-21,La Liga,Barcelona,Deportivo Alavés,1.5926148169999998,0.545430767,0.545430767,1.5926148169999998,4,1,False
2020-01-19,La Liga,Barcelona,Granada,1.5407311209999999,0.218909804,0.218909804,1.5407311209999999,1,0,False
2019-10-06,La Liga,Barcelona,Sevilla,1.4673041635,1.7253259230000002,1.7253259230000002,1.4673041635,4,0,False
2018-04-14,La Liga,Barcelona,Valencia,1.631784803,2.2189510705999997,2.2189510705999997,1.631784803,2,1,False
2018-04-29,La Liga,RC Deportivo La Coruña,Barcelona,2.2408726459999997,3.196088814,3.196088814,2.2408726459999997,2,4,False
2018-05-06,La Liga,Barcelona,Real Madrid,1.013568059,1.7654616890000001,1.7654616890000001,1.013568059,2,2,False
2018-03-18,La Liga,Barcelona,Athletic Club,1.5272114850000003,0.634935711,0.634935711,1.5272114850000003,2,0,False
2018-03-01,La Liga,Las Palmas,Barcelona,1.2387656795000002,1.0450223339999998,1.0450223339999998,1.2387656795000002,1,1,False
2018-02-17,La Liga,Eibar,Barcelona,0.6787358600000001,2.810077197,2.810077197,0.6787358600000001,0,2,False
2018-05-09,La Liga,Barcelona,Villarreal,2.9111367,1.2547959039999999,1.2547959039999999,2.9111367,5,1,False
2018-01-07,La Liga,Barcelona,Levante UD,2.366960571,0.6839044460000001,0.6839044460000001,2.366960571,3,0,False
2018-01-21,La Liga,Real Betis,Barcelona,0.348158176,2.218575591,2.218575591,0.348158176,0,5,False
2018-04-07,La Liga,Barcelona,Leganés,2.236896885,0.65573611,0.65573611,2.236896885,3,1,False
2018-02-04,La Liga,Espanyol,Barcelona,0.5659254220000001,0.827279913,0.827279913,0.5659254220000001,1,1,False
2018-03-31,La Liga,Sevilla,Barcelona,2.6078045823,2.052047065,2.052047065,2.6078045823,2,2,False
2018-02-11,La Liga,Barcelona,Getafe,0.953258331,0.39453325749999996,0.39453325749999996,0.953258331,0,0,False
2018-03-04,La Liga,Barcelona,Atlético Madrid,1.0886138696999998,0.1949915093,0.1949915093,1.0886138696999998,1,0,False
2018-02-24,La Liga,Barcelona,Girona,2.643734277,0.765066592,0.765066592,2.643734277,6,1,False
2018-01-28,La Liga,Barcelona,Deportivo Alavés,2.2385854243,0.7808859424,0.7808859424,2.2385854243,2,1,False
2018-05-20,La Liga,Barcelona,Real Sociedad,1.26810036,0.685541521,0.685541521,1.26810036,1,0,False
2018-01-14,La Liga,Real Sociedad,Barcelona,0.8557110539999999,1.156127867,1.156127867,0.8557110539999999,2,4,False
2018-04-17,La Liga,Celta Vigo,Barcelona,2.4107103049999994,2.129271155,2.129271155,2.4107103049999994,2,2,False
2020-10-31,La Liga,Deportivo Alavés,Barcelona,1.128524181,2.0911299490000004,2.0911299490000004,1.128524181,1,1,False
2021-01-09,La Liga,Granada,Barcelona,0.450979546,1.4928263960000003,1.4928263960000003,0.450979546,0,4,False
2021-05-16,La Liga,Barcelona,Celta Vigo,2.159081824,0.729653214,0.729653214,2.159081824,1,2,False
2021-02-07,La Liga,Real Betis,Barcelona,1.3950677189999998,0.9875746009999999,0.9875746009999999,1.3950677189999998,2,2,False
2021-03-06,La Liga,Osasuna,Barcelona,1.2082273140000002,1.056926099,1.056926099,1.2082273140000002,0,2,False
2021-04-10,La Liga,Real Madrid,Barcelona,1.321765321,1.494463878,1.494463878,1.321765321,2,1,False
2020-12-13,La Liga,Barcelona,Levante UD,2.0589936109999996,0.736227611,0.736227611,2.0589936109999996,1,0,False
2020-09-27,La Liga,Barcelona,Villarreal,2.6873112679999998,0.1825146875,0.1825146875,2.6873112679999998,3,0,False
2020-10-01,La Liga,Celta Vigo,Barcelona,0.46619188860000005,0.739652598,0.739652598,0.46619188860000005,0,2,False
2020-10-24,La Liga,Barcelona,Real Madrid,1.2488722015,2.9000679519999997,2.9000679519999997,1.2488722015,1,3,False
2021-01-03,La Liga,Huesca,Barcelona,0.387724143,2.5087607010000004,2.5087607010000004,0.387724143,0,1,False
2020-10-04,La Liga,Barcelona,Sevilla,1.6534482454000001,0.688010283,0.688010283,1.6534482454000001,1,1,False
2020-10-17,La Liga,Getafe,Barcelona,1.652100625,0.7843558220000001,0.7843558220000001,1.652100625,1,0,False
2020-11-21,La Liga,Atlético Madrid,Barcelona,0.5629302270000001,0.954291622,0.954291622,0.5629302270000001,1,0,False
2020-12-19,La Liga,Barcelona,Valencia,2.893558679,1.637535147,1.637535147,2.893558679,2,2,False
2021-04-29,La Liga,Barcelona,Granada,1.233171613,0.535677516,0.535677516,1.233171613,1,2,False
2021-05-08,La Liga,Barcelona,Atlético Madrid,0.864885166,0.55558012,0.55558012,0.864885166,0,0,False
2021-05-11,La Liga,Levante UD,Barcelona,1.017280621,2.813838268,2.813838268,1.017280621,3,3,False
2021-05-02,La Liga,Valencia,Barcelona,1.3016094040000001,3.0856501890000003,3.0856501890000003,1.3016094040000001,2,3,False
2021-03-15,La Liga,Barcelona,Huesca,0.95751025,2.101564256,2.101564256,0.95751025,4,1,False
2021-04-22,La Liga,Barcelona,Getafe,1.6198782499999997,1.502712756,1.502712756,1.6198782499999997,4,1,False
2021-03-21,La Liga,Real Sociedad,Barcelona,0.6805954160000001,2.7190648429999995,2.7190648429999995,0.6805954160000001,1,6,False
2020-12-16,La Liga,Barcelona,Real Sociedad,2.6482608960000005,1.9268283419999999,1.9268283419999999,2.6482608960000005,2,1,False
2020-12-22,La Liga,Real Valladolid,Barcelona,0.6726382205,3.557734448999999,3.557734448999999,0.6726382205,0,3,False
2020-12-05,La Liga,Cádiz,Barcelona,2.2947186695999995,1.528829837,1.528829837,2.2947186695999995,2,0,False
2021-01-06,La Liga,Athletic Club,Barcelona,0.841487605,1.4724851283,1.4724851283,0.841487605,2,3,False
2021-02-13,La Liga,Barcelona,Deportivo Alavés,2.692579604,0.609192384,0.609192384,2.692579604,5,1,False
2021-04-05,La Liga,Barcelona,Real Valladolid,1.8230445149999999,0.354709277,0.354709277,1.8230445149999999,1,0,False
2021-02-27,La Liga,Sevilla,Barcelona,0.089311511,1.92933905,1.92933905,0.089311511,0,2,False
2021-01-31,La Liga,Barcelona,Athletic Club,1.7285390559999998,0.22678602899999997,0.22678602899999997,1.7285390559999998,2,0,False
2020-11-29,La Liga,Barcelona,Osasuna,4.178242825,1.1067934193,1.1067934193,4.178242825,4,0,False
2021-02-21,La Liga,Barcelona,Cádiz,2.1455778609999996,1.0836837049999999,1.0836837049999999,2.1455778609999996,1,1,False
2021-02-24,La Liga,Barcelona,Elche,2.70108426,0.670472064,0.670472064,2.70108426,3,0,False
2021-04-25,La Liga,Villarreal,Barcelona,1.3720789489999998,3.3227739440000006,3.3227739440000006,1.3720789489999998,1,2,False
2020-11-07,La Liga,Barcelona,Real Betis,4.186569146,1.005236781,1.005236781,4.186569146,5,2,False
2018-09-15,La Liga,Real Sociedad,Barcelona,0.914412035,1.398165227,1.398165227,0.914412035,1,2,False
2018-09-26,La Liga,Leganés,Barcelona,1.070911462,0.552077237,0.552077237,1.070911462,2,1,False
2018-10-20,La Liga,Barcelona,Sevilla,2.3974202783,1.6889730939999998,1.6889730939999998,2.3974202783,4,1,False
2018-11-24,La Liga,Atlético Madrid,Barcelona,0.141969905,0.296478192,0.296478192,0.141969905,1,1,False
2018-12-08,La Liga,Espanyol,Barcelona,1.224688889,2.3132187269999998,2.3132187269999998,1.224688889,0,4,False
2019-02-23,La Liga,Sevilla,Barcelona,1.122434296,1.6004439970000002,1.6004439970000002,1.122434296,2,4,False
2018-12-22,La Liga,Barcelona,Celta Vigo,1.134397363,0.8996077410000002,0.8996077410000002,1.134397363,2,0,False
2019-01-06,La Liga,Getafe,Barcelona,1.5908359879999998,1.7478493249999998,1.7478493249999998,1.5908359879999998,1,2,False
2019-02-16,La Liga,Barcelona,Real Valladolid,3.6615278740000003,0.44353789800000004,0.44353789800000004,3.6615278740000003,1,0,False
2019-03-17,La Liga,Real Betis,Barcelona,1.007864181,2.0506601239999998,2.0506601239999998,1.007864181,1,4,False
2019-02-10,La Liga,Athletic Club,Barcelona,1.35796548,0.49470533400000005,0.49470533400000005,1.35796548,0,0,False
2019-04-20,La Liga,Barcelona,Real Sociedad,1.245622556,0.8769487859999999,0.8769487859999999,1.245622556,2,1,False
2018-08-18,La Liga,Barcelona,Deportivo Alavés,2.6599242,0.292109614,0.292109614,2.6599242,3,0,False
2019-02-02,La Liga,Barcelona,Valencia,1.6903835110000003,2.4418723389999997,2.4418723389999997,1.6903835110000003,2,2,False
2019-01-20,La Liga,Barcelona,Leganés,1.74555982,0.6695991617,0.6695991617,1.74555982,3,1,False
2019-04-06,La Liga,Barcelona,Atlético Madrid,1.9246822670000001,0.5219108577,0.5219108577,1.9246822670000001,2,0,False
2018-11-11,La Liga,Barcelona,Real Betis,4.172701368999999,2.0215838760000002,2.0215838760000002,4.172701368999999,3,4,False
2019-04-27,La Liga,Barcelona,Levante UD,1.7492327290000003,0.7343230099999999,0.7343230099999999,1.7492327290000003,1,0,False
2018-12-02,La Liga,Barcelona,Villarreal,1.083847735,0.8975263569999998,0.8975263569999998,1.083847735,2,0,False
2019-01-27,La Liga,Girona,Barcelona,1.212639442,1.906738469,1.906738469,1.212639442,0,2,False
2019-04-23,La Liga,Deportivo Alavés,Barcelona,0.41362018800000006,2.265581007,2.265581007,0.41362018800000006,0,2,False
2018-09-02,La Liga,Barcelona,Huesca,4.513569743,1.264742864,1.264742864,4.513569743,7,2,False
2019-05-19,La Liga,Eibar,Barcelona,1.4778042919999999,0.7572143847999999,0.7572143847999999,1.4778042919999999,2,2,False
2019-01-13,La Liga,Barcelona,Eibar,1.16775373,0.9653471840000001,0.9653471840000001,1.16775373,3,0,False
2019-03-09,La Liga,Barcelona,Rayo Vallecano,2.619028352,0.36264784850000004,0.36264784850000004,2.619028352,3,1,False
2018-12-16,La Liga,Levante UD,Barcelona,1.1649570939999998,2.9769174072,2.9769174072,1.1649570939999998,0,5,False
2019-05-12,La Liga,Barcelona,Getafe,2.040483553,0.9995465319999999,0.9995465319999999,2.040483553,1,0,False
2018-09-29,La Liga,Barcelona,Athletic Club,2.7532440959999995,0.48522814999999997,0.48522814999999997,2.7532440959999995,1,1,False
2018-09-23,La Liga,Barcelona,Girona,1.502485224,1.069202315,1.069202315,1.502485224,2,2,False
2019-04-02,La Liga,Villarreal,Barcelona,2.572822366,2.295202509,2.295202509,2.572822366,4,4,False
2018-10-07,La Liga,Valencia,Barcelona,1.376319467,0.3969471124999999,0.3969471124999999,1.376319467,1,1,False
2019-03-02,La Liga,Real Madrid,Barcelona,1.0888610150000002,1.2611960085000002,1.2611960085000002,1.0888610150000002,0,1,False
2018-08-25,La Liga,Real Valladolid,Barcelona,0.33820088000000004,0.758222371,0.758222371,0.33820088000000004,0,1,False
2019-03-30,La Liga,Barcelona,Espanyol,1.059880911,0.179885682,0.179885682,1.059880911,2,0,False
2020-02-22,La Liga,Barcelona,Eibar,3.9769319509999996,0.6710336225000001,0.6710336225000001,3.9769319509999996,5,0,False
2020-06-16,La Liga,Barcelona,Leganés,1.594327035,0.756958526,0.756958526,1.594327035,2,0,False
2020-06-27,La Liga,Celta Vigo,Barcelona,2.589303723,1.817078918,1.817078918,2.589303723,2,2,False
2019-12-18,La Liga,Barcelona,Real Madrid,0.7199253219999999,0.9542925625,0.9542925625,0.7199253219999999,0,0,False
2019-09-24,La Liga,Barcelona,Villarreal,0.6120868939999999,0.543885724,0.543885724,0.6120868939999999,2,1,False
2020-07-05,La Liga,Villarreal,Barcelona,0.912594162,2.567198417,2.567198417,0.912594162,1,3,False
2019-11-02,La Liga,Levante UD,Barcelona,0.8460165719999999,2.1390446429999996,2.1390446429999996,0.8460165719999999,3,1,False
2019-12-07,La Liga,Barcelona,Mallorca,3.2707426254999987,1.050319794,1.050319794,3.2707426254999987,5,2,False
2019-12-14,La Liga,Real Sociedad,Barcelona,2.787577904000001,1.91304468,1.91304468,2.787577904000001,2,2,False
2020-02-02,La Liga,Barcelona,Levante UD,2.9258208420000007,1.420192558,1.420192558,2.9258208420000007,2,1,False
2020-01-25,La Liga,Valencia,Barcelona,1.2827696740000003,1.165431627,1.165431627,1.2827696740000003,2,0,False
2020-07-16,La Liga,Barcelona,Osasuna,1.0125385055999998,0.4741186025,0.4741186025,1.0125385055999998,1,2,False
2020-07-19,La Liga,Deportivo Alavés,Barcelona,0.406357612,2.913145846,2.913145846,0.406357612,0,5,False
2020-06-23,La Liga,Barcelona,Athletic Club,1.6754328889999999,0.688305282,0.688305282,1.6754328889999999,1,0,False
2020-07-11,La Liga,Real Valladolid,Barcelona,0.7673825240000001,1.2266906060000002,1.2266906060000002,0.7673825240000001,0,1,False
2020-03-07,La Liga,Barcelona,Real Sociedad,1.9346501789999997,0.658936379,0.658936379,1.9346501789999997,1,0,False
2020-07-08,La Liga,Barcelona,Espanyol,1.155459763,0.7635460445,0.7635460445,1.155459763,1,0,False
2020-06-30,La Liga,Barcelona,Atlético Madrid,1.477656265,1.9883945812999997,1.9883945812999997,1.477656265,1,2,False
2019-11-09,La Liga,Barcelona,Celta Vigo,1.558700034,0.26777825549999995,0.26777825549999995,1.558700034,4,1,False
2019-10-29,La Liga,Barcelona,Real Valladolid,2.382540813,0.526865874,0.526865874,2.382540813,5,1,False
2020-06-13,La Liga,Mallorca,Barcelona,0.771835227,2.068523223,2.068523223,0.771835227,0,4,False
2020-01-04,La Liga,Espanyol,Barcelona,0.420332712,1.4762220425,1.4762220425,0.420332712,2,2,False
2020-06-19,La Liga,Sevilla,Barcelona,0.5237576829999999,0.5060273670000001,0.5060273670000001,0.5237576829999999,0,0,False
2020-03-01,La Liga,Real Madrid,Barcelona,0.86527403,1.069344716,1.069344716,0.86527403,2,0,False
2019-10-19,La Liga,Eibar,Barcelona,0.327932219,1.4085941777000002,1.4085941777000002,0.327932219,0,3,False
2020-02-09,La Liga,Real Betis,Barcelona,1.0949722132,1.4341765000000002,1.4341765000000002,1.0949722132,2,3,False
2019-09-21,La Liga,Granada,Barcelona,1.8489029273,0.5349524370000001,0.5349524370000001,1.8489029273,2,0,False
2019-11-23,La Liga,Leganés,Barcelona,0.35129232200000005,1.598676625,1.598676625,0.35129232200000005,1,2,False
2020-02-15,La Liga,Barcelona,Getafe,1.6572169520000002,0.748722662,0.748722662,1.6572169520000002,2,1,False
2019-12-01,La Liga,Atlético Madrid,Barcelona,1.2149636990000003,0.931063791,0.931063791,1.2149636990000003,0,1,False
2019-12-21,La Liga,Barcelona,Deportivo Alavés,1.5926148169999998,0.545430767,0.545430767,1.5926148169999998,4,1,False
2020-01-19,La Liga,Barcelona,Granada,1.5407311209999999,0.218909804,0.218909804,1.5407311209999999,1,0,False
2019-10-06,La Liga,Barcelona,Sevilla,1.4673041635,1.7253259230000002,1.7253259230000002,1.4673041635,4,0,False
2018-04-14,La Liga,Barcelona,Valencia,1.631784803,2.2189510705999997,2.2189510705999997,1.631784803,2,1,False
2018-04-29,La Liga,RC Deportivo La Coruña,Barcelona,2.2408726459999997,3.196088814,3.196088814,2.2408726459999997,2,4,False
2018-05-06,La Liga,Barcelona,Real Madrid,1.013568059,1.7654616890000001,1.7654616890000001,1.013568059,2,2,False
2018-03-18,La Liga,Barcelona,Athletic Club,1.5272114850000003,0.634935711,0.634935711,1.5272114850000003,2,0,False
2018-03-01,La Liga,Las Palmas,Barcelona,1.2387656795000002,1.0450223339999998,1.0450223339999998,1.2387656795000002,1,1,False
2018-02-17,La Liga,Eibar,Barcelona,0.6787358600000001,2.810077197,2.810077197,0.6787358600000001,0,2,False
2018-05-09,La Liga,Barcelona,Villarreal,2.9111367,1.2547959039999999,1.2547959039999999,2.9111367,5,1,False
2018-01-07,La Liga,Barcelona,Levante UD,2.366960571,0.6839044460000001,0.6839044460000001,2.366960571,3,0,False
2018-01-21,La Liga,Real Betis,Barcelona,0.348158176,2.218575591,2.218575591,0.348158176,0,5,False
2018-04-07,La Liga,Barcelona,Leganés,2.236896885,0.65573611,0.65573611,2.236896885,3,1,False
2018-02-04,La Liga,Espanyol,Barcelona,0.5659254220000001,0.827279913,0.827279913,0.5659254220000001,1,1,False
2018-03-31,La Liga,Sevilla,Barcelona,2.6078045823,2.052047065,2.052047065,2.6078045823,2,2,False
2018-02-11,La Liga,Barcelona,Getafe,0.953258331,0.39453325749999996,0.39453325749999996,0.953258331,0,0,False
2018-03-04,La Liga,Barcelona,Atlético Madrid,1.0886138696999998,0.1949915093,0.1949915093,1.0886138696999998,1,0,False
2018-02-24,La Liga,Barcelona,Girona,2.643734277,0.765066592,0.765066592,2.643734277,6,1,False
2018-01-28,La Liga,Barcelona,Deportivo Alavés,2.2385854243,0.7808859424,0.7808859424,2.2385854243,2,1,False
2018-05-20,La Liga,Barcelona,Real Sociedad,1.26810036,0.685541521,0.685541521,1.26810036,1,0,False
2018-01-14,La Liga,Real Sociedad,Barcelona,0.8557110539999999,1.156127867,1.156127867,0.8557110539999999,2,4,False
2018-04-17,La Liga,Celta Vigo,Barcelona,2.4107103049999994,2.129271155,2.129271155,2.4107103049999994,2,2,False
2020-10-31,La Liga,Deportivo Alavés,Barcelona,1.128524181,2.0911299490000004,2.0911299490000004,1.128524181,1,1,False
2021-01-09,La Liga,Granada,Barcelona,0.450979546,1.4928263960000003,1.4928263960000003,0.450979546,0,4,False
2021-05-16,La Liga,Barcelona,Celta Vigo,2.159081824,0.729653214,0.729653214,2.159081824,1,2,False
2021-02-07,La Liga,Real Betis,Barcelona,1.3950677189999998,0.9875746009999999,0.9875746009999999,1.3950677189999998,2,2,False
2021-03-06,La Liga,Osasuna,Barcelona,1.2082273140000002,1.056926099,1.056926099,1.2082273140000002,0,2,False
2021-04-10,La Liga,Real Madrid,Barcelona,1.321765321,1.494463878,1.494463878,1.321765321,2,1,False
2020-12-13,La Liga,Barcelona,Levante UD,2.0589936109999996,0.736227611,0.736227611,2.0589936109999996,1,0,False
2020-09-27,La Liga,Barcelona,Villarreal,2.6873112679999998,0.1825146875,0.1825146875,2.6873112679999998,3,0,False
2020-10-01,La Liga,Celta Vigo,Barcelona,0.46619188860000005,0.739652598,0.739652598,0.46619188860000005,0,2,False
2020-10-24,La Liga,Barcelona,Real Madrid,1.2488722015,2.9000679519999997,2.9000679519999997,1.2488722015,1,3,False
2021-01-03,La Liga,Huesca,Barcelona,0.387724143,2.5087607010000004,2.5087607010000004,0.387724143,0,1,False
2020-10-04,La Liga,Barcelona,Sevilla,1.6534482454000001,0.688010283,0.688010283,1.6534482454000001,1,1,False
2020-10-17,La Liga,Getafe,Barcelona,1.652100625,0.7843558220000001,0.7843558220000001,1.652100625,1,0,False
2020-11-21,La Liga,Atlético Madrid,Barcelona,0.5629302270000001,0.954291622,0.954291622,0.5629302270000001,1,0,False
2020-12-19,La Liga,Barcelona,Valencia,2.893558679,1.637535147,1.637535147,2.893558679,2,2,False
2021-04-29,La Liga,Barcelona,Granada,1.233171613,0.535677516,0.535677516,1.233171613,1,2,False
2021-05-08,La Liga,Barcelona,Atlético Madrid,0.864885166,0.55558012,0.55558012,0.864885166,0,0,False
2021-05-11,La Liga,Levante UD,Barcelona,1.017280621,2.813838268,2.813838268,1.017280621,3,3,False
2021-05-02,La Liga,Valencia,Barcelona,1.3016094040000001,3.0856501890000003,3.0856501890000003,1.3016094040000001,2,3,False
2021-03-15,La Liga,Barcelona,Huesca,0.95751025,2.101564256,2.101564256,0.95751025,4,1,False
2021-04-22,La Liga,Barcelona,Getafe,1.6198782499999997,1.502712756,1.502712756,1.6198782499999997,4,1,False
2021-03-21,La Liga,Real Sociedad,Barcelona,0.6805954160000001,2.7190648429999995,2.7190648429999995,0.6805954160000001,1,6,False
2020-12-16,La Liga,Barcelona,Real Sociedad,2.6482608960000005,1.9268283419999999,1.9268283419999999,2.6482608960000005,2,1,False
2020-12-22,La Liga,Real Valladolid,Barcelona,0.6726382205,3.557734448999999,3.557734448999999,0.6726382205,0,3,False
2020-12-05,La Liga,Cádiz,Barcelona,2.2947186695999995,1.528829837,1.528829837,2.2947186695999995,2,0,False
2021-01-06,La Liga,Athletic Club,Barcelona,0.841487605,1.4724851283,1.4724851283,0.841487605,2,3,False
2021-02-13,La Liga,Barcelona,Deportivo Alavés,2.692579604,0.609192384,0.609192384,2.692579604,5,1,False
2021-04-05,La Liga,Barcelona,Real Valladolid,1.8230445149999999,0.354709277,0.354709277,1.8230445149999999,1,0,False
2021-02-27,La Liga,Sevilla,Barcelona,0.089311511,1.92933905,1.92933905,0.089311511,0,2,False
2021-01-31,La Liga,Barcelona,Athletic Club,1.7285390559999998,0.22678602899999997,0.22678602899999997,1.7285390559999998,2,0,False
2020-11-29,La Liga,Barcelona,Osasuna,4.178242825,1.1067934193,1.1067934193,4.178242825,4,0,False
2021-02-21,La Liga,Barcelona,Cádiz,2.1455778609999996,1.0836837049999999,1.0836837049999999,2.1455778609999996,1,1,False
2021-02-24,La Liga,Barcelona,Elche,2.70108426,0.670472064,0.670472064,2.70108426,3,0,False
2021-04-25,La Liga,Villarreal,Barcelona,1.3720789489999998,3.3227739440000006,3.3227739440000006,1.3720789489999998,1,2,False
2020-11-07,La Liga,Barcelona,Real Betis,4.186569146,1.005236781,1.005236781,4.186569146,5,2,False
2018-09-15,La Liga,Real Sociedad,Barcelona,0.914412035,1.398165227,1.398165227,0.914412035,1,2,False
2018-09-26,La Liga,Leganés,Barcelona,1.070911462,0.552077237,0.552077237,1.070911462,2,1,False
2018-10-20,La Liga,Barcelona,Sevilla,2.3974202783,1.6889730939999998,1.6889730939999998,2.3974202783,4,1,False
2018-11-24,La Liga,Atlético Madrid,Barcelona,0.141969905,0.296478192,0.296478192,0.141969905,1,1,False
2018-12-08,La Liga,Espanyol,Barcelona,1.224688889,2.3132187269999998,2.3132187269999998,1.224688889,0,4,False
2019-02-23,La Liga,Sevilla,Barcelona,1.122434296,1.6004439970000002,1.6004439970000002,1.122434296,2,4,False
2018-12-22,La Liga,Barcelona,Celta Vigo,1.134397363,0.8996077410000002,0.8996077410000002,1.134397363,2,0,False
2019-01-06,La Liga,Getafe,Barcelona,1.5908359879999998,1.7478493249999998,1.7478493249999998,1.5908359879999998,1,2,False
2019-02-16,La Liga,Barcelona,Real Valladolid,3.6615278740000003,0.44353789800000004,0.44353789800000004,3.6615278740000003,1,0,False
2019-03-17,La Liga,Real Betis,Barcelona,1.007864181,2.0506601239999998,2.0506601239999998,1.007864181,1,4,False
2019-02-10,La Liga,Athletic Club,Barcelona,1.35796548,0.49470533400000005,0.49470533400000005,1.35796548,0,0,False
2019-04-20,La Liga,Barcelona,Real Sociedad,1.245622556,0.8769487859999999,0.8769487859999999,1.245622556,2,1,False
2018-08-18,La Liga,Barcelona,Deportivo Alavés,2.6599242,0.292109614,0.292109614,2.6599242,3,0,False
2019-02-02,La Liga,Barcelona,Valencia,1.6903835110000003,2.4418723389999997,2.4418723389999997,1.6903835110000003,2,2,False
2019-01-20,La Liga,Barcelona,Leganés,1.74555982,0.6695991617,0.6695991617,1.74555982,3,1,False
2019-04-06,La Liga,Barcelona,Atlético Madrid,1.9246822670000001,0.5219108577,0.5219108577,1.9246822670000001,2,0,False
2018-11-11,La Liga,Barcelona,Real Betis,4.172701368999999,2.0215838760000002,2.0215838760000002,4.172701368999999,3,4,False
2019-04-27,La Liga,Barcelona,Levante UD,1.7492327290000003,0.7343230099999999,0.7343230099999999,1.7492327290000003,1,0,False
2018-12-02,La Liga,Barcelona,Villarreal,1.083847735,0.8975263569999998,0.8975263569999998,1.083847735,2,0,False
2019-01-27,La Liga,Girona,Barcelona,1.212639442,1.906738469,1.906738469,1.212639442,0,2,False
2019-04-23,La Liga,Deportivo Alavés,Barcelona,0.41362018800000006,2.265581007,2.265581007,0.41362018800000006,0,2,False
2018-09-02,La Liga,Barcelona,Huesca,4.513569743,1.264742864,1.264742864,4.513569743,7,2,False
2019-05-19,La Liga,Eibar,Barcelona,1.4778042919999999,0.7572143847999999,0.7572143847999999,1.4778042919999999,2,2,False
2019-01-13,La Liga,Barcelona,Eibar,1.16775373,0.9653471840000001,0.9653471840000001,1.16775373,3,0,False
2019-03-09,La Liga,Barcelona,Rayo Vallecano,2.619028352,0.36264784850000004,0.36264784850000004,2.619028352,3,1,False
2018-12-16,La Liga,Levante UD,Barcelona,1.1649570939999998,2.9769174072,2.9769174072,1.1649570939999998,0,5,False
2019-05-12,La Liga,Barcelona,Getafe,2.040483553,0.9995465319999999,0.9995465319999999,2.040483553,1,0,False
2018-09-29,La Liga,Barcelona,Athletic Club,2.7532440959999995,0.48522814999999997,0.48522814999999997,2.7532440959999995,1,1,False
2018-09-23,La Liga,Barcelona,Girona,1.502485224,1.069202315,1.069202315,1.502485224,2,2,False
2019-04-02,La Liga,Villarreal,Barcelona,2.572822366,2.295202509,2.295202509,2.572822366,4,4,False
2018-10-07,La Liga,Valencia,Barcelona,1.376319467,0.3969471124999999,0.3969471124999999,1.376319467,1,1,False
2019-03-02,La Liga,Real Madrid,Barcelona,1.0888610150000002,1.2611960085000002,1.2611960085000002,1.0888610150000002,0,1,False
2018-08-25,La Liga,Real Valladolid,Barcelona,0.33820088000000004,0.758222371,0.758222371,0.33820088000000004,0,1,False
2019-03-30,La Liga,Barcelona,Espanyol,1.059880911,0.179885682,0.179885682,1.059880911,2,0,False
2020-02-22,La Liga,Barcelona,Eibar,3.9769319509999996,0.6710336225000001,0.6710336225000001,3.9769319509999996,5,0,False
2020-06-16,La Liga,Barcelona,Leganés,1.594327035,0.756958526,0.756958526,1.594327035,2,0,False
2020-06-27,La Liga,Celta Vigo,Barcelona,2.589303723,1.817078918,1.817078918,2.589303723,2,2,False
2019-12-18,La Liga,Barcelona,Real Madrid,0.7199253219999999,0.9542925625,0.9542925625,0.7199253219999999,0,0,False
2019-09-24,La Liga,Barcelona,Villarreal,0.6120868939999999,0.543885724,0.543885724,0.6120868939999999,2,1,False
2020-07-05,La Liga,Villarreal,Barcelona,0.912594162,2.567198417,2.567198417,0.912594162,1,3,False
2019-11-02,La Liga,Levante UD,Barcelona,0.8460165719999999,2.1390446429999996,2.1390446429999996,0.8460165719999999,3,1,False
2019-12-07,La Liga,Barcelona,Mallorca,3.2707426254999987,1.050319794,1.050319794,3.2707426254999987,5,2,False
2019-12-14,La Liga,Real Sociedad,Barcelona,2.787577904000001,1.91304468,1.91304468,2.787577904000001,2,2,False
2020-02-02,La Liga,Barcelona,Levante UD,2.9258208420000007,1.420192558,1.420192558,2.9258208420000007,2,1,False
2020-01-25,La Liga,Valencia,Barcelona,1.2827696740000003,1.165431627,1.165431627,1.2827696740000003,2,0,False
2020-07-16,La Liga,Barcelona,Osasuna,1.0125385055999998,0.4741186025,0.4741186025,1.0125385055999998,1,2,False
2020-07-19,La Liga,Deportivo Alavés,Barcelona,0.406357612,2.913145846,2.913145846,0.406357612,0,5,False
2020-06-23,La Liga,Barcelona,Athletic Club,1.6754328889999999,0.688305282,0.688305282,1.6754328889999999,1,0,False
2020-07-11,La Liga,Real Valladolid,Barcelona,0.7673825240000001,1.2266906060000002,1.2266906060000002,0.7673825240000001,0,1,False
2020-03-07,La Liga,Barcelona,Real Sociedad,1.9346501789999997,0.658936379,0.658936379,1.9346501789999997,1,0,False
2020-07-08,La Liga,Barcelona,Espanyol,1.155459763,0.7635460445,0.7635460445,1.155459763,1,0,False
2020-06-30,La Liga,Barcelona,Atlético Madrid,1.477656265,1.9883945812999997,1.9883945812999997,1.477656265,1,2,False
2019-11-09,La Liga,Barcelona,Celta Vigo,1.558700034,0.26777825549999995,0.26777825549999995,1.558700034,4,1,False
2019-10-29,La Liga,Barcelona,Real Valladolid,2.382540813,0.526865874,0.526865874,2.382540813,5,1,False
2020-06-13,La Liga,Mallorca,Barcelona,0.771835227,2.068523223,2.068523223,0.771835227,0,4,False
2020-01-04,La Liga,Espanyol,Barcelona,0.420332712,1.4762220425,1.4762220425,0.420332712,2,2,False
2020-06-19,La Liga,Sevilla,Barcelona,0.5237576829999999,0.5060273670000001,0.5060273670000001,0.5237576829999999,0,0,False
2020-03-01,La Liga,Real Madrid,Barcelona,0.86527403,1.069344716,1.069344716,0.86527403,2,0,False
2019-10-19,La Liga,Eibar,Barcelona,0.327932219,1.4085941777000002,1.4085941777000002,0.327932219,0,3,False
2020-02-09,La Liga,Real Betis,Barcelona,1.0949722132,1.4341765000000002,1.4341765000000002,1.0949722132,2,3,False
2019-09-21,La Liga,Granada,Barcelona,1.8489029273,0.5349524370000001,0.5349524370000001,1.8489029273,2,0,False
2019-11-23,La Liga,Leganés,Barcelona,0.35129232200000005,1.598676625,1.598676625,0.35129232200000005,1,2,False
2020-02-15,La Liga,Barcelona,Getafe,1.6572169520000002,0.748722662,0.748722662,1.6572169520000002,2,1,False
2019-12-01,La Liga,Atlético Madrid,Barcelona,1.2149636990000003,0.931063791,0.931063791,1.2149636990000003,0,1,False
2019-12-21,La Liga,Barcelona,Deportivo Alavés,1.5926148169999998,0.545430767,0.545430767,1.5926148169999998,4,1,False
2020-01-19,La Liga,Barcelona,Granada,1.5407311209999999,0.218909804,0.218909804,1.5407311209999999,1,0,False
2019-10-06,La Liga,Barcelona,Sevilla,1.4673041635,1.7253259230000002,1.7253259230000002,1.4673041635,4,0,False
2018-04-14,La Liga,Barcelona,Valencia,1.631784803,2.2189510705999997,2.2189510705999997,1.631784803,2,1,False
2018-04-29,La Liga,RC Deportivo La Coruña,Barcelona,2.2408726459999997,3.196088814,3.196088814,2.2408726459999997,2,4,False
2018-05-06,La Liga,Barcelona,Real Madrid,1.013568059,1.7654616890000001,1.7654616890000001,1.013568059,2,2,False
2018-03-18,La Liga,Barcelona,Athletic Club,1.5272114850000003,0.634935711,0.634935711,1.5272114850000003,2,0,False
2018-03-01,La Liga,Las Palmas,Barcelona,1.2387656795000002,1.0450223339999998,1.0450223339999998,1.2387656795000002,1,1,False
2018-02-17,La Liga,Eibar,Barcelona,0.6787358600000001,2.810077197,2.810077197,0.6787358600000001,0,2,False
2018-05-09,La Liga,Barcelona,Villarreal,2.9111367,1.2547959039999999,1.2547959039999999,2.9111367,5,1,False
2018-01-07,La Liga,Barcelona,Levante UD,2.366960571,0.6839044460000001,0.6839044460000001,2.366960571,3,0,False
2018-01-21,La Liga,Real Betis,Barcelona,0.348158176,2.218575591,2.218575591,0.348158176,0,5,False
2018-04-07,La Liga,Barcelona,Leganés,2.236896885,0.65573611,0.65573611,2.236896885,3,1,False
2018-02-04,La Liga,Espanyol,Barcelona,0.5659254220000001,0.827279913,0.827279913,0.5659254220000001,1,1,False
2018-03-31,La Liga,Sevilla,Barcelona,2.6078045823,2.052047065,2.052047065,2.6078045823,2,2,False
2018-02-11,La Liga,Barcelona,Getafe,0.953258331,0.39453325749999996,0.39453325749999996,0.953258331,0,0,False
2018-03-04,La Liga,Barcelona,Atlético Madrid,1.0886138696999998,0.1949915093,0.1949915093,1.0886138696999998,1,0,False
2018-02-24,La Liga,Barcelona,Girona,2.643734277,0.765066592,0.765066592,2.643734277,6,1,False
2018-01-28,La Liga,Barcelona,Deportivo Alavés,2.2385854243,0.7808859424,0.7808859424,2.2385854243,2,1,False
2018-05-20,La Liga,Barcelona,Real Sociedad,1.26810036,0.685541521,0.685541521,1.26810036,1,0,False
2018-01-14,La Liga,Real Sociedad,Barcelona,0.8557110539999999,1.156127867,1.156127867,0.8557110539999999,2,4,False
2018-04-17,La Liga,Celta Vigo,Barcelona,2.4107103049999994,2.129271155,2.129271155,2.4107103049999994,2,2,False
2020-10-31,La Liga,Deportivo Alavés,Barcelona,1.128524181,2.0911299490000004,2.0911299490000004,1.128524181,1,1,False
2021-01-09,La Liga,Granada,Barcelona,0.450979546,1.4928263960000003,1.4928263960000003,0.450979546,0,4,False
2021-05-16,La Liga,Barcelona,Celta Vigo,2.159081824,0.729653214,0.729653214,2.159081824,1,2,False
2021-02-07,La Liga,Real Betis,Barcelona,1.3950677189999998,0.9875746009999999,0.9875746009999999,1.3950677189999998,2,2,False
2021-03-06,La Liga,Osasuna,Barcelona,1.2082273140000002,1.056926099,1.056926099,1.2082273140000002,0,2,False
2021-04-10,La Liga,Real Madrid,Barcelona,1.321765321,1.494463878,1.494463878,1.321765321,2,1,False
2020-12-13,La Liga,Barcelona,Levante UD,2.0589936109999996,0.736227611,0.736227611,2.0589936109999996,1,0,False
2020-09-27,La Liga,Barcelona,Villarreal,2.6873112679999998,0.1825146875,0.1825146875,2.6873112679999998,3,0,False
2020-10-01,La Liga,Celta Vigo,Barcelona,0.46619188860000005,0.739652598,0.739652598,0.46619188860000005,0,2,False
2020-10-24,La Liga,Barcelona,Real Madrid,1.2488722015,2.9000679519999997,2.9000679519999997,1.2488722015,1,3,False
2021-01-03,La Liga,Huesca,Barcelona,0.387724143,2.5087607010000004,2.5087607010000004,0.387724143,0,1,False
2020-10-04,La Liga,Barcelona,Sevilla,1.6534482454000001,0.688010283,0.688010283,1.6534482454000001,1,1,False
2020-10-17,La Liga,Getafe,Barcelona,1.652100625,0.7843558220000001,0.7843558220000001,1.652100625,1,0,False
2020-11-21,La Liga,Atlético Madrid,Barcelona,0.5629302270000001,0.954291622,0.954291622,0.5629302270000001,1,0,False
2020-12-19,La Liga,Barcelona,Valencia,2.893558679,1.637535147,1.637535147,2.893558679,2,2,False
2021-04-29,La Liga,Barcelona,Granada,1.233171613,0.535677516,0.535677516,1.233171613,1,2,False
2021-05-08,La Liga,Barcelona,Atlético Madrid,0.864885166,0.55558012,0.55558012,0.864885166,0,0,False
2021-05-11,La Liga,Levante UD,Barcelona,1.017280621,2.813838268,2.813838268,1.017280621,3,3,False
2021-05-02,La Liga,Valencia,Barcelona,1.3016094040000001,3.0856501890000003,3.0856501890000003,1.3016094040000001,2,3,False
2021-03-15,La Liga,Barcelona,Huesca,0.95751025,2.101564256,2.101564256,0.95751025,4,1,False
2021-04-22,La Liga,Barcelona,Getafe,1.6198782499999997,1.502712756,1.502712756,1.6198782499999997,4,1,False
2021-03-21,La Liga,Real Sociedad,Barcelona,0.6805954160000001,2.7190648429999995,2.7190648429999995,0.6805954160000001,1,6,False
2020-12-16,La Liga,Barcelona,Real Sociedad,2.6482608960000005,1.9268283419999999,1.9268283419999999,2.6482608960000005,2,1,False
2020-12-22,La Liga,Real Valladolid,Barcelona,0.6726382205,3.557734448999999,3.557734448999999,0.6726382205,0,3,False
2020-12-05,La Liga,Cádiz,Barcelona,2.2947186695999995,1.528829837,1.528829837,2.2947186695999995,2,0,False
2021-01-06,La Liga,Athletic Club,Barcelona,0.841487605,1.4724851283,1.4724851283,0.841487605,2,3,False
2021-02-13,La Liga,Barcelona,Deportivo Alavés,2.692579604,0.609192384,0.609192384,2.692579604,5,1,False
2021-04-05,La Liga,Barcelona,Real Valladolid,1.8230445149999999,0.354709277,0.354709277,1.8230445149999999,1,0,False
2021-02-27,La Liga,Sevilla,Barcelona,0.089311511,1.92933905,1.92933905,0.089311511,0,2,False
2021-01-31,La Liga,Barcelona,Athletic Club,1.7285390559999998,0.22678602899999997,0.22678602899999997,1.7285390559999998,2,0,False
2020-11-29,La Liga,Barcelona,Osasuna,4.178242825,1.1067934193,1.1067934193,4.178242825,4,0,False
2021-02-21,La Liga,Barcelona,Cádiz,2.1455778609999996,1.0836837049999999,1.0836837049999999,2.1455778609999996,1,1,False
2021-02-24,La Liga,Barcelona,Elche,2.70108426,0.670472064,0.670472064,2.70108426,3,0,False
2021-04-25,La Liga,Villarreal,Barcelona,1.3720789489999998,3.3227739440000006,3.3227739440000006,1.3720789489999998,1,2,False
2020-11-07,La Liga,Barcelona,Real Betis,4.186569146,1.005236781,1.005236781,4.186569146,5,2,False
2018-09-15,La Liga,Real Sociedad,Barcelona,0.914412035,1.398165227,1.398165227,0.914412035,1,2,False
2018-09-26,La Liga,Leganés,Barcelona,1.070911462,0.552077237,0.552077237,1.070911462,2,1,False
2018-10-20,La Liga,Barcelona,Sevilla,2.3974202783,1.6889730939999998,1.6889730939999998,2.3974202783,4,1,False
2018-11-24,La Liga,Atlético Madrid,Barcelona,0.141969905,0.296478192,0.296478192,0.141969905,1,1,False
2018-12-08,La Liga,Espanyol,Barcelona,1.224688889,2.3132187269999998,2.3132187269999998,1.224688889,0,4,False
2019-02-23,La Liga,Sevilla,Barcelona,1.122434296,1.6004439970000002,1.6004439970000002,1.122434296,2,4,False
2018-12-22,La Liga,Barcelona,Celta Vigo,1.134397363,0.8996077410000002,0.8996077410000002,1.134397363,2,0,False
2019-01-06,La Liga,Getafe,Barcelona,1.5908359879999998,1.7478493249999998,1.7478493249999998,1.5908359879999998,1,2,False
2019-02-16,La Liga,Barcelona,Real Valladolid,3.6615278740000003,0.44353789800000004,0.44353789800000004,3.6615278740000003,1,0,False
2019-03-17,La Liga,Real Betis,Barcelona,1.007864181,2.0506601239999998,2.0506601239999998,1.007864181,1,4,False
2019-02-10,La Liga,Athletic Club,Barcelona,1.35796548,0.49470533400000005,0.49470533400000005,1.35796548,0,0,False
2019-04-20,La Liga,Barcelona,Real Sociedad,1.245622556,0.8769487859999999,0.8769487859999999,1.245622556,2,1,False
2018-08-18,La Liga,Barcelona,Deportivo Alavés,2.6599242,0.292109614,0.292109614,2.6599242,3,0,False
2019-02-02,La Liga,Barcelona,Valencia,1.6903835110000003,2.4418723389999997,2.4418723389999997,1.6903835110000003,2,2,False
2019-01-20,La Liga,Barcelona,Leganés,1.74555982,0.6695991617,0.6695991617,1.74555982,3,1,False
2019-04-06,La Liga,Barcelona,Atlético Madrid,1.9246822670000001,0.5219108577,0.5219108577,1.9246822670000001,2,0,False
2018-11-11,La Liga,Barcelona,Real Betis,4.172701368999999,2.0215838760000002,2.0215838760000002,4.172701368999999,3,4,False
2019-04-27,La Liga,Barcelona,Levante UD,1.7492327290000003,0.7343230099999999,0.7343230099999999,1.7492327290000003,1,0,False
2018-12-02,La Liga,Barcelona,Villarreal,1.083847735,0.8975263569999998,0.8975263569999998,1.083847735,2,0,False
2019-01-27,La Liga,Girona,Barcelona,1.212639442,1.906738469,1.906738469,1.212639442,0,2,False
2019-04-23,La Liga,Deportivo Alavés,Barcelona,0.41362018800000006,2.265581007,2.265581007,0.41362018800000006,0,2,False
2018-09-02,La Liga,Barcelona,Huesca,4.513569743,1.264742864,1.264742864,4.513569743,7,2,False
2019-05-19,La Liga,Eibar,Barcelona,1.4778042919999999,0.7572143847999999,0.7572143847999999,1.4778042919999999,2,2,False
2019-01-13,La Liga,Barcelona,Eibar,1.16775373,0.9653471840000001,0.9653471840000001,1.16775373,3,0,False
2019-03-09,La Liga,Barcelona,Rayo Vallecano,2.619028352,0.36264784850000004,0.36264784850000004,2.619028352,3,1,False
2018-12-16,La Liga,Levante UD,Barcelona,1.1649570939999998,2.9769174072,2.9769174072,1.1649570939999998,0,5,False
2019-05-12,La Liga,Barcelona,Getafe,2.040483553,0.9995465319999999,0.9995465319999999,2.040483553,1,0,False
2018-09-29,La Liga,Barcelona,Athletic Club,2.7532440959999995,0.48522814999999997,0.48522814999999997,2.7532440959999995,1,1,False
2018-09-23,La Liga,Barcelona,Girona,1.502485224,1.069202315,1.069202315,1.502485224,2,2,False
2019-04-02,La Liga,Villarreal,Barcelona,2.572822366,2.295202509,2.295202509,2.572822366,4,4,False
2018-10-07,La Liga,Valencia,Barcelona,1.376319467,0.3969471124999999,0.3969471124999999,1.376319467,1,1,False
2019-03-02,La Liga,Real Madrid,Barcelona,1.0888610150000002,1.2611960085000002,1.2611960085000002,1.0888610150000002,0,1,False
2018-08-25,La Liga,Real Valladolid,Barcelona,0.33820088000000004,0.758222371,0.758222371,0.33820088000000004,0,1,False
2019-03-30,La Liga,Barcelona,Espanyol,1.059880911,0.179885682,0.179885682,1.059880911,2,0,False
2020-02-22,La Liga,Barcelona,Eibar,3.9769319509999996,0.6710336225000001,0.6710336225000001,3.9769319509999996,5,0,False
2020-06-16,La Liga,Barcelona,Leganés,1.594327035,0.756958526,0.756958526,1.594327035,2,0,False
2020-06-27,La Liga,Celta Vigo,Barcelona,2.589303723,1.817078918,1.817078918,2.589303723,2,2,False
2019-12-18,La Liga,Barcelona,Real Madrid,0.7199253219999999,0.9542925625,0.9542925625,0.7199253219999999,0,0,False
2019-09-24,La Liga,Barcelona,Villarreal,0.6120868939999999,0.543885724,0.543885724,0.6120868939999999,2,1,False
2020-07-05,La Liga,Villarreal,Barcelona,0.912594162,2.567198417,2.567198417,0.912594162,1,3,False
2019-11-02,La Liga,Levante UD,Barcelona,0.8460165719999999,2.1390446429999996,2.1390446429999996,0.8460165719999999,3,1,False
2019-12-07,La Liga,Barcelona,Mallorca,3.2707426254999987,1.050319794,1.050319794,3.2707426254999987,5,2,False
2019-12-14,La Liga,Real Sociedad,Barcelona,2.787577904000001,1.91304468,1.91304468,2.787577904000001,2,2,False
2020-02-02,La Liga,Barcelona,Levante UD,2.9258208420000007,1.420192558,1.420192558,2.9258208420000007,2,1,False
2020-01-25,La Liga,Valencia,Barcelona,1.2827696740000003,1.165431627,1.165431627,1.2827696740000003,2,0,False
2020-07-16,La Liga,Barcelona,Osasuna,1.0125385055999998,0.4741186025,0.4741186025,1.0125385055999998,1,2,False
2020-07-19,La Liga,Deportivo Alavés,Barcelona,0.406357612,2.913145846,2.913145846,0.406357612,0,5,False
2020-06-23,La Liga,Barcelona,Athletic Club,1.6754328889999999,0.688305282,0.688305282,1.6754328889999999,1,0,False
2020-07-11,La Liga,Real Valladolid,Barcelona,0.7673825240000001,1.2266906060000002,1.2266906060000002,0.7673825240000001,0,1,False
2020-03-07,La Liga,Barcelona,Real Sociedad,1.9346501789999997,0.658936379,0.658936379,1.9346501789999997,1,0,False
2020-07-08,La Liga,Barcelona,Espanyol,1.155459763,0.7635460445,0.7635460445,1.155459763,1,0,False
2020-06-30,La Liga,Barcelona,Atlético Madrid,1.477656265,1.9883945812999997,1.9883945812999997,1.477656265,1,2,False
2019-11-09,La Liga,Barcelona,Celta Vigo,1.558700034,0.26777825549999995,0.26777825549999995,1.558700034,4,1,False
2019-10-29,La Liga,Barcelona,Real Valladolid,2.382540813,0.526865874,0.526865874,2.382540813,5,1,False
2020-06-13,La Liga,Mallorca,Barcelona,0.771835227,2.068523223,2.068523223,0.771835227,0,4,False
2020-01-04,La Liga,Espanyol,Barcelona,0.420332712,1.4762220425,1.4762220425,0.420332712,2,2,False
2020-06-19,La Liga,Sevilla,Barcelona,0.5237576829999999,0.5060273670000001,0.5060273670000001,0.5237576829999999,0,0,False
2020-03-01,La Liga,Real Madrid,Barcelona,0.86527403,1.069344716,1.069344716,0.86527403,2,0,False
2019-10-19,La Liga,Eibar,Barcelona,0.327932219,1.4085941777000002,1.4085941777000002,0.327932219,0,3,False
2020-02-09,La Liga,Real Betis,Barcelona,1.0949722132,1.4341765000000002,1.4341765000000002,1.0949722132,2,3,False
2019-09-21,La Liga,Granada,Barcelona,1.8489029273,0.5349524370000001,0.5349524370000001,1.8489029273,2,0,False
2019-11-23,La Liga,Leganés,Barcelona,0.35129232200000005,1.598676625,1.598676625,0.35129232200000005,1,2,False
2020-02-15,La Liga,Barcelona,Getafe,1.6572169520000002,0.748722662,0.748722662,1.6572169520000002,2,1,False
2019-12-01,La Liga,Atlético Madrid,Barcelona,1.2149636990000003,0.931063791,0.931063791,1.2149636990000003,0,1,False
2019-12-21,La Liga,Barcelona,Deportivo Alavés,1.5926148169999998,0.545430767,0.545430767,1.5926148169999998,4,1,False
2020-01-19,La Liga,Barcelona,Granada,1.5407311209999999,0.218909804,0.218909804,1.5407311209999999,1,0,False
2019-10-06,La Liga,Barcelona,Sevilla,1.4673041635,1.7253259230000002,1.7253259230000002,1.4673041635,4,0,False
2018-04-14,La Liga,Barcelona,Valencia,1.631784803,2.2189510705999997,2.2189510705999997,1.631784803,2,1,False
2018-04-29,La Liga,RC Deportivo La Coruña,Barcelona,2.2408726459999997,3.196088814,3.196088814,2.2408726459999997,2,4,False
2018-05-06,La Liga,Barcelona,Real Madrid,1.013568059,1.7654616890000001,1.7654616890000001,1.013568059,2,2,False
2018-03-18,La Liga,Barcelona,Athletic Club,1.5272114850000003,0.634935711,0.634935711,1.5272114850000003,2,0,False
2018-03-01,La Liga,Las Palmas,Barcelona,1.2387656795000002,1.0450223339999998,1.0450223339999998,1.2387656795000002,1,1,False
2018-02-17,La Liga,Eibar,Barcelona,0.6787358600000001,2.810077197,2.810077197,0.6787358600000001,0,2,False
2018-05-09,La Liga,Barcelona,Villarreal,2.9111367,1.2547959039999999,1.2547959039999999,2.9111367,5,1,False
2018-01-07,La Liga,Barcelona,Levante UD,2.366960571,0.6839044460000001,0.6839044460000001,2.366960571,3,0,False
2018-01-21,La Liga,Real Betis,Barcelona,0.348158176,2.218575591,2.218575591,0.348158176,0,5,False
2018-04-07,La Liga,Barcelona,Leganés,2.236896885,0.65573611,0.65573611,2.236896885,3,1,False
2018-02-04,La Liga,Espanyol,Barcelona,0.5659254220000001,0.827279913,0.827279913,0.5659254220000001,1,1,False
2018-03-31,La Liga,Sevilla,Barcelona,2.6078045823,2.052047065,2.052047065,2.6078045823,2,2,False
2018-02-11,La Liga,Barcelona,Getafe,0.953258331,0.39453325749999996,0.39453325749999996,0.953258331,0,0,False
2018-03-04,La Liga,Barcelona,Atlético Madrid,1.0886138696999998,0.1949915093,0.1949915093,1.0886138696999998,1,0,False
2018-02-24,La Liga,Barcelona,Girona,2.643734277,0.765066592,0.765066592,2.643734277,6,1,False
2018-01-28,La Liga,Barcelona,Deportivo Alavés,2.2385854243,0.7808859424,0.7808859424,2.2385854243,2,1,False
2018-05-20,La Liga,Barcelona,Real Sociedad,1.26810036,0.685541521,0.685541521,1.26810036,1,0,False
2018-01-14,La Liga,Real Sociedad,Barcelona,0.8557110539999999,1.156127867,1.156127867,0.8557110539999999,2,4,False
2018-04-17,La Liga,Celta Vigo,Barcelona,2.4107103049999994,2.129271155,2.129271155,2.4107103049999994,2,2,False
2020-10-31,La Liga,Deportivo Alavés,Barcelona,1.128524181,2.0911299490000004,2.0911299490000004,1.128524181,1,1,False
2021-01-09,La Liga,Granada,Barcelona,0.450979546,1.4928263960000003,1.4928263960000003,0.450979546,0,4,False
2021-05-16,La Liga,Barcelona,Celta Vigo,2.159081824,0.729653214,0.729653214,2.159081824,1,2,False
2021-02-07,La Liga,Real Betis,Barcelona,1.3950677189999998,0.9875746009999999,0.9875746009999999,1.3950677189999998,2,2,False
2021-03-06,La Liga,Osasuna,Barcelona,1.2082273140000002,1.056926099,1.056926099,1.2082273140000002,0,2,False
2021-04-10,La Liga,Real Madrid,Barcelona,1.321765321,1.494463878,1.494463878,1.321765321,2,1,False
2020-12-13,La Liga,Barcelona,Levante UD,2.0589936109999996,0.736227611,0.736227611,2.0589936109999996,1,0,False
2020-09-27,La Liga,Barcelona,Villarreal,2.6873112679999998,0.1825146875,0.1825146875,2.6873112679999998,3,0,False
2020-10-01,La Liga,Celta Vigo,Barcelona,0.46619188860000005,0.739652598,0.739652598,0.46619188860000005,0,2,False
2020-10-24,La Liga,Barcelona,Real Madrid,1.2488722015,2.9000679519999997,2.9000679519999997,1.2488722015,1,3,False
2021-01-03,La Liga,Huesca,Barcelona,0.387724143,2.5087607010000004,2.5087607010000004,0.387724143,0,1,False
2020-10-04,La Liga,Barcelona,Sevilla,1.6534482454000001,0.688010283,0.688010283,1.6534482454000001,1,1,False
2020-10-17,La Liga,Getafe,Barcelona,1.652100625,0.7843558220000001,0.7843558220000001,1.652100625,1,0,False
2020-11-21,La Liga,Atlético Madrid,Barcelona,0.5629302270000001,0.954291622,0.954291622,0.5629302270000001,1,0,False
2020-12-19,La Liga,Barcelona,Valencia,2.893558679,1.637535147,1.637535147,2.893558679,2,2,False
2021-04-29,La Liga,Barcelona,Granada,1.233171613,0.535677516,0.535677516,1.233171613,1,2,False
2021-05-08,La Liga,Barcelona,Atlético Madrid,0.864885166,0.55558012,0.55558012,0.864885166,0,0,False
2021-05-11,La Liga,Levante UD,Barcelona,1.017280621,2.813838268,2.813838268,1.017280621,3,3,False
2021-05-02,La Liga,Valencia,Barcelona,1.3016094040000001,3.0856501890000003,3.0856501890000003,1.3016094040000001,2,3,False
2021-03-15,La Liga,Barcelona,Huesca,0.95751025,2.101564256,2.101564256,0.95751025,4,1,False
2021-04-22,La Liga,Barcelona,Getafe,1.6198782499999997,1.502712756,1.502712756,1.6198782499999997,4,1,False
2021-03-21,La Liga,Real Sociedad,Barcelona,0.6805954160000001,2.7190648429999995,2.7190648429999995,0.6805954160000001,1,6,False
2020-12-16,La Liga,Barcelona,Real Sociedad,2.6482608960000005,1.9268283419999999,1.9268283419999999,2.6482608960000005,2,1,False
2020-12-22,La Liga,Real Valladolid,Barcelona,0.6726382205,3.557734448999999,3.557734448999999,0.6726382205,0,3,False
2020-12-05,La Liga,Cádiz,Barcelona,2.2947186695999995,1.528829837,1.528829837,2.2947186695999995,2,0,False
2021-01-06,La Liga,Athletic Club,Barcelona,0.841487605,1.4724851283,1.4724851283,0.841487605,2,3,False
2021-02-13,La Liga,Barcelona,Deportivo Alavés,2.692579604,0.609192384,0.609192384,2.692579604,5,1,False
2021-04-05,La Liga,Barcelona,Real Valladolid,1.8230445149999999,0.354709277,0.354709277,1.8230445149999999,1,0,False
2021-02-27,La Liga,Sevilla,Barcelona,0.089311511,1.92933905,1.92933905,0.089311511,0,2,False
2021-01-31,La Liga,Barcelona,Athletic Club,1.7285390559999998,0.22678602899999997,0.22678602899999997,1.7285390559999998,2,0,False
2020-11-29,La Liga,Barcelona,Osasuna,4.178242825,1.1067934193,1.1067934193,4.178242825,4,0,False
2021-02-21,La Liga,Barcelona,Cádiz,2.1455778609999996,1.0836837049999999,1.0836837049999999,2.1455778609999996,1,1,False
2021-02-24,La Liga,Barcelona,Elche,2.70108426,0.670472064,0.670472064,2.70108426,3,0,False
2021-04-25,La Liga,Villarreal,Barcelona,1.3720789489999998,3.3227739440000006,3.3227739440000006,1.3720789489999998,1,2,False
2020-11-07,La Liga,Barcelona,Real Betis,4.186569146,1.005236781,1.005236781,4.186569146,5,2,False
2018-09-15,La Liga,Real Sociedad,Barcelona,0.914412035,1.398165227,1.398165227,0.914412035,1,2,False
2018-09-26,La Liga,Leganés,Barcelona,1.070911462,0.552077237,0.552077237,1.070911462,2,1,False
2018-10-20,La Liga,Barcelona,Sevilla,2.3974202783,1.6889730939999998,1.6889730939999998,2.3974202783,4,1,False
2018-11-24,La Liga,Atlético Madrid,Barcelona,0.141969905,0.296478192,0.296478192,0.141969905,1,1,False
2018-12-08,La Liga,Espanyol,Barcelona,1.224688889,2.3132187269999998,2.3132187269999998,1.224688889,0,4,False
2019-02-23,La Liga,Sevilla,Barcelona,1.122434296,1.6004439970000002,1.6004439970000002,1.122434296,2,4,False
2018-12-22,La Liga,Barcelona,Celta Vigo,1.134397363,0.8996077410000002,0.8996077410000002,1.134397363,2,0,False
2019-01-06,La Liga,Getafe,Barcelona,1.5908359879999998,1.7478493249999998,1.7478493249999998,1.5908359879999998,1,2,False
2019-02-16,La Liga,Barcelona,Real Valladolid,3.6615278740000003,0.44353789800000004,0.44353789800000004,3.6615278740000003,1,0,False
2019-03-17,La Liga,Real Betis,Barcelona,1.007864181,2.0506601239999998,2.0506601239999998,1.007864181,1,4,False
2019-02-10,La Liga,Athletic Club,Barcelona,1.35796548,0.49470533400000005,0.49470533400000005,1.35796548,0,0,False
2019-04-20,La Liga,Barcelona,Real Sociedad,1.245622556,0.8769487859999999,0.8769487859999999,1.245622556,2,1,False
2018-08-18,La Liga,Barcelona,Deportivo Alavés,2.6599242,0.292109614,0.292109614,2.6599242,3,0,False
2019-02-02,La Liga,Barcelona,Valencia,1.6903835110000003,2.4418723389999997,2.4418723389999997,1.6903835110000003,2,2,False
2019-01-20,La Liga,Barcelona,Leganés,1.74555982,0.6695991617,0.6695991617,1.74555982,3,1,False
2019-04-06,La Liga,Barcelona,Atlético Madrid,1.9246822670000001,0.5219108577,0.5219108577,1.9246822670000001,2,0,False
2018-11-11,La Liga,Barcelona,Real Betis,4.172701368999999,2.0215838760000002,2.0215838760000002,4.172701368999999,3,4,False
2019-04-27,La Liga,Barcelona,Levante UD,1.7492327290000003,0.7343230099999999,0.7343230099999999,1.7492327290000003,1,0,False
2018-12-02,La Liga,Barcelona,Villarreal,1.083847735,0.8975263569999998,0.8975263569999998,1.083847735,2,0,False
2019-01-27,La Liga,Girona,Barcelona,1.212639442,1.906738469,1.906738469,1.212639442,0,2,False
2019-04-23,La Liga,Deportivo Alavés,Barcelona,0.41362018800000006,2.265581007,2.265581007,0.41362018800000006,0,2,False
2018-09-02,La Liga,Barcelona,Huesca,4.513569743,1.264742864,1.264742864,4.513569743,7,2,False
2019-05-19,La Liga,Eibar,Barcelona,1.4778042919999999,0.7572143847999999,0.7572143847999999,1.4778042919999999,2,2,False
2019-01-13,La Liga,Barcelona,Eibar,1.16775373,0.9653471840000001,0.9653471840000001,1.16775373,3,0,False
2019-03-09,La Liga,Barcelona,Rayo Vallecano,2.619028352,0.36264784850000004,0.36264784850000004,2.619028352,3,1,False
2018-12-16,La Liga,Levante UD,Barcelona,1.1649570939999998,2.9769174072,2.9769174072,1.1649570939999998,0,5,False
2019-05-12,La Liga,Barcelona,Getafe,2.040483553,0.9995465319999999,0.9995465319999999,2.040483553,1,0,False
2018-09-29,La Liga,Barcelona,Athletic Club,2.7532440959999995,0.48522814999999997,0.48522814999999997,2.7532440959999995,1,1,False
2018-09-23,La Liga,Barcelona,Girona,1.502485224,1.069202315,1.069202315,1.502485224,2,2,False
2019-04-02,La Liga,Villarreal,Barcelona,2.572822366,2.295202509,2.295202509,2.572822366,4,4,False
2018-10-07,La Liga,Valencia,Barcelona,1.376319467,0.3969471124999999,0.3969471124999999,1.376319467,1,1,False
2019-03-02,La Liga,Real Madrid,Barcelona,1.0888610150000002,1.2611960085000002,1.2611960085000002,1.0888610150000002,0,1,False
2018-08-25,La Liga,Real Valladolid,Barcelona,0.33820088000000004,0.758222371,0.758222371,0.33820088000000004,0,1,False
2019-03-30,La Liga,Barcelona,Espanyol,1.059880911,0.179885682,0.179885682,1.059880911,2,0,False
2020-02-22,La Liga,Barcelona,Eibar,3.9769319509999996,0.6710336225000001,0.6710336225000001,3.9769319509999996,5,0,False
2020-06-16,La Liga,Barcelona,Leganés,1.594327035,0.756958526,0.756958526,1.594327035,2,0,False
2020-06-27,La Liga,Celta Vigo,Barcelona,2.589303723,1.817078918,1.817078918,2.589303723,2,2,False
2019-12-18,La Liga,Barcelona,Real Madrid,0.7199253219999999,0.9542925625,0.9542925625,0.7199253219999999,0,0,False
2019-09-24,La Liga,Barcelona,Villarreal,0.6120868939999999,0.543885724,0.543885724,0.6120868939999999,2,1,False
2020-07-05,La Liga,Villarreal,Barcelona,0.912594162,2.567198417,2.567198417,0.912594162,1,3,False
2019-11-02,La Liga,Levante UD,Barcelona,0.8460165719999999,2.1390446429999996,2.1390446429999996,0.8460165719999999,3,1,False
2019-12-07,La Liga,Barcelona,Mallorca,3.2707426254999987,1.050319794,1.050319794,3.2707426254999987,5,2,False
2019-12-14,La Liga,Real Sociedad,Barcelona,2.787577904000001,1.91304468,1.91304468,2.787577904000001,2,2,False
2020-02-02,La Liga,Barcelona,Levante UD,2.9258208420000007,1.420192558,1.420192558,2.9258208420000007,2,1,False
2020-01-25,La Liga,Valencia,Barcelona,1.2827696740000003,1.165431627,1.165431627,1.2827696740000003,2,0,False
2020-07-16,La Liga,Barcelona,Osasuna,1.0125385055999998,0.4741186025,0.4741186025,1.0125385055999998,1,2,False
2020-07-19,La Liga,Deportivo Alavés,Barcelona,0.406357612,2.913145846,2.913145846,0.406357612,0,5,False
2020-06-23,La Liga,Barcelona,Athletic Club,1.6754328889999999,0.688305282,0.688305282,1.6754328889999999,1,0,False
2020-07-11,La Liga,Real Valladolid,Barcelona,0.7673825240000001,1.2266906060000002,1.2266906060000002,0.7673825240000001,0,1,False
2020-03-07,La Liga,Barcelona,Real Sociedad,1.9346501789999997,0.658936379,0.658936379,1.9346501789999997,1,0,False
2020-07-08,La Liga,Barcelona,Espanyol,1.155459763,0.7635460445,0.7635460445,1.155459763,1,0,False
2020-06-30,La Liga,Barcelona,Atlético Madrid,1.477656265,1.9883945812999997,1.9883945812999997,1.477656265,1,2,False
2019-11-09,La Liga,Barcelona,Celta Vigo,1.558700034,0.26777825549999995,0.26777825549999995,1.558700034,4,1,False
2019-10-29,La Liga,Barcelona,Real Valladolid,2.382540813,0.526865874,0.526865874,2.382540813,5,1,False
2020-06-13,La Liga,Mallorca,Barcelona,0.771835227,2.068523223,2.068523223,0.771835227,0,4,False
2020-01-04,La Liga,Espanyol,Barcelona,0.420332712,1.4762220425,1.4762220425,0.420332712,2,2,False
2020-06-19,La Liga,Sevilla,Barcelona,0.5237576829999999,0.5060273670000001,0.5060273670000001,0.5237576829999999,0,0,False
2020-03-01,La Liga,Real Madrid,Barcelona,0.86527403,1.069344716,1.069344716,0.86527403,2,0,False
2019-10-19,La Liga,Eibar,Barcelona,0.327932219,1.4085941777000002,1.4085941777000002,0.327932219,0,3,False
2020-02-09,La Liga,Real Betis,Barcelona,1.0949722132,1.4341765000000002,1.4341765000000002,1.0949722132,2,3,False
2019-09-21,La Liga,Granada,Barcelona,1.8489029273,0.5349524370000001,0.5349524370000001,1.8489029273,2,0,False
2019-11-23,La Liga,Leganés,Barcelona,0.35129232200000005,1.598676625,1.598676625,0.35129232200000005,1,2,False
2020-02-15,La Liga,Barcelona,Getafe,1.6572169520000002,0.748722662,0.748722662,1.6572169520000002,2,1,False
2019-12-01,La Liga,Atlético Madrid,Barcelona,1.2149636990000003,0.931063791,0.931063791,1.2149636990000003,0,1,False
2019-12-21,La Liga,Barcelona,Deportivo Alavés,1.5926148169999998,0.545430767,0.545430767,1.5926148169999998,4,1,False
2020-01-19,La Liga,Barcelona,Granada,1.5407311209999999,0.218909804,0.218909804,1.5407311209999999,1,0,False
2019-10-06,La Liga,Barcelona,Sevilla,1.4673041635,1.7253259230000002,1.7253259230000002,1.4673041635,4,0,False
2018-04-14,La Liga,Barcelona,Valencia,1.631784803,2.2189510705999997,2.2189510705999997,1.631784803,2,1,False
2018-04-29,La Liga,RC Deportivo La Coruña,Barcelona,2.2408726459999997,3.196088814,3.196088814,2.2408726459999997,2,4,False
2018-05-06,La Liga,Barcelona,Real Madrid,1.013568059,1.7654616890000001,1.7654616890000001,1.013568059,2,2,False
2018-03-18,La Liga,Barcelona,Athletic Club,1.5272114850000003,0.634935711,0.634935711,1.5272114850000003,2,0,False
2018-03-01,La Liga,Las Palmas,Barcelona,1.2387656795000002,1.0450223339999998,1.0450223339999998,1.2387656795000002,1,1,False
2018-02-17,La Liga,Eibar,Barcelona,0.6787358600000001,2.810077197,2.810077197,0.6787358600000001,0,2,False
2018-05-09,La Liga,Barcelona,Villarreal,2.9111367,1.2547959039999999,1.2547959039999999,2.9111367,5,1,False
2018-01-07,La Liga,Barcelona,Levante UD,2.366960571,0.6839044460000001,0.6839044460000001,2.366960571,3,0,False
2018-01-21,La Liga,Real Betis,Barcelona,0.348158176,2.218575591,2.218575591,0.348158176,0,5,False
2018-04-07,La Liga,Barcelona,Leganés,2.236896885,0.65573611,0.65573611,2.236896885,3,1,False
2018-02-04,La Liga,Espanyol,Barcelona,0.5659254220000001,0.827279913,0.827279913,0.5659254220000001,1,1,False
2018-03-31,La Liga,Sevilla,Barcelona,2.6078045823,2.052047065,2.052047065,2.6078045823,2,2,False
2018-02-11,La Liga,Barcelona,Getafe,0.953258331,0.39453325749999996,0.39453325749999996,0.953258331,0,0,False
2018-03-04,La Liga,Barcelona,Atlético Madrid,1.0886138696999998,0.1949915093,0.1949915093,1.0886138696999998,1,0,False
2018-02-24,La Liga,Barcelona,Girona,2.643734277,0.765066592,0.765066592,2.643734277,6,1,False
2018-01-28,La Liga,Barcelona,Deportivo Alavés,2.2385854243,0.7808859424,0.7808859424,2.2385854243,2,1,False
2018-05-20,La Liga,Barcelona,Real Sociedad,1.26810036,0.685541521,0.685541521,1.26810036,1,0,False
2018-01-14,La Liga,Real Sociedad,Barcelona,0.8557110539999999,1.156127867,1.156127867,0.8557110539999999,2,4,False
2018-04-17,La Liga,Celta Vigo,Barcelona,2.4107103049999994,2.129271155,2.129271155,2.4107103049999994,2,2,False
2020-10-31,La Liga,Deportivo Alavés,Barcelona,1.128524181,2.0911299490000004,2.0911299490000004,1.128524181,1,1,False
2021-01-09,La Liga,Granada,Barcelona,0.450979546,1.4928263960000003,1.4928263960000003,0.450979546,0,4,False
2021-05-16,La Liga,Barcelona,Celta Vigo,2.159081824,0.729653214,0.729653214,2.159081824,1,2,False
2021-02-07,La Liga,Real Betis,Barcelona,1.3950677189999998,0.9875746009999999,0.9875746009999999,1.3950677189999998,2,2,False
2021-03-06,La Liga,Osasuna,Barcelona,1.2082273140000002,1.056926099,1.056926099,1.2082273140000002,0,2,False
2021-04-10,La Liga,Real Madrid,Barcelona,1.321765321,1.494463878,1.494463878,1.321765321,2,1,False
2020-12-13,La Liga,Barcelona,Levante UD,2.0589936109999996,0.736227611,0.736227611,2.0589936109999996,1,0,False
2020-09-27,La Liga,Barcelona,Villarreal,2.6873112679999998,0.1825146875,0.1825146875,2.6873112679999998,3,0,False
2020-10-01,La Liga,Celta Vigo,Barcelona,0.46619188860000005,0.739652598,0.739652598,0.46619188860000005,0,2,False
2020-10-24,La Liga,Barcelona,Real Madrid,1.2488722015,2.9000679519999997,2.9000679519999997,1.2488722015,1,3,False
2021-01-03,La Liga,Huesca,Barcelona,0.387724143,2.5087607010000004,2.5087607010000004,0.387724143,0,1,False
2020-10-04,La Liga,Barcelona,Sevilla,1.6534482454000001,0.688010283,0.688010283,1.6534482454000001,1,1,False
2020-10-17,La Liga,Getafe,Barcelona,1.652100625,0.7843558220000001,0.7843558220000001,1.652100625,1,0,False
2020-11-21,La Liga,Atlético Madrid,Barcelona,0.5629302270000001,0.954291622,0.954291622,0.5629302270000001,1,0,False
2020-12-19,La Liga,Barcelona,Valencia,2.893558679,1.637535147,1.637535147,2.893558679,2,2,False
2021-04-29,La Liga,Barcelona,Granada,1.233171613,0.535677516,0.535677516,1.233171613,1,2,False
2021-05-08,La Liga,Barcelona,Atlético Madrid,0.864885166,0.55558012,0.55558012,0.864885166,0,0,False
2021-05-11,La Liga,Levante UD,Barcelona,1.017280621,2.813838268,2.813838268,1.017280621,3,3,False
2021-05-02,La Liga,Valencia,Barcelona,1.3016094040000001,3.0856501890000003,3.0856501890000003,1.3016094040000001,2,3,False
2021-03-15,La Liga,Barcelona,Huesca,0.95751025,2.101564256,2.101564256,0.95751025,4,1,False
2021-04-22,La Liga,Barcelona,Getafe,1.6198782499999997,1.502712756,1.502712756,1.6198782499999997,4,1,False
2021-03-21,La Liga,Real Sociedad,Barcelona,0.6805954160000001,2.7190648429999995,2.7190648429999995,0.6805954160000001,1,6,False
2020-12-16,La Liga,Barcelona,Real Sociedad,2.6482608960000005,1.9268283419999999,1.9268283419999999,2.6482608960000005,2,1,False
2020-12-22,La Liga,Real Valladolid,Barcelona,0.6726382205,3.557734448999999,3.557734448999999,0.6726382205,0,3,False
2020-12-05,La Liga,Cádiz,Barcelona,2.2947186695999995,1.528829837,1.528829837,2.2947186695999995,2,0,False
2021-01-06,La Liga,Athletic Club,Barcelona,0.841487605,1.4724851283,1.4724851283,0.841487605,2,3,False
2021-02-13,La Liga,Barcelona,Deportivo Alavés,2.692579604,0.609192384,0.609192384,2.692579604,5,1,False
2021-04-05,La Liga,Barcelona,Real Valladolid,1.8230445149999999,0.354709277,0.354709277,1.8230445149999999,1,0,False
2021-02-27,La Liga,Sevilla,Barcelona,0.089311511,1.92933905,1.92933905,0.089311511,0,2,False
2021-01-31,La Liga,Barcelona,Athletic Club,1.7285390559999998,0.22678602899999997,0.22678602899999997,1.7285390559999998,2,0,False
2020-11-29,La Liga,Barcelona,Osasuna,4.178242825,1.1067934193,1.1067934193,4.178242825,4,0,False
2021-02-21,La Liga,Barcelona,Cádiz,2.1455778609999996,1.0836837049999999,1.0836837049999999,2.1455778609999996,1,1,False
2021-02-24,La Liga,Barcelona,Elche,2.70108426,0.670472064,0.670472064,2.70108426,3,0,False
2021-04-25,La Liga,Villarreal,Barcelona,1.3720789489999998,3.3227739440000006,3.3227739440000006,1.3720789489999998,1,2,False
2020-11-07,La Liga,Barcelona,Real Betis,4.186569146,1.005236781,1.005236781,4.186569146,5,2,False
2018-09-15,La Liga,Real Sociedad,Barcelona,0.914412035,1.398165227,1.398165227,0.914412035,1,2,False
2018-09-26,La Liga,Leganés,Barcelona,1.070911462,0.552077237,0.552077237,1.070911462,2,1,False
2018-10-20,La Liga,Barcelona,Sevilla,2.3974202783,1.6889730939999998,1.6889730939999998,2.3974202783,4,1,False
2018-11-24,La Liga,Atlético Madrid,Barcelona,0.141969905,0.296478192,0.296478192,0.141969905,1,1,False
2018-12-08,La Liga,Espanyol,Barcelona,1.224688889,2.3132187269999998,2.3132187269999998,1.224688889,0,4,False
2019-02-23,La Liga,Sevilla,Barcelona,1.122434296,1.6004439970000002,1.6004439970000002,1.122434296,2,4,False
2018-12-22,La Liga,Barcelona,Celta Vigo,1.134397363,0.8996077410000002,0.8996077410000002,1.134397363,2,0,False
2019-01-06,La Liga,Getafe,Barcelona,1.5908359879999998,1.7478493249999998,1.7478493249999998,1.5908359879999998,1,2,False
2019-02-16,La Liga,Barcelona,Real Valladolid,3.6615278740000003,0.44353789800000004,0.44353789800000004,3.6615278740000003,1,0,False
2019-03-17,La Liga,Real Betis,Barcelona,1.007864181,2.0506601239999998,2.0506601239999998,1.007864181,1,4,False
2019-02-10,La Liga,Athletic Club,Barcelona,1.35796548,0.49470533400000005,0.49470533400000005,1.35796548,0,0,False
2019-04-20,La Liga,Barcelona,Real Sociedad,1.245622556,0.8769487859999999,0.8769487859999999,1.245622556,2,1,False
2018-08-18,La Liga,Barcelona,Deportivo Alavés,2.6599242,0.292109614,0.292109614,2.6599242,3,0,False
2019-02-02,La Liga,Barcelona,Valencia,1.6903835110000003,2.4418723389999997,2.4418723389999997,1.6903835110000003,2,2,False
2019-01-20,La Liga,Barcelona,Leganés,1.74555982,0.6695991617,0.6695991617,1.74555982,3,1,False
2019-04-06,La Liga,Barcelona,Atlético Madrid,1.9246822670000001,0.5219108577,0.5219108577,1.9246822670000001,2,0,False
2018-11-11,La Liga,Barcelona,Real Betis,4.172701368999999,2.0215838760000002,2.0215838760000002,4.172701368999999,3,4,False
2019-04-27,La Liga,Barcelona,Levante UD,1.7492327290000003,0.7343230099999999,0.7343230099999999,1.7492327290000003,1,0,False
2018-12-02,La Liga,Barcelona,Villarreal,1.083847735,0.8975263569999998,0.8975263569999998,1.083847735,2,0,False
2019-01-27,La Liga,Girona,Barcelona,1.212639442,1.906738469,1.906738469,1.212639442,0,2,False
2019-04-23,La Liga,Deportivo Alavés,Barcelona,0.41362018800000006,2.265581007,2.265581007,0.41362018800000006,0,2,False
2018-09-02,La Liga,Barcelona,Huesca,4.513569743,1.264742864,1.264742864,4.513569743,7,2,False
2019-05-19,La Liga,Eibar,Barcelona,1.4778042919999999,0.7572143847999999,0.7572143847999999,1.4778042919999999,2,2,False
2019-01-13,La Liga,Barcelona,Eibar,1.16775373,0.9653471840000001,0.9653471840000001,1.16775373,3,0,False
2019-03-09,La Liga,Barcelona,Rayo Vallecano,2.619028352,0.36264784850000004,0.36264784850000004,2.619028352,3,1,False
2018-12-16,La Liga,Levante UD,Barcelona,1.1649570939999998,2.9769174072,2.9769174072,1.1649570939999998,0,5,False
2019-05-12,La Liga,Barcelona,Getafe,2.040483553,0.9995465319999999,0.9995465319999999,2.040483553,1,0,False
2018-09-29,La Liga,Barcelona,Athletic Club,2.7532440959999995,0.48522814999999997,0.48522814999999997,2.7532440959999995,1,1,False
2018-09-23,La Liga,Barcelona,Girona,1.502485224,1.069202315,1.069202315,1.502485224,2,2,False
2019-04-02,La Liga,Villarreal,Barcelona,2.572822366,2.295202509,2.295202509,2.572822366,4,4,False
2018-10-07,La Liga,Valencia,Barcelona,1.376319467,0.3969471124999999,0.3969471124999999,1.376319467,1,1,False
2019-03-02,La Liga,Real Madrid,Barcelona,1.0888610150000002,1.2611960085000002,1.2611960085000002,1.0888610150000002,0,1,False
2018-08-25,La Liga,Real Valladolid,Barcelona,0.33820088000000004,0.758222371,0.758222371,0.33820088000000004,0,1,False
2019-03-30,La Liga,Barcelona,Espanyol,1.059880911,0.179885682,0.179885682,1.059880911,2,0,False
2020-02-22,La Liga,Barcelona,Eibar,3.9769319509999996,0.6710336225000001,0.6710336225000001,3.9769319509999996,5,0,False
2020-06-16,La Liga,Barcelona,Leganés,1.594327035,0.756958526,0.756958526,1.594327035,2,0,False
2020-06-27,La Liga,Celta Vigo,Barcelona,2.589303723,1.817078918,1.817078918,2.589303723,2,2,False
2019-12-18,La Liga,Barcelona,Real Madrid,0.7199253219999999,0.9542925625,0.9542925625,0.7199253219999999,0,0,False
2019-09-24,La Liga,Barcelona,Villarreal,0.6120868939999999,0.543885724,0.543885724,0.6120868939999999,2,1,False
2020-07-05,La Liga,Villarreal,Barcelona,0.912594162,2.567198417,2.567198417,0.912594162,1,3,False
2019-11-02,La Liga,Levante UD,Barcelona,0.8460165719999999,2.1390446429999996,2.1390446429999996,0.8460165719999999,3,1,False
2019-12-07,La Liga,Barcelona,Mallorca,3.2707426254999987,1.050319794,1.050319794,3.2707426254999987,5,2,False
2019-12-14,La Liga,Real Sociedad,Barcelona,2.787577904000001,1.91304468,1.91304468,2.787577904000001,2,2,False
2020-02-02,La Liga,Barcelona,Levante UD,2.9258208420000007,1.420192558,1.420192558,2.9258208420000007,2,1,False
2020-01-25,La Liga,Valencia,Barcelona,1.2827696740000003,1.165431627,1.165431627,1.2827696740000003,2,0,False
2020-07-16,La Liga,Barcelona,Osasuna,1.0125385055999998,0.4741186025,0.4741186025,1.0125385055999998,1,2,False
2020-07-19,La Liga,Deportivo Alavés,Barcelona,0.406357612,2.913145846,2.913145846,0.406357612,0,5,False
2020-06-23,La Liga,Barcelona,Athletic Club,1.6754328889999999,0.688305282,0.688305282,1.6754328889999999,1,0,False
2020-07-11,La Liga,Real Valladolid,Barcelona,0.7673825240000001,1.2266906060000002,1.2266906060000002,0.7673825240000001,0,1,False
2020-03-07,La Liga,Barcelona,Real Sociedad,1.9346501789999997,0.658936379,0.658936379,1.9346501789999997,1,0,False
2020-07-08,La Liga,Barcelona,Espanyol,1.155459763,0.7635460445,0.7635460445,1.155459763,1,0,False
2020-06-30,La Liga,Barcelona,Atlético Madrid,1.477656265,1.9883945812999997,1.9883945812999997,1.477656265,1,2,False
2019-11-09,La Liga,Barcelona,Celta Vigo,1.558700034,0.26777825549999995,0.26777825549999995,1.558700034,4,1,False
2019-10-29,La Liga,Barcelona,Real Valladolid,2.382540813,0.526865874,0.526865874,2.382540813,5,1,False
2020-06-13,La Liga,Mallorca,Barcelona,0.771835227,2.068523223,2.068523223,0.771835227,0,4,False
2020-01-04,La Liga,Espanyol,Barcelona,0.420332712,1.4762220425,1.4762220425,0.420332712,2,2,False
2020-06-19,La Liga,Sevilla,Barcelona,0.5237576829999999,0.5060273670000001,0.5060273670000001,0.5237576829999999,0,0,False
2020-03-01,La Liga,Real Madrid,Barcelona,0.86527403,1.069344716,1.069344716,0.86527403,2,0,False
2019-10-19,La Liga,Eibar,Barcelona,0.327932219,1.4085941777000002,1.4085941777000002,0.327932219,0,3,False
2020-02-09,La Liga,Real Betis,Barcelona,1.0949722132,1.4341765000000002,1.4341765000000002,1.0949722132,2,3,False
2019-09-21,La Liga,Granada,Barcelona,1.8489029273,0.5349524370000001,0.5349524370000001,1.8489029273,2,0,False
2019-11-23,La Liga,Leganés,Barcelona,0.35129232200000005,1.598676625,1.598676625,0.35129232200000005,1,2,False
2020-02-15,La Liga,Barcelona,Getafe,1.6572169520000002,0.748722662,0.748722662,1.6572169520000002,2,1,False
2019-12-01,La Liga,Atlético Madrid,Barcelona,1.2149636990000003,0.931063791,0.931063791,1.2149636990000003,0,1,False
2019-12-21,La Liga,Barcelona,Deportivo Alavés,1.5926148169999998,0.545430767,0.545430767,1.5926148169999998,4,1,False
2020-01-19,La Liga,Barcelona,Granada,1.5407311209999999,0.218909804,0.218909804,1.5407311209999999,1,0,False
2019-10-06,La Liga,Barcelona,Sevilla,1.4673041635,1.7253259230000002,1.7253259230000002,1.4673041635,4,0,False
2018-04-14,La Liga,Barcelona,Valencia,1.631784803,2.2189510705999997,2.2189510705999997,1.631784803,2,1,False
2018-04-29,La Liga,RC Deportivo La Coruña,Barcelona,2.2408726459999997,3.196088814,3.196088814,2.2408726459999997,2,4,False
2018-05-06,La Liga,Barcelona,Real Madrid,1.013568059,1.7654616890000001,1.7654616890000001,1.013568059,2,2,False
2018-03-18,La Liga,Barcelona,Athletic Club,1.5272114850000003,0.634935711,0.634935711,1.5272114850000003,2,0,False
2018-03-01,La Liga,Las Palmas,Barcelona,1.2387656795000002,1.0450223339999998,1.0450223339999998,1.2387656795000002,1,1,False
2018-02-17,La Liga,Eibar,Barcelona,0.6787358600000001,2.810077197,2.810077197,0.6787358600000001,0,2,False
2018-05-09,La Liga,Barcelona,Villarreal,2.9111367,1.2547959039999999,1.2547959039999999,2.9111367,5,1,False
2018-01-07,La Liga,Barcelona,Levante UD,2.366960571,0.6839044460000001,0.6839044460000001,2.366960571,3,0,False
2018-01-21,La Liga,Real Betis,Barcelona,0.348158176,2.218575591,2.218575591,0.348158176,0,5,False
2018-04-07,La Liga,Barcelona,Leganés,2.236896885,0.65573611,0.65573611,2.236896885,3,1,False
2018-02-04,La Liga,Espanyol,Barcelona,0.5659254220000001,0.827279913,0.827279913,0.5659254220000001,1,1,False
2018-03-31,La Liga,Sevilla,Barcelona,2.6078045823,2.052047065,2.052047065,2.6078045823,2,2,False
2018-02-11,La Liga,Barcelona,Getafe,0.953258331,0.39453325749999996,0.39453325749999996,0.953258331,0,0,False
2018-03-04,La Liga,Barcelona,Atlético Madrid,1.0886138696999998,0.1949915093,0.1949915093,1.0886138696999998,1,0,False
2018-02-24,La Liga,Barcelona,Girona,2.643734277,0.765066592,0.765066592,2.643734277,6,1,False
2018-01-28,La Liga,Barcelona,Deportivo Alavés,2.2385854243,0.7808859424,0.7808859424,2.2385854243,2,1,False
2018-05-20,La Liga,Barcelona,Real Sociedad,1.26810036,0.685541521,0.685541521,1.26810036,1,0,False
2018-01-14,La Liga,Real Sociedad,Barcelona,0.8557110539999999,1.156127867,1.156127867,0.8557110539999999,2,4,False
2018-04-17,La Liga,Celta Vigo,Barcelona,2.4107103049999994,2.129271155,2.129271155,2.4107103049999994,2,2,False
2020-10-31,La Liga,Deportivo Alavés,Barcelona,1.128524181,2.0911299490000004,2.0911299490000004,1.128524181,1,1,False
2021-01-09,La Liga,Granada,Barcelona,0.450979546,1.4928263960000003,1.4928263960000003,0.450979546,0,4,False
2021-05-16,La Liga,Barcelona,Celta Vigo,2.159081824,0.729653214,0.729653214,2.159081824,1,2,False
2021-02-07,La Liga,Real Betis,Barcelona,1.3950677189999998,0.9875746009999999,0.9875746009999999,1.3950677189999998,2,2,False
2021-03-06,La Liga,Osasuna,Barcelona,1.2082273140000002,1.056926099,1.056926099,1.2082273140000002,0,2,False
2021-04-10,La Liga,Real Madrid,Barcelona,1.321765321,1.494463878,1.494463878,1.321765321,2,1,False
2020-12-13,La Liga,Barcelona,Levante UD,2.0589936109999996,0.736227611,0.736227611,2.0589936109999996,1,0,False
2020-09-27,La Liga,Barcelona,Villarreal,2.6873112679999998,0.1825146875,0.1825146875,2.6873112679999998,3,0,False
2020-10-01,La Liga,Celta Vigo,Barcelona,0.46619188860000005,0.739652598,0.739652598,0.46619188860000005,0,2,False
2020-10-24,La Liga,Barcelona,Real Madrid,1.2488722015,2.9000679519999997,2.9000679519999997,1.2488722015,1,3,False
2021-01-03,La Liga,Huesca,Barcelona,0.387724143,2.5087607010000004,2.5087607010000004,0.387724143,0,1,False
2020-10-04,La Liga,Barcelona,Sevilla,1.6534482454000001,0.688010283,0.688010283,1.6534482454000001,1,1,False
2020-10-17,La Liga,Getafe,Barcelona,1.652100625,0.7843558220000001,0.7843558220000001,1.652100625,1,0,False
2020-11-21,La Liga,Atlético Madrid,Barcelona,0.5629302270000001,0.954291622,0.954291622,0.5629302270000001,1,0,False
2020-12-19,La Liga,Barcelona,Valencia,2.893558679,1.637535147,1.637535147,2.893558679,2,2,False
2021-04-29,La Liga,Barcelona,Granada,1.233171613,0.535677516,0.535677516,1.233171613,1,2,False
2021-05-08,La Liga,Barcelona,Atlético Madrid,0.864885166,0.55558012,0.55558012,0.864885166,0,0,False
2021-05-11,La Liga,Levante UD,Barcelona,1.017280621,2.813838268,2.813838268,1.017280621,3,3,False
2021-05-02,La Liga,Valencia,Barcelona,1.3016094040000001,3.0856501890000003,3.0856501890000003,1.3016094040000001,2,3,False
2021-03-15,La Liga,Barcelona,Huesca,0.95751025,2.101564256,2.101564256,0.95751025,4,1,False
2021-04-22,La Liga,Barcelona,Getafe,1.6198782499999997,1.502712756,1.502712756,1.6198782499999997,4,1,False
2021-03-21,La Liga,Real Sociedad,Barcelona,0.6805954160000001,2.7190648429999995,2.7190648429999995,0.6805954160000001,1,6,False
2020-12-16,La Liga,Barcelona,Real Sociedad,2.6482608960000005,1.9268283419999999,1.9268283419999999,2.6482608960000005,2,1,False
2020-12-22,La Liga,Real Valladolid,Barcelona,0.6726382205,3.557734448999999,3.557734448999999,0.6726382205,0,3,False
2020-12-05,La Liga,Cádiz,Barcelona,2.2947186695999995,1.528829837,1.528829837,2.2947186695999995,2,0,False
2021-01-06,La Liga,Athletic Club,Barcelona,0.841487605,1.4724851283,1.4724851283,0.841487605,2,3,False
2021-02-13,La Liga,Barcelona,Deportivo Alavés,2.692579604,0.609192384,0.609192384,2.692579604,5,1,False
2021-04-05,La Liga,Barcelona,Real Valladolid,1.8230445149999999,0.354709277,0.354709277,1.8230445149999999,1,0,False
2021-02-27,La Liga,Sevilla,Barcelona,0.089311511,1.92933905,1.92933905,0.089311511,0,2,False
2021-01-31,La Liga,Barcelona,Athletic Club,1.7285390559999998,0.22678602899999997,0.22678602899999997,1.7285390559999998,2,0,False
2020-11-29,La Liga,Barcelona,Osasuna,4.178242825,1.1067934193,1.1067934193,4.178242825,4,0,False
2021-02-21,La Liga,Barcelona,Cádiz,2.1455778609999996,1.0836837049999999,1.0836837049999999,2.1455778609999996,1,1,False
2021-02-24,La Liga,Barcelona,Elche,2.70108426,0.670472064,0.670472064,2.70108426,3,0,False
2021-04-25,La Liga,Villarreal,Barcelona,1.3720789489999998,3.3227739440000006,3.3227739440000006,1.3720789489999998,1,2,False
2020-11-07,La Liga,Barcelona,Real Betis,4.186569146,1.005236781,1.005236781,4.186569146,5,2,False
2018-09-15,La Liga,Real Sociedad,Barcelona,0.914412035,1.398165227,1.398165227,0.914412035,1,2,False
2018-09-26,La Liga,Leganés,Barcelona,1.070911462,0.552077237,0.552077237,1.070911462,2,1,False
2018-10-20,La Liga,Barcelona,Sevilla,2.3974202783,1.6889730939999998,1.6889730939999998,2.3974202783,4,1,False
2018-11-24,La Liga,Atlético Madrid,Barcelona,0.141969905,0.296478192,0.296478192,0.141969905,1,1,False
2018-12-08,La Liga,Espanyol,Barcelona,1.224688889,2.3132187269999998,2.3132187269999998,1.224688889,0,4,False
2019-02-23,La Liga,Sevilla,Barcelona,1.122434296,1.6004439970000002,1.6004439970000002,1.122434296,2,4,False
2018-12-22,La Liga,Barcelona,Celta Vigo,1.134397363,0.8996077410000002,0.8996077410000002,1.134397363,2,0,False
2019-01-06,La Liga,Getafe,Barcelona,1.5908359879999998,1.7478493249999998,1.7478493249999998,1.5908359879999998,1,2,False
2019-02-16,La Liga,Barcelona,Real Valladolid,3.6615278740000003,0.44353789800000004,0.44353789800000004,3.6615278740000003,1,0,False
2019-03-17,La Liga,Real Betis,Barcelona,1.007864181,2.0506601239999998,2.0506601239999998,1.007864181,1,4,False
2019-02-10,La Liga,Athletic Club,Barcelona,1.35796548,0.49470533400000005,0.49470533400000005,1.35796548,0,0,False
2019-04-20,La Liga,Barcelona,Real Sociedad,1.245622556,0.8769487859999999,0.8769487859999999,1.245622556,2,1,False
2018-08-18,La Liga,Barcelona,Deportivo Alavés,2.6599242,0.292109614,0.292109614,2.6599242,3,0,False
2019-02-02,La Liga,Barcelona,Valencia,1.6903835110000003,2.4418723389999997,2.4418723389999997,1.6903835110000003,2,2,False
2019-01-20,La Liga,Barcelona,Leganés,1.74555982,0.6695991617,0.6695991617,1.74555982,3,1,False
2019-04-06,La Liga,Barcelona,Atlético Madrid,1.9246822670000001,0.5219108577,0.5219108577,1.9246822670000001,2,0,False
2018-11-11,La Liga,Barcelona,Real Betis,4.172701368999999,2.0215838760000002,2.0215838760000002,4.172701368999999,3,4,False
2019-04-27,La Liga,Barcelona,Levante UD,1.7492327290000003,0.7343230099999999,0.7343230099999999,1.7492327290000003,1,0,False
2018-12-02,La Liga,Barcelona,Villarreal,1.083847735,0.8975263569999998,0.8975263569999998,1.083847735,2,0,False
2019-01-27,La Liga,Girona,Barcelona,1.212639442,1.906738469,1.906738469,1.212639442,0,2,False
2019-04-23,La Liga,Deportivo Alavés,Barcelona,0.41362018800000006,2.265581007,2.265581007,0.41362018800000006,0,2,False
2018-09-02,La Liga,Barcelona,Huesca,4.513569743,1.264742864,1.264742864,4.513569743,7,2,False
2019-05-19,La Liga,Eibar,Barcelona,1.4778042919999999,0.7572143847999999,0.7572143847999999,1.4778042919999999,2,2,False
2019-01-13,La Liga,Barcelona,Eibar,1.16775373,0.9653471840000001,0.9653471840000001,1.16775373,3,0,False
2019-03-09,La Liga,Barcelona,Rayo Vallecano,2.619028352,0.36264784850000004,0.36264784850000004,2.619028352,3,1,False
2018-12-16,La Liga,Levante UD,Barcelona,1.1649570939999998,2.9769174072,2.9769174072,1.1649570939999998,0,5,False
2019-05-12,La Liga,Barcelona,Getafe,2.040483553,0.9995465319999999,0.9995465319999999,2.040483553,1,0,False
2018-09-29,La Liga,Barcelona,Athletic Club,2.7532440959999995,0.48522814999999997,0.48522814999999997,2.7532440959999995,1,1,False
2018-09-23,La Liga,Barcelona,Girona,1.502485224,1.069202315,1.069202315,1.502485224,2,2,False
2019-04-02,La Liga,Villarreal,Barcelona,2.572822366,2.295202509,2.295202509,2.572822366,4,4,False
2018-10-07,La Liga,Valencia,Barcelona,1.376319467,0.3969471124999999,0.3969471124999999,1.376319467,1,1,False
2019-03-02,La Liga,Real Madrid,Barcelona,1.0888610150000002,1.2611960085000002,1.2611960085000002,1.0888610150000002,0,1,False
2018-08-25,La Liga,Real Valladolid,Barcelona,0.33820088000000004,0.758222371,0.758222371,0.33820088000000004,0,1,False
2019-03-30,La Liga,Barcelona,Espanyol,1.059880911,0.179885682,0.179885682,1.059880911,2,0,False
2020-02-22,La Liga,Barcelona,Eibar,3.9769319509999996,0.6710336225000001,0.6710336225000001,3.9769319509999996,5,0,False
2020-06-16,La Liga,Barcelona,Leganés,1.594327035,0.756958526,0.756958526,1.594327035,2,0,False
2020-06-27,La Liga,Celta Vigo,Barcelona,2.589303723,1.817078918,1.817078918,2.589303723,2,2,False
2019-12-18,La Liga,Barcelona,Real Madrid,0.7199253219999999,0.9542925625,0.9542925625,0.7199253219999999,0,0,False
2019-09-24,La Liga,Barcelona,Villarreal,0.6120868939999999,0.543885724,0.543885724,0.6120868939999999,2,1,False
2020-07-05,La Liga,Villarreal,Barcelona,0.912594162,2.567198417,2.567198417,0.912594162,1,3,False
2019-11-02,La Liga,Levante UD,Barcelona,0.8460165719999999,2.1390446429999996,2.1390446429999996,0.8460165719999999,3,1,False
2019-12-07,La Liga,Barcelona,Mallorca,3.2707426254999987,1.050319794,1.050319794,3.2707426254999987,5,2,False
2019-12-14,La Liga,Real Sociedad,Barcelona,2.787577904000001,1.91304468,1.91304468,2.787577904000001,2,2,False
2020-02-02,La Liga,Barcelona,Levante UD,2.9258208420000007,1.420192558,1.420192558,2.9258208420000007,2,1,False
2020-01-25,La Liga,Valencia,Barcelona,1.2827696740000003,1.165431627,1.165431627,1.2827696740000003,2,0,False
2020-07-16,La Liga,Barcelona,Osasuna,1.0125385055999998,0.4741186025,0.4741186025,1.0125385055999998,1,2,False
2020-07-19,La Liga,Deportivo Alavés,Barcelona,0.406357612,2.913145846,2.913145846,0.406357612,0,5,False
2020-06-23,La Liga,Barcelona,Athletic Club,1.6754328889999999,0.688305282,0.688305282,1.6754328889999999,1,0,False
2020-07-11,La Liga,Real Valladolid,Barcelona,0.7673825240000001,1.2266906060000002,1.2266906060000002,0.7673825240000001,0,1,False
2020-03-07,La Liga,Barcelona,Real Sociedad,1.9346501789999997,0.658936379,0.658936379,1.9346501789999997,1,0,False
2020-07-08,La Liga,Barcelona,Espanyol,1.155459763,0.7635460445,0.7635460445,1.155459763,1,0,False
2020-06-30,La Liga,Barcelona,Atlético Madrid,1.477656265,1.9883945812999997,1.9883945812999997,1.477656265,1,2,False
2019-11-09,La Liga,Barcelona,Celta Vigo,1.558700034,0.26777825549999995,0.26777825549999995,1.558700034,4,1,False
2019-10-29,La Liga,Barcelona,Real Valladolid,2.382540813,0.526865874,0.526865874,2.382540813,5,1,False
2020-06-13,La Liga,Mallorca,Barcelona,0.771835227,2.068523223,2.068523223,0.771835227,0,4,False
2020-01-04,La Liga,Espanyol,Barcelona,0.420332712,1.4762220425,1.4762220425,0.420332712,2,2,False
2020-06-19,La Liga,Sevilla,Barcelona,0.5237576829999999,0.5060273670000001,0.5060273670000001,0.5237576829999999,0,0,False
2020-03-01,La Liga,Real Madrid,Barcelona,0.86527403,1.069344716,1.069344716,0.86527403,2,0,False
2019-10-19,La Liga,Eibar,Barcelona,0.327932219,1.4085941777000002,1.4085941777000002,0.327932219,0,3,False
2020-02-09,La Liga,Real Betis,Barcelona,1.0949722132,1.4341765000000002,1.4341765000000002,1.0949722132,2,3,False
2019-09-21,La Liga,Granada,Barcelona,1.8489029273,0.5349524370000001,0.5349524370000001,1.8489029273,2,0,False
2019-11-23,La Liga,Leganés,Barcelona,0.35129232200000005,1.598676625,1.598676625,0.35129232200000005,1,2,False
2020-02-15,La Liga,Barcelona,Getafe,1.6572169520000002,0.748722662,0.748722662,1.6572169520000002,2,1,False
2019-12-01,La Liga,Atlético Madrid,Barcelona,1.2149636990000003,0.931063791,0.931063791,1.2149636990000003,0,1,False
2019-12-21,La Liga,Barcelona,Deportivo Alavés,1.5926148169999998,0.545430767,0.545430767,1.5926148169999998,4,1,False
2020-01-19,La Liga,Barcelona,Granada,1.5407311209999999,0.218909804,0.218909804,1.5407311209999999,1,0,False
2019-10-06,La Liga,Barcelona,Sevilla,1.4673041635,1.7253259230000002,1.7253259230000002,1.4673041635,4,0,False
2018-04-14,La Liga,Barcelona,Valencia,1.631784803,2.2189510705999997,2.2189510705999997,1.631784803,2,1,False
2018-04-29,La Liga,RC Deportivo La Coruña,Barcelona,2.2408726459999997,3.196088814,3.196088814,2.2408726459999997,2,4,False
2018-05-06,La Liga,Barcelona,Real Madrid,1.013568059,1.7654616890000001,1.7654616890000001,1.013568059,2,2,False
2018-03-18,La Liga,Barcelona,Athletic Club,1.5272114850000003,0.634935711,0.634935711,1.5272114850000003,2,0,False
2018-03-01,La Liga,Las Palmas,Barcelona,1.2387656795000002,1.0450223339999998,1.0450223339999998,1.2387656795000002,1,1,False
2018-02-17,La Liga,Eibar,Barcelona,0.6787358600000001,2.810077197,2.810077197,0.6787358600000001,0,2,False
2018-05-09,La Liga,Barcelona,Villarreal,2.9111367,1.2547959039999999,1.2547959039999999,2.9111367,5,1,False
2018-01-07,La Liga,Barcelona,Levante UD,2.366960571,0.6839044460000001,0.6839044460000001,2.366960571,3,0,False
2018-01-21,La Liga,Real Betis,Barcelona,0.348158176,2.218575591,2.218575591,0.348158176,0,5,False
2018-04-07,La Liga,Barcelona,Leganés,2.236896885,0.65573611,0.65573611,2.236896885,3,1,False
2018-02-04,La Liga,Espanyol,Barcelona,0.5659254220000001,0.827279913,0.827279913,0.5659254220000001,1,1,False
2018-03-31,La Liga,Sevilla,Barcelona,2.6078045823,2.052047065,2.052047065,2.6078045823,2,2,False
2018-02-11,La Liga,Barcelona,Getafe,0.953258331,0.39453325749999996,0.39453325749999996,0.953258331,0,0,False
2018-03-04,La Liga,Barcelona,Atlético Madrid,1.0886138696999998,0.1949915093,0.1949915093,1.0886138696999998,1,0,False
2018-02-24,La Liga,Barcelona,Girona,2.643734277,0.765066592,0.765066592,2.643734277,6,1,False
2018-01-28,La Liga,Barcelona,Deportivo Alavés,2.2385854243,0.7808859424,0.7808859424,2.2385854243,2,1,False
2018-05-20,La Liga,Barcelona,Real Sociedad,1.26810036,0.685541521,0.685541521,1.26810036,1,0,False
2018-01-14,La Liga,Real Sociedad,Barcelona,0.8557110539999999,1.156127867,1.156127867,0.8557110539999999,2,4,False
2018-04-17,La Liga,Celta Vigo,Barcelona,2.4107103049999994,2.129271155,2.129271155,2.4107103049999994,2,2,False
2020-10-31,La Liga,Deportivo Alavés,Barcelona,1.128524181,2.0911299490000004,2.0911299490000004,1.128524181,1,1,False
2021-01-09,La Liga,Granada,Barcelona,0.450979546,1.4928263960000003,1.4928263960000003,0.450979546,0,4,False
2021-05-16,La Liga,Barcelona,Celta Vigo,2.159081824,0.729653214,0.729653214,2.159081824,1,2,False
2021-02-07,La Liga,Real Betis,Barcelona,1.3950677189999998,0.9875746009999999,0.9875746009999999,1.3950677189999998,2,2,False
2021-03-06,La Liga,Osasuna,Barcelona,1.2082273140000002,1.056926099,1.056926099,1.2082273140000002,0,2,False
2021-04-10,La Liga,Real Madrid,Barcelona,1.321765321,1.494463878,1.494463878,1.321765321,2,1,False
2020-12-13,La Liga,Barcelona,Levante UD,2.0589936109999996,0.736227611,0.736227611,2.0589936109999996,1,0,False
2020-09-27,La Liga,Barcelona,Villarreal,2.6873112679999998,0.1825146875,0.1825146875,2.6873112679999998,3,0,False
2020-10-01,La Liga,Celta Vigo,Barcelona,0.46619188860000005,0.739652598,0.739652598,0.46619188860000005,0,2,False
2020-10-24,La Liga,Barcelona,Real Madrid,1.2488722015,2.9000679519999997,2.9000679519999997,1.2488722015,1,3,False
2021-01-03,La Liga,Huesca,Barcelona,0.387724143,2.5087607010000004,2.5087607010000004,0.387724143,0,1,False
2020-10-04,La Liga,Barcelona,Sevilla,1.6534482454000001,0.688010283,0.688010283,1.6534482454000001,1,1,False
2020-10-17,La Liga,Getafe,Barcelona,1.652100625,0.7843558220000001,0.7843558220000001,1.652100625,1,0,False
2020-11-21,La Liga,Atlético Madrid,Barcelona,0.5629302270000001,0.954291622,0.954291622,0.5629302270000001,1,0,False
2020-12-19,La Liga,Barcelona,Valencia,2.893558679,1.637535147,1.637535147,2.893558679,2,2,False
2021-04-29,La Liga,Barcelona,Granada,1.233171613,0.535677516,0.535677516,1.233171613,1,2,False
2021-05-08,La Liga,Barcelona,Atlético Madrid,0.864885166,0.55558012,0.55558012,0.864885166,0,0,False
2021-05-11,La Liga,Levante UD,Barcelona,1.017280621,2.813838268,2.813838268,1.017280621,3,3,False
2021-05-02,La Liga,Valencia,Barcelona,1.3016094040000001,3.0856501890000003,3.0856501890000003,1.3016094040000001,2,3,False
2021-03-15,La Liga,Barcelona,Huesca,0.95751025,2.101564256,2.101564256,0.95751025,4,1,False
2021-04-22,La Liga,Barcelona,Getafe,1.6198782499999997,1.502712756,1.502712756,1.6198782499999997,4,1,False
2021-03-21,La Liga,Real Sociedad,Barcelona,0.6805954160000001,2.7190648429999995,2.7190648429999995,0.6805954160000001,1,6,False
2020-12-16,La Liga,Barcelona,Real Sociedad,2.6482608960000005,1.9268283419999999,1.9268283419999999,2.6482608960000005,2,1,False
2020-12-22,La Liga,Real Valladolid,Barcelona,0.6726382205,3.557734448999999,3.557734448999999,0.6726382205,0,3,False
2020-12-05,La Liga,Cádiz,Barcelona,2.2947186695999995,1.528829837,1.528829837,2.2947186695999995,2,0,False
2021-01-06,La Liga,Athletic Club,Barcelona,0.841487605,1.4724851283,1.4724851283,0.841487605,2,3,False
2021-02-13,La Liga,Barcelona,Deportivo Alavés,2.692579604,0.609192384,0.609192384,2.692579604,5,1,False
2021-04-05,La Liga,Barcelona,Real Valladolid,1.8230445149999999,0.354709277,0.354709277,1.8230445149999999,1,0,False
2021-02-27,La Liga,Sevilla,Barcelona,0.089311511,1.92933905,1.92933905,0.089311511,0,2,False
2021-01-31,La Liga,Barcelona,Athletic Club,1.7285390559999998,0.22678602899999997,0.22678602899999997,1.7285390559999998,2,0,False
2020-11-29,La Liga,Barcelona,Osasuna,4.178242825,1.1067934193,1.1067934193,4.178242825,4,0,False
2021-02-21,La Liga,Barcelona,Cádiz,2.1455778609999996,1.0836837049999999,1.0836837049999999,2.1455778609999996,1,1,False
2021-02-24,La Liga,Barcelona,Elche,2.70108426,0.670472064,0.670472064,2.70108426,3,0,False
2021-04-25,La Liga,Villarreal,Barcelona,1.3720789489999998,3.3227739440000006,3.3227739440000006,1.3720789489999998,1,2,False
2020-11-07,La Liga,Barcelona,Real Betis,4.186569146,1.005236781,1.005236781,4.186569146,5,2,False
2018-09-15,La Liga,Real Sociedad,Barcelona,0.914412035,1.398165227,1.398165227,0.914412035,1,2,False
2018-09-26,La Liga,Leganés,Barcelona,1.070911462,0.552077237,0.552077237,1.070911462,2,1,False
2018-10-20,La Liga,Barcelona,Sevilla,2.3974202783,1.6889730939999998,1.6889730939999998,2.3974202783,4,1,False
2018-11-24,La Liga,Atlético Madrid,Barcelona,0.141969905,0.296478192,0.296478192,0.141969905,1,1,False
2018-12-08,La Liga,Espanyol,Barcelona,1.224688889,2.3132187269999998,2.3132187269999998,1.224688889,0,4,False
2019-02-23,La Liga,Sevilla,Barcelona,1.122434296,1.6004439970000002,1.6004439970000002,1.122434296,2,4,False
2018-12-22,La Liga,Barcelona,Celta Vigo,1.134397363,0.8996077410000002,0.8996077410000002,1.134397363,2,0,False
2019-01-06,La Liga,Getafe,Barcelona,1.5908359879999998,1.7478493249999998,1.7478493249999998,1.5908359879999998,1,2,False
2019-02-16,La Liga,Barcelona,Real Valladolid,3.6615278740000003,0.44353789800000004,0.44353789800000004,3.6615278740000003,1,0,False
2019-03-17,La Liga,Real Betis,Barcelona,1.007864181,2.0506601239999998,2.0506601239999998,1.007864181,1,4,False
2019-02-10,La Liga,Athletic Club,Barcelona,1.35796548,0.49470533400000005,0.49470533400000005,1.35796548,0,0,False
2019-04-20,La Liga,Barcelona,Real Sociedad,1.245622556,0.8769487859999999,0.8769487859999999,1.245622556,2,1,False
2018-08-18,La Liga,Barcelona,Deportivo Alavés,2.6599242,0.292109614,0.292109614,2.6599242,3,0,False
2019-02-02,La Liga,Barcelona,Valencia,1.6903835110000003,2.4418723389999997,2.4418723389999997,1.6903835110000003,2,2,False
2019-01-20,La Liga,Barcelona,Leganés,1.74555982,0.6695991617,0.6695991617,1.74555982,3,1,False
2019-04-06,La Liga,Barcelona,Atlético Madrid,1.9246822670000001,0.5219108577,0.5219108577,1.9246822670000001,2,0,False
2018-11-11,La Liga,Barcelona,Real Betis,4.172701368999999,2.0215838760000002,2.0215838760000002,4.172701368999999,3,4,False
2019-04-27,La Liga,Barcelona,Levante UD,1.7492327290000003,0.7343230099999999,0.7343230099999999,1.7492327290000003,1,0,False
2018-12-02,La Liga,Barcelona,Villarreal,1.083847735,0.8975263569999998,0.8975263569999998,1.083847735,2,0,False
2019-01-27,La Liga,Girona,Barcelona,1.212639442,1.906738469,1.906738469,1.212639442,0,2,False
2019-04-23,La Liga,Deportivo Alavés,Barcelona,0.41362018800000006,2.265581007,2.265581007,0.41362018800000006,0,2,False
2018-09-02,La Liga,Barcelona,Huesca,4.513569743,1.264742864,1.264742864,4.513569743,7,2,False
2019-05-19,La Liga,Eibar,Barcelona,1.4778042919999999,0.7572143847999999,0.7572143847999999,1.4778042919999999,2,2,False
2019-01-13,La Liga,Barcelona,Eibar,1.16775373,0.9653471840000001,0.9653471840000001,1.16775373,3,0,False
2019-03-09,La Liga,Barcelona,Rayo Vallecano,2.619028352,0.36264784850000004,0.36264784850000004,2.619028352,3,1,False
2018-12-16,La Liga,Levante UD,Barcelona,1.1649570939999998,2.9769174072,2.9769174072,1.1649570939999998,0,5,False
2019-05-12,La Liga,Barcelona,Getafe,2.040483553,0.9995465319999999,0.9995465319999999,2.040483553,1,0,False
2018-09-29,La Liga,Barcelona,Athletic Club,2.7532440959999995,0.48522814999999997,0.48522814999999997,2.7532440959999995,1,1,False
2018-09-23,La Liga,Barcelona,Girona,1.502485224,1.069202315,1.069202315,1.502485224,2,2,False
2019-04-02,La Liga,Villarreal,Barcelona,2.572822366,2.295202509,2.295202509,2.572822366,4,4,False
2018-10-07,La Liga,Valencia,Barcelona,1.376319467,0.3969471124999999,0.3969471124999999,1.376319467,1,1,False
2019-03-02,La Liga,Real Madrid,Barcelona,1.0888610150000002,1.2611960085000002,1.2611960085000002,1.0888610150000002,0,1,False
2018-08-25,La Liga,Real Valladolid,Barcelona,0.33820088000000004,0.758222371,0.758222371,0.33820088000000004,0,1,False
2019-03-30,La Liga,Barcelona,Espanyol,1.059880911,0.179885682,0.179885682,1.059880911,2,0,False
2020-02-22,La Liga,Barcelona,Eibar,3.9769319509999996,0.6710336225000001,0.6710336225000001,3.9769319509999996,5,0,False
2020-06-16,La Liga,Barcelona,Leganés,1.594327035,0.756958526,0.756958526,1.594327035,2,0,False
2020-06-27,La Liga,Celta Vigo,Barcelona,2.589303723,1.817078918,1.817078918,2.589303723,2,2,False
2019-12-18,La Liga,Barcelona,Real Madrid,0.7199253219999999,0.9542925625,0.9542925625,0.7199253219999999,0,0,False
2019-09-24,La Liga,Barcelona,Villarreal,0.6120868939999999,0.543885724,0.543885724,0.6120868939999999,2,1,False
2020-07-05,La Liga,Villarreal,Barcelona,0.912594162,2.567198417,2.567198417,0.912594162,1,3,False
2019-11-02,La Liga,Levante UD,Barcelona,0.8460165719999999,2.1390446429999996,2.1390446429999996,0.8460165719999999,3,1,False
2019-12-07,La Liga,Barcelona,Mallorca,3.2707426254999987,1.050319794,1.050319794,3.2707426254999987,5,2,False
2019-12-14,La Liga,Real Sociedad,Barcelona,2.787577904000001,1.91304468,1.91304468,2.787577904000001,2,2,False
2020-02-02,La Liga,Barcelona,Levante UD,2.9258208420000007,1.420192558,1.420192558,2.9258208420000007,2,1,False
2020-01-25,La Liga,Valencia,Barcelona,1.2827696740000003,1.165431627,1.165431627,1.2827696740000003,2,0,False
2020-07-16,La Liga,Barcelona,Osasuna,1.0125385055999998,0.4741186025,0.4741186025,1.0125385055999998,1,2,False
2020-07-19,La Liga,Deportivo Alavés,Barcelona,0.406357612,2.913145846,2.913145846,0.406357612,0,5,False
2020-06-23,La Liga,Barcelona,Athletic Club,1.6754328889999999,0.688305282,0.688305282,1.6754328889999999,1,0,False
2020-07-11,La Liga,Real Valladolid,Barcelona,0.7673825240000001,1.2266906060000002,1.2266906060000002,0.7673825240000001,0,1,False
2020-03-07,La Liga,Barcelona,Real Sociedad,1.9346501789999997,0.658936379,0.658936379,1.9346501789999997,1,0,False
2020-07-08,La Liga,Barcelona,Espanyol,1.155459763,0.7635460445,0.7635460445,1.155459763,1,0,False
2020-06-30,La Liga,Barcelona,Atlético Madrid,1.477656265,1.9883945812999997,1.9883945812999997,1.477656265,1,2,False
2019-11-09,La Liga,Barcelona,Celta Vigo,1.558700034,0.26777825549999995,0.26777825549999995,1.558700034,4,1,False
2019-10-29,La Liga,Barcelona,Real Valladolid,2.382540813,0.526865874,0.526865874,2.382540813,5,1,False
2020-06-13,La Liga,Mallorca,Barcelona,0.771835227,2.068523223,2.068523223,0.771835227,0,4,False
2020-01-04,La Liga,Espanyol,Barcelona,0.420332712,1.4762220425,1.4762220425,0.420332712,2,2,False
2020-06-19,La Liga,Sevilla,Barcelona,0.5237576829999999,0.5060273670000001,0.5060273670000001,0.5237576829999999,0,0,False
2020-03-01,La Liga,Real Madrid,Barcelona,0.86527403,1.069344716,1.069344716,0.86527403,2,0,False
2019-10-19,La Liga,Eibar,Barcelona,0.327932219,1.4085941777000002,1.4085941777000002,0.327932219,0,3,False
2020-02-09,La Liga,Real Betis,Barcelona,1.0949722132,1.4341765000000002,1.4341765000000002,1.0949722132,2,3,False
2019-09-21,La Liga,Granada,Barcelona,1.8489029273,0.5349524370000001,0.5349524370000001,1.8489029273,2,0,False
2019-11-23,La Liga,Leganés,Barcelona,0.35129232200000005,1.598676625,1.598676625,0.35129232200000005,1,2,False
2020-02-15,La Liga,Barcelona,Getafe,1.6572169520000002,0.748722662,0.748722662,1.6572169520000002,2,1,False
2019-12-01,La Liga,Atlético Madrid,Barcelona,1.2149636990000003,0.931063791,0.931063791,1.2149636990000003,0,1,False
2019-12-21,La Liga,Barcelona,Deportivo Alavés,1.5926148169999998,0.545430767,0.545430767,1.5926148169999998,4,1,False
2020-01-19,La Liga,Barcelona,Granada,1.5407311209999999,0.218909804,0.218909804,1.5407311209999999,1,0,False
2019-10-06,La Liga,Barcelona,Sevilla,1.4673041635,1.7253259230000002,1.7253259230000002,1.4673041635,4,0,False
2018-04-14,La Liga,Barcelona,Valencia,1.631784803,2.2189510705999997,2.2189510705999997,1.631784803,2,1,False
2018-04-29,La Liga,RC Deportivo La Coruña,Barcelona,2.2408726459999997,3.196088814,3.196088814,2.2408726459999997,2,4,False
2018-05-06,La Liga,Barcelona,Real Madrid,1.013568059,1.7654616890000001,1.7654616890000001,1.013568059,2,2,False
2018-03-18,La Liga,Barcelona,Athletic Club,1.5272114850000003,0.634935711,0.634935711,1.5272114850000003,2,0,False
2018-03-01,La Liga,Las Palmas,Barcelona,1.2387656795000002,1.0450223339999998,1.0450223339999998,1.2387656795000002,1,1,False
2018-02-17,La Liga,Eibar,Barcelona,0.6787358600000001,2.810077197,2.810077197,0.6787358600000001,0,2,False
2018-05-09,La Liga,Barcelona,Villarreal,2.9111367,1.2547959039999999,1.2547959039999999,2.9111367,5,1,False
2018-01-07,La Liga,Barcelona,Levante UD,2.366960571,0.6839044460000001,0.6839044460000001,2.366960571,3,0,False
2018-01-21,La Liga,Real Betis,Barcelona,0.348158176,2.218575591,2.218575591,0.348158176,0,5,False
2018-04-07,La Liga,Barcelona,Leganés,2.236896885,0.65573611,0.65573611,2.236896885,3,1,False
2018-02-04,La Liga,Espanyol,Barcelona,0.5659254220000001,0.827279913,0.827279913,0.5659254220000001,1,1,False
2018-03-31,La Liga,Sevilla,Barcelona,2.6078045823,2.052047065,2.052047065,2.6078045823,2,2,False
2018-02-11,La Liga,Barcelona,Getafe,0.953258331,0.39453325749999996,0.39453325749999996,0.953258331,0,0,False
2018-03-04,La Liga,Barcelona,Atlético Madrid,1.0886138696999998,0.1949915093,0.1949915093,1.0886138696999998,1,0,False
2018-02-24,La Liga,Barcelona,Girona,2.643734277,0.765066592,0.765066592,2.643734277,6,1,False
2018-01-28,La Liga,Barcelona,Deportivo Alavés,2.2385854243,0.7808859424,0.7808859424,2.2385854243,2,1,False
2018-05-20,La Liga,Barcelona,Real Sociedad,1.26810036,0.685541521,0.685541521,1.26810036,1,0,False
2018-01-14,La Liga,Real Sociedad,Barcelona,0.8557110539999999,1.156127867,1.156127867,0.8557110539999999,2,4,False
2018-04-17,La Liga,Celta Vigo,Barcelona,2.4107103049999994,2.129271155,2.129271155,2.4107103049999994,2,2,False
2020-10-31,La Liga,Deportivo Alavés,Barcelona,1.128524181,2.0911299490000004,2.0911299490000004,1.128524181,1,1,False
2021-01-09,La Liga,Granada,Barcelona,0.450979546,1.4928263960000003,1.4928263960000003,0.450979546,0,4,False
2021-05-16,La Liga,Barcelona,Celta Vigo,2.159081824,0.729653214,0.729653214,2.159081824,1,2,False
2021-02-07,La Liga,Real Betis,Barcelona,1.3950677189999998,0.9875746009999999,0.9875746009999999,1.3950677189999998,2,2,False
2021-03-06,La Liga,Osasuna,Barcelona,1.2082273140000002,1.056926099,1.056926099,1.2082273140000002,0,2,False
2021-04-10,La Liga,Real Madrid,Barcelona,1.321765321,1.494463878,1.494463878,1.321765321,2,1,False
2020-12-13,La Liga,Barcelona,Levante UD,2.0589936109999996,0.736227611,0.736227611,2.0589936109999996,1,0,False
2020-09-27,La Liga,Barcelona,Villarreal,2.6873112679999998,0.1825146875,0.1825146875,2.6873112679999998,3,0,False
2020-10-01,La Liga,Celta Vigo,Barcelona,0.46619188860000005,0.739652598,0.739652598,0.46619188860000005,0,2,False
2020-10-24,La Liga,Barcelona,Real Madrid,1.2488722015,2.9000679519999997,2.9000679519999997,1.2488722015,1,3,False
2021-01-03,La Liga,Huesca,Barcelona,0.387724143,2.5087607010000004,2.5087607010000004,0.387724143,0,1,False
2020-10-04,La Liga,Barcelona,Sevilla,1.6534482454000001,0.688010283,0.688010283,1.6534482454000001,1,1,False
2020-10-17,La Liga,Getafe,Barcelona,1.652100625,0.7843558220000001,0.7843558220000001,1.652100625,1,0,False
2020-11-21,La Liga,Atlético Madrid,Barcelona,0.5629302270000001,0.954291622,0.954291622,0.5629302270000001,1,0,False
2020-12-19,La Liga,Barcelona,Valencia,2.893558679,1.637535147,1.637535147,2.893558679,2,2,False
2021-04-29,La Liga,Barcelona,Granada,1.233171613,0.535677516,0.535677516,1.233171613,1,2,False
2021-05-08,La Liga,Barcelona,Atlético Madrid,0.864885166,0.55558012,0.55558012,0.864885166,0,0,False
2021-05-11,La Liga,Levante UD,Barcelona,1.017280621,2.813838268,2.813838268,1.017280621,3,3,False
2021-05-02,La Liga,Valencia,Barcelona,1.3016094040000001,3.0856501890000003,3.0856501890000003,1.3016094040000001,2,3,False
2021-03-15,La Liga,Barcelona,Huesca,0.95751025,2.101564256,2.101564256,0.95751025,4,1,False
2021-04-22,La Liga,Barcelona,Getafe,1.6198782499999997,1.502712756,1.502712756,1.6198782499999997,4,1,False
2021-03-21,La Liga,Real Sociedad,Barcelona,0.6805954160000001,2.7190648429999995,2.7190648429999995,0.6805954160000001,1,6,False
2020-12-16,La Liga,Barcelona,Real Sociedad,2.6482608960000005,1.9268283419999999,1.9268283419999999,2.6482608960000005,2,1,False
2020-12-22,La Liga,Real Valladolid,Barcelona,0.6726382205,3.557734448999999,3.557734448999999,0.6726382205,0,3,False
2020-12-05,La Liga,Cádiz,Barcelona,2.2947186695999995,1.528829837,1.528829837,2.2947186695999995,2,0,False
2021-01-06,La Liga,Athletic Club,Barcelona,0.841487605,1.4724851283,1.4724851283,0.841487605,2,3,False
2021-02-13,La Liga,Barcelona,Deportivo Alavés,2.692579604,0.609192384,0.609192384,2.692579604,5,1,False
2021-04-05,La Liga,Barcelona,Real Valladolid,1.8230445149999999,0.354709277,0.354709277,1.8230445149999999,1,0,False
2021-02-27,La Liga,Sevilla,Barcelona,0.089311511,1.92933905,1.92933905,0.089311511,0,2,False
2021-01-31,La Liga,Barcelona,Athletic Club,1.7285390559999998,0.22678602899999997,0.22678602899999997,1.7285390559999998,2,0,False
2020-11-29,La Liga,Barcelona,Osasuna,4.178242825,1.1067934193,1.1067934193,4.178242825,4,0,False
2021-02-21,La Liga,Barcelona,Cádiz,2.1455778609999996,1.0836837049999999,1.0836837049999999,2.1455778609999996,1,1,False
2021-02-24,La Liga,Barcelona,Elche,2.70108426,0.670472064,0.670472064,2.70108426,3,0,False
2021-04-25,La Liga,Villarreal,Barcelona,1.3720789489999998,3.3227739440000006,3.3227739440000006,1.3720789489999998,1,2,False
2020-11-07,La Liga,Barcelona,Real Betis,4.186569146,1.005236781,1.005236781,4.186569146,5,2,False
2018-09-15,La Liga,Real Sociedad,Barcelona,0.914412035,1.398165227,1.398165227,0.914412035,1,2,False
2018-09-26,La Liga,Leganés,Barcelona,1.070911462,0.552077237,0.552077237,1.070911462,2,1,False
2018-10-20,La Liga,Barcelona,Sevilla,2.3974202783,1.6889730939999998,1.6889730939999998,2.3974202783,4,1,False
2018-11-24,La Liga,Atlético Madrid,Barcelona,0.141969905,0.296478192,0.296478192,0.141969905,1,1,False
2018-12-08,La Liga,Espanyol,Barcelona,1.224688889,2.3132187269999998,2.3132187269999998,1.224688889,0,4,False
2019-02-23,La Liga,Sevilla,Barcelona,1.122434296,1.6004439970000002,1.6004439970000002,1.122434296,2,4,False
2018-12-22,La Liga,Barcelona,Celta Vigo,1.134397363,0.8996077410000002,0.8996077410000002,1.134397363,2,0,False
2019-01-06,La Liga,Getafe,Barcelona,1.5908359879999998,1.7478493249999998,1.7478493249999998,1.5908359879999998,1,2,False
2019-02-16,La Liga,Barcelona,Real Valladolid,3.6615278740000003,0.44353789800000004,0.44353789800000004,3.6615278740000003,1,0,False
2019-03-17,La Liga,Real Betis,Barcelona,1.007864181,2.0506601239999998,2.0506601239999998,1.007864181,1,4,False
2019-02-10,La Liga,Athletic Club,Barcelona,1.35796548,0.49470533400000005,0.49470533400000005,1.35796548,0,0,False
2019-04-20,La Liga,Barcelona,Real Sociedad,1.245622556,0.8769487859999999,0.8769487859999999,1.245622556,2,1,False
2018-08-18,La Liga,Barcelona,Deportivo Alavés,2.6599242,0.292109614,0.292109614,2.6599242,3,0,False
2019-02-02,La Liga,Barcelona,Valencia,1.6903835110000003,2.4418723389999997,2.4418723389999997,1.6903835110000003,2,2,False
2019-01-20,La Liga,Barcelona,Leganés,1.74555982,0.6695991617,0.6695991617,1.74555982,3,1,False
2019-04-06,La Liga,Barcelona,Atlético Madrid,1.9246822670000001,0.5219108577,0.5219108577,1.9246822670000001,2,0,False
2018-11-11,La Liga,Barcelona,Real Betis,4.172701368999999,2.0215838760000002,2.0215838760000002,4.172701368999999,3,4,False
2019-04-27,La Liga,Barcelona,Levante UD,1.7492327290000003,0.7343230099999999,0.7343230099999999,1.7492327290000003,1,0,False
2018-12-02,La Liga,Barcelona,Villarreal,1.083847735,0.8975263569999998,0.8975263569999998,1.083847735,2,0,False
2019-01-27,La Liga,Girona,Barcelona,1.212639442,1.906738469,1.906738469,1.212639442,0,2,False
2019-04-23,La Liga,Deportivo Alavés,Barcelona,0.41362018800000006,2.265581007,2.265581007,0.41362018800000006,0,2,False
2018-09-02,La Liga,Barcelona,Huesca,4.513569743,1.264742864,1.264742864,4.513569743,7,2,False
2019-05-19,La Liga,Eibar,Barcelona,1.4778042919999999,0.7572143847999999,0.7572143847999999,1.4778042919999999,2,2,False
2019-01-13,La Liga,Barcelona,Eibar,1.16775373,0.9653471840000001,0.9653471840000001,1.16775373,3,0,False
2019-03-09,La Liga,Barcelona,Rayo Vallecano,2.619028352,0.36264784850000004,0.36264784850000004,2.619028352,3,1,False
2018-12-16,La Liga,Levante UD,Barcelona,1.1649570939999998,2.9769174072,2.9769174072,1.1649570939999998,0,5,False
2019-05-12,La Liga,Barcelona,Getafe,2.040483553,0.9995465319999999,0.9995465319999999,2.040483553,1,0,False
2018-09-29,La Liga,Barcelona,Athletic Club,2.7532440959999995,0.48522814999999997,0.48522814999999997,2.7532440959999995,1,1,False
2018-09-23,La Liga,Barcelona,Girona,1.502485224,1.069202315,1.069202315,1.502485224,2,2,False
2019-04-02,La Liga,Villarreal,Barcelona,2.572822366,2.295202509,2.295202509,2.572822366,4,4,False
2018-10-07,La Liga,Valencia,Barcelona,1.376319467,0.3969471124999999,0.3969471124999999,1.376319467,1,1,False
2019-03-02,La Liga,Real Madrid,Barcelona,1.0888610150000002,1.2611960085000002,1.2611960085000002,1.0888610150000002,0,1,False
2018-08-25,La Liga,Real Valladolid,Barcelona,0.33820088000000004,0.758222371,0.758222371,0.33820088000000004,0,1,False
2019-03-30,La Liga,Barcelona,Espanyol,1.059880911,0.179885682,0.179885682,1.059880911,2,0,False
2020-02-22,La Liga,Barcelona,Eibar,3.9769319509999996,0.6710336225000001,0.6710336225000001,3.9769319509999996,5,0,False
2020-06-16,La Liga,Barcelona,Leganés,1.594327035,0.756958526,0.756958526,1.594327035,2,0,False
2020-06-27,La Liga,Celta Vigo,Barcelona,2.589303723,1.817078918,1.817078918,2.589303723,2,2,False
2019-12-18,La Liga,Barcelona,Real Madrid,0.7199253219999999,0.9542925625,0.9542925625,0.7199253219999999,0,0,False
2019-09-24,La Liga,Barcelona,Villarreal,0.6120868939999999,0.543885724,0.543885724,0.6120868939999999,2,1,False
2020-07-05,La Liga,Villarreal,Barcelona,0.912594162,2.567198417,2.567198417,0.912594162,1,3,False
2019-11-02,La Liga,Levante UD,Barcelona,0.8460165719999999,2.1390446429999996,2.1390446429999996,0.8460165719999999,3,1,False
2019-12-07,La Liga,Barcelona,Mallorca,3.2707426254999987,1.050319794,1.050319794,3.2707426254999987,5,2,False
2019-12-14,La Liga,Real Sociedad,Barcelona,2.787577904000001,1.91304468,1.91304468,2.787577904000001,2,2,False
2020-02-02,La Liga,Barcelona,Levante UD,2.9258208420000007,1.420192558,1.420192558,2.9258208420000007,2,1,False
2020-01-25,La Liga,Valencia,Barcelona,1.2827696740000003,1.165431627,1.165431627,1.2827696740000003,2,0,False
2020-07-16,La Liga,Barcelona,Osasuna,1.0125385055999998,0.4741186025,0.4741186025,1.0125385055999998,1,2,False
2020-07-19,La Liga,Deportivo Alavés,Barcelona,0.406357612,2.913145846,2.913145846,0.406357612,0,5,False
2020-06-23,La Liga,Barcelona,Athletic Club,1.6754328889999999,0.688305282,0.688305282,1.6754328889999999,1,0,False
2020-07-11,La Liga,Real Valladolid,Barcelona,0.7673825240000001,1.2266906060000002,1.2266906060000002,0.7673825240000001,0,1,False
2020-03-07,La Liga,Barcelona,Real Sociedad,1.9346501789999997,0.658936379,0.658936379,1.9346501789999997,1,0,False
2020-07-08,La Liga,Barcelona,Espanyol,1.155459763,0.7635460445,0.7635460445,1.155459763,1,0,False
2020-06-30,La Liga,Barcelona,Atlético Madrid,1.477656265,1.9883945812999997,1.9883945812999997,1.477656265,1,2,False
2019-11-09,La Liga,Barcelona,Celta Vigo,1.558700034,0.26777825549999995,0.26777825549999995,1.558700034,4,1,False
2019-10-29,La Liga,Barcelona,Real Valladolid,2.382540813,0.526865874,0.526865874,2.382540813,5,1,False
2020-06-13,La Liga,Mallorca,Barcelona,0.771835227,2.068523223,2.068523223,0.771835227,0,4,False
2020-01-04,La Liga,Espanyol,Barcelona,0.420332712,1.4762220425,1.4762220425,0.420332712,2,2,False
2020-06-19,La Liga,Sevilla,Barcelona,0.5237576829999999,0.5060273670000001,0.5060273670000001,0.5237576829999999,0,0,False
2020-03-01,La Liga,Real Madrid,Barcelona,0.86527403,1.069344716,1.069344716,0.86527403,2,0,False
2019-10-19,La Liga,Eibar,Barcelona,0.327932219,1.4085941777000002,1.4085941777000002,0.327932219,0,3,False
2020-02-09,La Liga,Real Betis,Barcelona,1.0949722132,1.4341765000000002,1.4341765000000002,1.0949722132,2,3,False
2019-09-21,La Liga,Granada,Barcelona,1.8489029273,0.5349524370000001,0.5349524370000001,1.8489029273,2,0,False
2019-11-23,La Liga,Leganés,Barcelona,0.35129232200000005,1.598676625,1.598676625,0.35129232200000005,1,2,False
2020-02-15,La Liga,Barcelona,Getafe,1.6572169520000002,0.748722662,0.748722662,1.6572169520000002,2,1,False
2019-12-01,La Liga,Atlético Madrid,Barcelona,1.2149636990000003,0.931063791,0.931063791,1.2149636990000003,0,1,False
2019-12-21,La Liga,Barcelona,Deportivo Alavés,1.5926148169999998,0.545430767,0.545430767,1.5926148169999998,4,1,False
2020-01-19,La Liga,Barcelona,Granada,1.5407311209999999,0.218909804,0.218909804,1.5407311209999999,1,0,False
2019-10-06,La Liga,Barcelona,Sevilla,1.4673041635,1.7253259230000002,1.7253259230000002,1.4673041635,4,0,False
2018-04-14,La Liga,Barcelona,Valencia,1.631784803,2.2189510705999997,2.2189510705999997,1.631784803,2,1,False
2018-04-29,La Liga,RC Deportivo La Coruña,Barcelona,2.2408726459999997,3.196088814,3.196088814,2.2408726459999997,2,4,False
2018-05-06,La Liga,Barcelona,Real Madrid,1.013568059,1.7654616890000001,1.7654616890000001,1.013568059,2,2,False
2018-03-18,La Liga,Barcelona,Athletic Club,1.5272114850000003,0.634935711,0.634935711,1.5272114850000003,2,0,False
2018-03-01,La Liga,Las Palmas,Barcelona,1.2387656795000002,1.0450223339999998,1.0450223339999998,1.2387656795000002,1,1,False
2018-02-17,La Liga,Eibar,Barcelona,0.6787358600000001,2.810077197,2.810077197,0.6787358600000001,0,2,False
2018-05-09,La Liga,Barcelona,Villarreal,2.9111367,1.2547959039999999,1.2547959039999999,2.9111367,5,1,False
2018-01-07,La Liga,Barcelona,Levante UD,2.366960571,0.6839044460000001,0.6839044460000001,2.366960571,3,0,False
2018-01-21,La Liga,Real Betis,Barcelona,0.348158176,2.218575591,2.218575591,0.348158176,0,5,False
2018-04-07,La Liga,Barcelona,Leganés,2.236896885,0.65573611,0.65573611,2.236896885,3,1,False
2018-02-04,La Liga,Espanyol,Barcelona,0.5659254220000001,0.827279913,0.827279913,0.5659254220000001,1,1,False
2018-03-31,La Liga,Sevilla,Barcelona,2.6078045823,2.052047065,2.052047065,2.6078045823,2,2,False
2018-02-11,La Liga,Barcelona,Getafe,0.953258331,0.39453325749999996,0.39453325749999996,0.953258331,0,0,False
2018-03-04,La Liga,Barcelona,Atlético Madrid,1.0886138696999998,0.1949915093,0.1949915093,1.0886138696999998,1,0,False
2018-02-24,La Liga,Barcelona,Girona,2.643734277,0.765066592,0.765066592,2.643734277,6,1,False
2018-01-28,La Liga,Barcelona,Deportivo Alavés,2.2385854243,0.7808859424,0.7808859424,2.2385854243,2,1,False
2018-05-20,La Liga,Barcelona,Real Sociedad,1.26810036,0.685541521,0.685541521,1.26810036,1,0,False
2018-01-14,La Liga,Real Sociedad,Barcelona,0.8557110539999999,1.156127867,1.156127867,0.8557110539999999,2,4,False
2018-04-17,La Liga,Celta Vigo,Barcelona,2.4107103049999994,2.129271155,2.129271155,2.4107103049999994,2,2,False
2020-10-31,La Liga,Deportivo Alavés,Barcelona,1.128524181,2.0911299490000004,2.0911299490000004,1.128524181,1,1,False
2021-01-09,La Liga,Granada,Barcelona,0.450979546,1.4928263960000003,1.4928263960000003,0.450979546,0,4,False
2021-05-16,La Liga,Barcelona,Celta Vigo,2.159081824,0.729653214,0.729653214,2.159081824,1,2,False
2021-02-07,La Liga,Real Betis,Barcelona,1.3950677189999998,0.9875746009999999,0.9875746009999999,1.3950677189999998,2,2,False
2021-03-06,La Liga,Osasuna,Barcelona,1.2082273140000002,1.056926099,1.056926099,1.2082273140000002,0,2,False
2021-04-10,La Liga,Real Madrid,Barcelona,1.321765321,1.494463878,1.494463878,1.321765321,2,1,False
2020-12-13,La Liga,Barcelona,Levante UD,2.0589936109999996,0.736227611,0.736227611,2.0589936109999996,1,0,False
2020-09-27,La Liga,Barcelona,Villarreal,2.6873112679999998,0.1825146875,0.1825146875,2.6873112679999998,3,0,False
2020-10-01,La Liga,Celta Vigo,Barcelona,0.46619188860000005,0.739652598,0.739652598,0.46619188860000005,0,2,False
2020-10-24,La Liga,Barcelona,Real Madrid,1.2488722015,2.9000679519999997,2.9000679519999997,1.2488722015,1,3,False
2021-01-03,La Liga,Huesca,Barcelona,0.387724143,2.5087607010000004,2.5087607010000004,0.387724143,0,1,False
2020-10-04,La Liga,Barcelona,Sevilla,1.6534482454000001,0.688010283,0.688010283,1.6534482454000001,1,1,False
2020-10-17,La Liga,Getafe,Barcelona,1.652100625,0.7843558220000001,0.7843558220000001,1.652100625,1,0,False
2020-11-21,La Liga,Atlético Madrid,Barcelona,0.5629302270000001,0.954291622,0.954291622,0.5629302270000001,1,0,False
2020-12-19,La Liga,Barcelona,Valencia,2.893558679,1.637535147,1.637535147,2.893558679,2,2,False
2021-04-29,La Liga,Barcelona,Granada,1.233171613,0.535677516,0.535677516,1.233171613,1,2,False
2021-05-08,La Liga,Barcelona,Atlético Madrid,0.864885166,0.55558012,0.55558012,0.864885166,0,0,False
2021-05-11,La Liga,Levante UD,Barcelona,1.017280621,2.813838268,2.813838268,1.017280621,3,3,False
2021-05-02,La Liga,Valencia,Barcelona,1.3016094040000001,3.0856501890000003,3.0856501890000003,1.3016094040000001,2,3,False
2021-03-15,La Liga,Barcelona,Huesca,0.95751025,2.101564256,2.101564256,0.95751025,4,1,False
2021-04-22,La Liga,Barcelona,Getafe,1.6198782499999997,1.502712756,1.502712756,1.6198782499999997,4,1,False
2021-03-21,La Liga,Real Sociedad,Barcelona,0.6805954160000001,2.7190648429999995,2.7190648429999995,0.6805954160000001,1,6,False
2020-12-16,La Liga,Barcelona,Real Sociedad,2.6482608960000005,1.9268283419999999,1.9268283419999999,2.6482608960000005,2,1,False
2020-12-22,La Liga,Real Valladolid,Barcelona,0.6726382205,3.557734448999999,3.557734448999999,0.6726382205,0,3,False
2020-12-05,La Liga,Cádiz,Barcelona,2.2947186695999995,1.528829837,1.528829837,2.2947186695999995,2,0,False
2021-01-06,La Liga,Athletic Club,Barcelona,0.841487605,1.4724851283,1.4724851283,0.841487605,2,3,False
2021-02-13,La Liga,Barcelona,Deportivo Alavés,2.692579604,0.609192384,0.609192384,2.692579604,5,1,False
2021-04-05,La Liga,Barcelona,Real Valladolid,1.8230445149999999,0.354709277,0.354709277,1.8230445149999999,1,0,False
2021-02-27,La Liga,Sevilla,Barcelona,0.089311511,1.92933905,1.92933905,0.089311511,0,2,False
2021-01-31,La Liga,Barcelona,Athletic Club,1.7285390559999998,0.22678602899999997,0.22678602899999997,1.7285390559999998,2,0,False
2020-11-29,La Liga,Barcelona,Osasuna,4.178242825,1.1067934193,1.1067934193,4.178242825,4,0,False
2021-02-21,La Liga,Barcelona,Cádiz,2.1455778609999996,1.0836837049999999,1.0836837049999999,2.1455778609999996,1,1,False
2021-02-24,La Liga,Barcelona,Elche,2.70108426,0.670472064,0.670472064,2.70108426,3,0,False
2021-04-25,La Liga,Villarreal,Barcelona,1.3720789489999998,3.3227739440000006,3.3227739440000006,1.3720789489999998,1,2,False
2020-11-07,La Liga,Barcelona,Real Betis,4.186569146,1.005236781,1.005236781,4.186569146,5,2,False
2018-09-15,La Liga,Real Sociedad,Barcelona,0.914412035,1.398165227,1.398165227,0.914412035,1,2,False
2018-09-26,La Liga,Leganés,Barcelona,1.070911462,0.552077237,0.552077237,1.070911462,2,1,False
2018-10-20,La Liga,Barcelona,Sevilla,2.3974202783,1.6889730939999998,1.6889730939999998,2.3974202783,4,1,False
2018-11-24,La Liga,Atlético Madrid,Barcelona,0.141969905,0.296478192,0.296478192,0.141969905,1,1,False
2018-12-08,La Liga,Espanyol,Barcelona,1.224688889,2.3132187269999998,2.3132187269999998,1.224688889,0,4,False
2019-02-23,La Liga,Sevilla,Barcelona,1.122434296,1.6004439970000002,1.6004439970000002,1.122434296,2,4,False
2018-12-22,La Liga,Barcelona,Celta Vigo,1.134397363,0.8996077410000002,0.8996077410000002,1.134397363,2,0,False
2019-01-06,La Liga,Getafe,Barcelona,1.5908359879999998,1.7478493249999998,1.7478493249999998,1.5908359879999998,1,2,False
2019-02-16,La Liga,Barcelona,Real Valladolid,3.6615278740000003,0.44353789800000004,0.44353789800000004,3.6615278740000003,1,0,False
2019-03-17,La Liga,Real Betis,Barcelona,1.007864181,2.0506601239999998,2.0506601239999998,1.007864181,1,4,False
2019-02-10,La Liga,Athletic Club,Barcelona,1.35796548,0.49470533400000005,0.49470533400000005,1.35796548,0,0,False
2019-04-20,La Liga,Barcelona,Real Sociedad,1.245622556,0.8769487859999999,0.8769487859999999,1.245622556,2,1,False
2018-08-18,La Liga,Barcelona,Deportivo Alavés,2.6599242,0.292109614,0.292109614,2.6599242,3,0,False
2019-02-02,La Liga,Barcelona,Valencia,1.6903835110000003,2.4418723389999997,2.4418723389999997,1.6903835110000003,2,2,False
2019-01-20,La Liga,Barcelona,Leganés,1.74555982,0.6695991617,0.6695991617,1.74555982,3,1,False
2019-04-06,La Liga,Barcelona,Atlético Madrid,1.9246822670000001,0.5219108577,0.5219108577,1.9246822670000001,2,0,False
2018-11-11,La Liga,Barcelona,Real Betis,4.172701368999999,2.0215838760000002,2.0215838760000002,4.172701368999999,3,4,False
2019-04-27,La Liga,Barcelona,Levante UD,1.7492327290000003,0.7343230099999999,0.7343230099999999,1.7492327290000003,1,0,False
2018-12-02,La Liga,Barcelona,Villarreal,1.083847735,0.8975263569999998,0.8975263569999998,1.083847735,2,0,False
2019-01-27,La Liga,Girona,Barcelona,1.212639442,1.906738469,1.906738469,1.212639442,0,2,False
2019-04-23,La Liga,Deportivo Alavés,Barcelona,0.41362018800000006,2.265581007,2.265581007,0.41362018800000006,0,2,False
2018-09-02,La Liga,Barcelona,Huesca,4.513569743,1.264742864,1.264742864,4.513569743,7,2,False
2019-05-19,La Liga,Eibar,Barcelona,1.4778042919999999,0.7572143847999999,0.7572143847999999,1.4778042919999999,2,2,False
2019-01-13,La Liga,Barcelona,Eibar,1.16775373,0.9653471840000001,0.9653471840000001,1.16775373,3,0,False
2019-03-09,La Liga,Barcelona,Rayo Vallecano,2.619028352,0.36264784850000004,0.36264784850000004,2.619028352,3,1,False
2018-12-16,La Liga,Levante UD,Barcelona,1.1649570939999998,2.9769174072,2.9769174072,1.1649570939999998,0,5,False
2019-05-12,La Liga,Barcelona,Getafe,2.040483553,0.9995465319999999,0.9995465319999999,2.040483553,1,0,False
2018-09-29,La Liga,Barcelona,Athletic Club,2.7532440959999995,0.48522814999999997,0.48522814999999997,2.7532440959999995,1,1,False
2018-09-23,La Liga,Barcelona,Girona,1.502485224,1.069202315,1.069202315,1.502485224,2,2,False
2019-04-02,La Liga,Villarreal,Barcelona,2.572822366,2.295202509,2.295202509,2.572822366,4,4,False
2018-10-07,La Liga,Valencia,Barcelona,1.376319467,0.3969471124999999,0.3969471124999999,1.376319467,1,1,False
2019-03-02,La Liga,Real Madrid,Barcelona,1.0888610150000002,1.2611960085000002,1.2611960085000002,1.0888610150000002,0,1,False
2018-08-25,La Liga,Real Valladolid,Barcelona,0.33820088000000004,0.758222371,0.758222371,0.33820088000000004,0,1,False
2019-03-30,La Liga,Barcelona,Espanyol,1.059880911,0.179885682,0.179885682,1.059880911,2,0,False
2020-02-22,La Liga,Barcelona,Eibar,3.9769319509999996,0.6710336225000001,0.6710336225000001,3.9769319509999996,5,0,False
2020-06-16,La Liga,Barcelona,Leganés,1.594327035,0.756958526,0.756958526,1.594327035,2,0,False
2020-06-27,La Liga,Celta Vigo,Barcelona,2.589303723,1.817078918,1.817078918,2.589303723,2,2,False
2019-12-18,La Liga,Barcelona,Real Madrid,0.7199253219999999,0.9542925625,0.9542925625,0.7199253219999999,0,0,False
2019-09-24,La Liga,Barcelona,Villarreal,0.6120868939999999,0.543885724,0.543885724,0.6120868939999999,2,1,False
2020-07-05,La Liga,Villarreal,Barcelona,0.912594162,2.567198417,2.567198417,0.912594162,1,3,False
2019-11-02,La Liga,Levante UD,Barcelona,0.8460165719999999,2.1390446429999996,2.1390446429999996,0.8460165719999999,3,1,False
2019-12-07,La Liga,Barcelona,Mallorca,3.2707426254999987,1.050319794,1.050319794,3.2707426254999987,5,2,False
2019-12-14,La Liga,Real Sociedad,Barcelona,2.787577904000001,1.91304468,1.91304468,2.787577904000001,2,2,False
2020-02-02,La Liga,Barcelona,Levante UD,2.9258208420000007,1.420192558,1.420192558,2.9258208420000007,2,1,False
2020-01-25,La Liga,Valencia,Barcelona,1.2827696740000003,1.165431627,1.165431627,1.2827696740000003,2,0,False
2020-07-16,La Liga,Barcelona,Osasuna,1.0125385055999998,0.4741186025,0.4741186025,1.0125385055999998,1,2,False
2020-07-19,La Liga,Deportivo Alavés,Barcelona,0.406357612,2.913145846,2.913145846,0.406357612,0,5,False
2020-06-23,La Liga,Barcelona,Athletic Club,1.6754328889999999,0.688305282,0.688305282,1.6754328889999999,1,0,False
2020-07-11,La Liga,Real Valladolid,Barcelona,0.7673825240000001,1.2266906060000002,1.2266906060000002,0.7673825240000001,0,1,False
2020-03-07,La Liga,Barcelona,Real Sociedad,1.9346501789999997,0.658936379,0.658936379,1.9346501789999997,1,0,False
2020-07-08,La Liga,Barcelona,Espanyol,1.155459763,0.7635460445,0.7635460445,1.155459763,1,0,False
2020-06-30,La Liga,Barcelona,Atlético Madrid,1.477656265,1.9883945812999997,1.9883945812999997,1.477656265,1,2,False
2019-11-09,La Liga,Barcelona,Celta Vigo,1.558700034,0.26777825549999995,0.26777825549999995,1.558700034,4,1,False
2019-10-29,La Liga,Barcelona,Real Valladolid,2.382540813,0.526865874,0.526865874,2.382540813,5,1,False
2020-06-13,La Liga,Mallorca,Barcelona,0.771835227,2.068523223,2.068523223,0.771835227,0,4,False
2020-01-04,La Liga,Espanyol,Barcelona,0.420332712,1.4762220425,1.4762220425,0.420332712,2,2,False
2020-06-19,La Liga,Sevilla,Barcelona,0.5237576829999999,0.5060273670000001,0.5060273670000001,0.5237576829999999,0,0,False
2020-03-01,La Liga,Real Madrid,Barcelona,0.86527403,1.069344716,1.069344716,0.86527403,2,0,False
2019-10-19,La Liga,Eibar,Barcelona,0.327932219,1.4085941777000002,1.4085941777000002,0.327932219,0,3,False
2020-02-09,La Liga,Real Betis,Barcelona,1.0949722132,1.4341765000000002,1.4341765000000002,1.0949722132,2,3,False
2019-09-21,La Liga,Granada,Barcelona,1.8489029273,0.5349524370000001,0.5349524370000001,1.8489029273,2,0,False
2019-11-23,La Liga,Leganés,Barcelona,0.35129232200000005,1.598676625,1.598676625,0.35129232200000005,1,2,False
2020-02-15,La Liga,Barcelona,Getafe,1.6572169520000002,0.748722662,0.748722662,1.6572169520000002,2,1,False
2019-12-01,La Liga,Atlético Madrid,Barcelona,1.2149636990000003,0.931063791,0.931063791,1.2149636990000003,0,1,False
2019-12-21,La Liga,Barcelona,Deportivo Alavés,1.5926148169999998,0.545430767,0.545430767,1.5926148169999998,4,1,False
2020-01-19,La Liga,Barcelona,Granada,1.5407311209999999,0.218909804,0.218909804,1.5407311209999999,1,0,False
2019-10-06,La Liga,Barcelona,Sevilla,1.4673041635,1.7253259230000002,1.7253259230000002,1.4673041635,4,0,False
2018-04-14,La Liga,Barcelona,Valencia,1.631784803,2.2189510705999997,2.2189510705999997,1.631784803,2,1,False
2018-04-29,La Liga,RC Deportivo La Coruña,Barcelona,2.2408726459999997,3.196088814,3.196088814,2.2408726459999997,2,4,False
2018-05-06,La Liga,Barcelona,Real Madrid,1.013568059,1.7654616890000001,1.7654616890000001,1.013568059,2,2,False
2018-03-18,La Liga,Barcelona,Athletic Club,1.5272114850000003,0.634935711,0.634935711,1.5272114850000003,2,0,False
2018-03-01,La Liga,Las Palmas,Barcelona,1.2387656795000002,1.0450223339999998,1.0450223339999998,1.2387656795000002,1,1,False
2018-02-17,La Liga,Eibar,Barcelona,0.6787358600000001,2.810077197,2.810077197,0.6787358600000001,0,2,False
2018-05-09,La Liga,Barcelona,Villarreal,2.9111367,1.2547959039999999,1.2547959039999999,2.9111367,5,1,False
2018-01-07,La Liga,Barcelona,Levante UD,2.366960571,0.6839044460000001,0.6839044460000001,2.366960571,3,0,False
2018-01-21,La Liga,Real Betis,Barcelona,0.348158176,2.218575591,2.218575591,0.348158176,0,5,False
2018-04-07,La Liga,Barcelona,Leganés,2.236896885,0.65573611,0.65573611,2.236896885,3,1,False
2018-02-04,La Liga,Espanyol,Barcelona,0.5659254220000001,0.827279913,0.827279913,0.5659254220000001,1,1,False
2018-03-31,La Liga,Sevilla,Barcelona,2.6078045823,2.052047065,2.052047065,2.6078045823,2,2,False
2018-02-11,La Liga,Barcelona,Getafe,0.953258331,0.39453325749999996,0.39453325749999996,0.953258331,0,0,False
2018-03-04,La Liga,Barcelona,Atlético Madrid,1.0886138696999998,0.1949915093,0.1949915093,1.0886138696999998,1,0,False
2018-02-24,La Liga,Barcelona,Girona,2.643734277,0.765066592,0.765066592,2.643734277,6,1,False
2018-01-28,La Liga,Barcelona,Deportivo Alavés,2.2385854243,0.7808859424,0.7808859424,2.2385854243,2,1,False
2018-05-20,La Liga,Barcelona,Real Sociedad,1.26810036,0.685541521,0.685541521,1.26810036,1,0,False
2018-01-14,La Liga,Real Sociedad,Barcelona,0.8557110539999999,1.156127867,1.156127867,0.8557110539999999,2,4,False
2018-04-17,La Liga,Celta Vigo,Barcelona,2.4107103049999994,2.129271155,2.129271155,2.4107103049999994,2,2,False
2020-10-31,La Liga,Deportivo Alavés,Barcelona,1.128524181,2.0911299490000004,2.0911299490000004,1.128524181,1,1,False
2021-01-09,La Liga,Granada,Barcelona,0.450979546,1.4928263960000003,1.4928263960000003,0.450979546,0,4,False
2021-05-16,La Liga,Barcelona,Celta Vigo,2.159081824,0.729653214,0.729653214,2.159081824,1,2,False
2021-02-07,La Liga,Real Betis,Barcelona,1.3950677189999998,0.9875746009999999,0.9875746009999999,1.3950677189999998,2,2,False
2021-03-06,La Liga,Osasuna,Barcelona,1.2082273140000002,1.056926099,1.056926099,1.2082273140000002,0,2,False
2021-04-10,La Liga,Real Madrid,Barcelona,1.321765321,1.494463878,1.494463878,1.321765321,2,1,False
2020-12-13,La Liga,Barcelona,Levante UD,2.0589936109999996,0.736227611,0.736227611,2.0589936109999996,1,0,False
2020-09-27,La Liga,Barcelona,Villarreal,2.6873112679999998,0.1825146875,0.1825146875,2.6873112679999998,3,0,False
2020-10-01,La Liga,Celta Vigo,Barcelona,0.46619188860000005,0.739652598,0.739652598,0.46619188860000005,0,2,False
2020-10-24,La Liga,Barcelona,Real Madrid,1.2488722015,2.9000679519999997,2.9000679519999997,1.2488722015,1,3,False
2021-01-03,La Liga,Huesca,Barcelona,0.387724143,2.5087607010000004,2.5087607010000004,0.387724143,0,1,False
2020-10-04,La Liga,Barcelona,Sevilla,1.6534482454000001,0.688010283,0.688010283,1.6534482454000001,1,1,False
2020-10-17,La Liga,Getafe,Barcelona,1.652100625,0.7843558220000001,0.7843558220000001,1.652100625,1,0,False
2020-11-21,La Liga,Atlético Madrid,Barcelona,0.5629302270000001,0.954291622,0.954291622,0.5629302270000001,1,0,False
2020-12-19,La Liga,Barcelona,Valencia,2.893558679,1.637535147,1.637535147,2.893558679,2,2,False
2021-04-29,La Liga,Barcelona,Granada,1.233171613,0.535677516,0.535677516,1.233171613,1,2,False
2021-05-08,La Liga,Barcelona,Atlético Madrid,0.864885166,0.55558012,0.55558012,0.864885166,0,0,False
2021-05-11,La Liga,Levante UD,Barcelona,1.017280621,2.813838268,2.813838268,1.017280621,3,3,False
2021-05-02,La Liga,Valencia,Barcelona,1.3016094040000001,3.0856501890000003,3.0856501890000003,1.3016094040000001,2,3,False
2021-03-15,La Liga,Barcelona,Huesca,0.95751025,2.101564256,2.101564256,0.95751025,4,1,False
2021-04-22,La Liga,Barcelona,Getafe,1.6198782499999997,1.502712756,1.502712756,1.6198782499999997,4,1,False
2021-03-21,La Liga,Real Sociedad,Barcelona,0.6805954160000001,2.7190648429999995,2.7190648429999995,0.6805954160000001,1,6,False
2020-12-16,La Liga,Barcelona,Real Sociedad,2.6482608960000005,1.9268283419999999,1.9268283419999999,2.6482608960000005,2,1,False
2020-12-22,La Liga,Real Valladolid,Barcelona,0.6726382205,3.557734448999999,3.557734448999999,0.6726382205,0,3,False
2020-12-05,La Liga,Cádiz,Barcelona,2.2947186695999995,1.528829837,1.528829837,2.2947186695999995,2,0,False
2021-01-06,La Liga,Athletic Club,Barcelona,0.841487605,1.4724851283,1.4724851283,0.841487605,2,3,False
2021-02-13,La Liga,Barcelona,Deportivo Alavés,2.692579604,0.609192384,0.609192384,2.692579604,5,1,False
2021-04-05,La Liga,Barcelona,Real Valladolid,1.8230445149999999,0.354709277,0.354709277,1.8230445149999999,1,0,False
2021-02-27,La Liga,Sevilla,Barcelona,0.089311511,1.92933905,1.92933905,0.089311511,0,2,False
2021-01-31,La Liga,Barcelona,Athletic Club,1.7285390559999998,0.22678602899999997,0.22678602899999997,1.7285390559999998,2,0,False
2020-11-29,La Liga,Barcelona,Osasuna,4.178242825,1.1067934193,1.1067934193,4.178242825,4,0,False
2021-02-21,La Liga,Barcelona,Cádiz,2.1455778609999996,1.0836837049999999,1.0836837049999999,2.1455778609999996,1,1,False
2021-02-24,La Liga,Barcelona,Elche,2.70108426,0.670472064,0.670472064,2.70108426,3,0,False
2021-04-25,La Liga,Villarreal,Barcelona,1.3720789489999998,3.3227739440000006,3.3227739440000006,1.3720789489999998,1,2,False
2020-11-07,La Liga,Barcelona,Real Betis,4.186569146,1.005236781,1.005236781,4.186569146,5,2,False
2021-08-29,Ligue 1,Stade de Reims,Paris Saint-Germain,0.5733577915,1.011614912,1.011614912,0.5733577915,0,2,False
2021-10-29,Ligue 1,Paris Saint-Germain,Lille,2.41004177,1.737455434,1.737455434,2.41004177,2,1,False
2021-12-04,Ligue 1,Lens,Paris Saint-Germain,1.0683183710000002,1.698122331,1.698122331,1.0683183710000002,1,1,False
2021-09-19,Ligue 1,Paris Saint-Germain,Lyon,2.0064093956999995,0.6762198605,0.6762198605,2.0064093956999995,2,1,False
2021-10-03,Ligue 1,Rennes,Paris Saint-Germain,0.753727109,1.3218696100000003,1.3218696100000003,0.753727109,2,0,False
2021-10-24,Ligue 1,Marseille,Paris Saint-Germain,0.941138269,1.05429817,1.05429817,0.941138269,0,0,False
2021-12-12,Ligue 1,Paris Saint-Germain,AS Monaco,1.4626369599999998,0.693591255,0.693591255,1.4626369599999998,2,0,False
2021-12-22,Ligue 1,Lorient,Paris Saint-Germain,1.2862675504999999,2.0402220155,2.0402220155,1.2862675504999999,1,1,False
2021-11-28,Ligue 1,Saint-Étienne,Paris Saint-Germain,0.5320462730000001,2.923183403,2.923183403,0.5320462730000001,1,3,False
2021-11-20,Ligue 1,Paris Saint-Germain,Nantes,1.7016504100000003,2.1603744375000002,2.1603744375000002,1.7016504100000003,2,1,False
2021-12-01,Ligue 1,Paris Saint-Germain,OGC Nice,1.7921729499999999,0.902277584,0.902277584,1.7921729499999999,0,0,False
2021-08-29,Ligue 1,Stade de Reims,Paris Saint-Germain,0.5733577915,1.011614912,1.011614912,0.5733577915,0,2,False
2021-10-29,Ligue 1,Paris Saint-Germain,Lille,2.41004177,1.737455434,1.737455434,2.41004177,2,1,False
2021-12-04,Ligue 1,Lens,Paris Saint-Germain,1.0683183710000002,1.698122331,1.698122331,1.0683183710000002,1,1,False
2021-09-19,Ligue 1,Paris Saint-Germain,Lyon,2.0064093956999995,0.6762198605,0.6762198605,2.0064093956999995,2,1,False
2021-10-03,Ligue 1,Rennes,Paris Saint-Germain,0.753727109,1.3218696100000003,1.3218696100000003,0.753727109,2,0,False
2021-10-24,Ligue 1,Marseille,Paris Saint-Germain,0.941138269,1.05429817,1.05429817,0.941138269,0,0,False
2021-12-12,Ligue 1,Paris Saint-Germain,AS Monaco,1.4626369599999998,0.693591255,0.693591255,1.4626369599999998,2,0,False
2021-12-22,Ligue 1,Lorient,Paris Saint-Germain,1.2862675504999999,2.0402220155,2.0402220155,1.2862675504999999,1,1,False
2021-11-28,Ligue 1,Saint-Étienne,Paris Saint-Germain,0.5320462730000001,2.923183403,2.923183403,0.5320462730000001,1,3,False
2021-11-20,Ligue 1,Paris Saint-Germain,Nantes,1.7016504100000003,2.1603744375000002,2.1603744375000002,1.7016504100000003,2,1,False
2021-12-01,Ligue 1,Paris Saint-Germain,OGC Nice,1.7921729499999999,0.902277584,0.902277584,1.7921729499999999,0,0,False
2021-08-29,Ligue 1,Stade de Reims,Paris Saint-Germain,0.5733577915,1.011614912,1.011614912,0.5733577915,0,2,False
2021-10-29,Ligue 1,Paris Saint-Germain,Lille,2.41004177,1.737455434,1.737455434,2.41004177,2,1,False
2021-12-04,Ligue 1,Lens,Paris Saint-Germain,1.0683183710000002,1.698122331,1.698122331,1.0683183710000002,1,1,False
2021-09-19,Ligue 1,Paris Saint-Germain,Lyon,2.0064093956999995,0.6762198605,0.6762198605,2.0064093956999995,2,1,False
2021-10-03,Ligue 1,Rennes,Paris Saint-Germain,0.753727109,1.3218696100000003,1.3218696100000003,0.753727109,2,0,False
2021-10-24,Ligue 1,Marseille,Paris Saint-Germain,0.941138269,1.05429817,1.05429817,0.941138269,0,0,False
2021-12-12,Ligue 1,Paris Saint-Germain,AS Monaco,1.4626369599999998,0.693591255,0.693591255,1.4626369599999998,2,0,False
2021-12-22,Ligue 1,Lorient,Paris Saint-Germain,1.2862675504999999,2.0402220155,2.0402220155,1.2862675504999999,1,1,False
2021-11-28,Ligue 1,Saint-Étienne,Paris Saint-Germain,0.5320462730000001,2.923183403,2.923183403,0.5320462730000001,1,3,False
2021-11-20,Ligue 1,Paris Saint-Germain,Nantes,1.7016504100000003,2.1603744375000002,2.1603744375000002,1.7016504100000003,2,1,False
2021-12-01,Ligue 1,Paris Saint-Germain,OGC Nice,1.7921729499999999,0.902277584,0.902277584,1.7921729499999999,0,0,False
2021-07-02,UEFA Euro,Switzerland,Spain,3.9577571380000003,6.9280690840000005,6.9280690840000005,3.9577571380000003,2,3,False
2021-06-21,UEFA Euro,Russia,Denmark,1.0909500479999998,2.3303648025000006,2.3303648025000006,1.0909500479999998,1,4,False
2021-06-20,UEFA Euro,Italy,Wales,1.6691235115000003,0.240742905,0.240742905,1.6691235115000003,1,0,False
2021-07-06,UEFA Euro,Italy,Spain,4.315650622,4.53613009,4.53613009,4.315650622,5,3,False
2021-06-18,UEFA Euro,Sweden,Slovakia,1.583975065,0.553247628,0.553247628,1.583975065,1,0,False
2021-06-19,UEFA Euro,Portugal,Germany,1.9357408962999998,2.1305451870000005,2.1305451870000005,1.9357408962999998,2,2,False
2021-06-23,UEFA Euro,Portugal,France,2.0424181619999997,1.5066179440000003,1.5066179440000003,2.0424181619999997,2,2,False
2021-06-16,UEFA Euro,Turkey,Wales,1.3103128030000004,2.8739559509999997,2.8739559509999997,1.3103128030000004,0,2,False
2021-06-16,UEFA Euro,Italy,Switzerland,1.705836299,0.3338159763,0.3338159763,1.705836299,3,0,False
2021-06-19,UEFA Euro,Spain,Poland,2.6148732605,0.552257631,0.552257631,2.6148732605,1,1,False
2021-06-18,UEFA Euro,Croatia,Czech Republic,0.9901717569999999,1.912632538,1.912632538,0.9901717569999999,1,1,False
2021-06-13,UEFA Euro,Austria,North Macedonia,1.441362828,0.839890515,0.839890515,1.441362828,3,1,False
2021-06-11,UEFA Euro,Turkey,Italy,0.151005756,1.590934893,1.590934893,0.151005756,0,2,False
2021-07-03,UEFA Euro,Czech Republic,Denmark,1.161677115,1.2119879150000001,1.2119879150000001,1.161677115,1,2,False
2021-07-03,UEFA Euro,Ukraine,England,0.337611863,1.215532939,1.215532939,0.337611863,0,4,False
2021-06-21,UEFA Euro,North Macedonia,Netherlands,0.7442149951999999,3.219898946,3.219898946,0.7442149951999999,0,3,False
2021-07-11,UEFA Euro,Italy,England,5.9993646045,4.343710963,4.343710963,5.9993646045,4,3,False
2021-06-29,UEFA Euro,England,Germany,1.163511151,1.058547575,1.058547575,1.163511151,2,0,False
2021-06-29,UEFA Euro,Sweden,Ukraine,0.9119222929999999,1.3442882549999997,1.3442882549999997,0.9119222929999999,1,2,False
2021-06-28,UEFA Euro,Croatia,Spain,2.7882244170000003,2.7800027210000002,2.7800027210000002,2.7882244170000003,2,5,False
2021-06-27,UEFA Euro,Belgium,Portugal,0.224335605,1.2147520605000002,1.2147520605000002,0.224335605,1,0,False
2021-06-26,UEFA Euro,Italy,Austria,1.5170689810000002,1.038545864,1.038545864,1.5170689810000002,2,1,False
2021-06-23,UEFA Euro,Germany,Hungary,2.0976953369999998,0.7371347775000001,0.7371347775000001,2.0976953369999998,2,2,False
2021-06-22,UEFA Euro,Croatia,Scotland,0.781477187,1.111449129,1.111449129,0.781477187,3,1,False
2021-06-22,UEFA Euro,Czech Republic,England,0.393042279,0.642329757,0.642329757,0.393042279,0,1,False
2021-06-21,UEFA Euro,Finland,Belgium,0.240216078,1.140447022,1.140447022,0.240216078,0,1,False
2021-06-21,UEFA Euro,Ukraine,Austria,0.4102860215,1.4935062390000002,1.4935062390000002,0.4102860215,0,1,False
2021-06-16,UEFA Euro,Finland,Russia,0.9650532399999999,1.25900864,1.25900864,0.9650532399999999,0,1,False
2021-06-20,UEFA Euro,Switzerland,Turkey,1.983954377,1.244844563,1.244844563,1.983954377,3,1,False
2021-06-19,UEFA Euro,Hungary,France,0.4734930965,1.6900278829,1.6900278829,0.4734930965,1,1,False
2021-06-18,UEFA Euro,England,Scotland,0.8539366469999999,0.735449749,0.735449749,0.8539366469999999,0,0,False
2021-06-17,UEFA Euro,Ukraine,North Macedonia,3.240517477,1.9846738297,1.9846738297,3.240517477,2,1,False
2021-06-17,UEFA Euro,Denmark,Belgium,1.6230301790000004,1.051880688,1.051880688,1.6230301790000004,1,2,False
2021-06-13,UEFA Euro,England,Croatia,0.7068558329999999,0.3400918204000001,0.3400918204000001,0.7068558329999999,1,0,False
2021-07-02,UEFA Euro,Belgium,Italy,1.8028032259999998,1.1425686830000001,1.1425686830000001,1.8028032259999998,1,2,False
2021-07-07,UEFA Euro,England,Denmark,3.050196702,0.37552856700000004,0.37552856700000004,3.050196702,1,1,False
2021-06-26,UEFA Euro,Wales,Denmark,0.598430745,2.1552928110000003,2.1552928110000003,0.598430745,0,4,False
2021-06-13,UEFA Euro,Netherlands,Ukraine,1.429754443,0.5936840239999999,0.5936840239999999,1.429754443,3,2,False
2021-06-28,UEFA Euro,France,Switzerland,6.563389612399999,5.7715444445,5.7715444445,6.563389612399999,7,8,False
2021-06-27,UEFA Euro,Netherlands,Czech Republic,0.838034224,1.273121118,1.273121118,0.838034224,0,2,False
2021-06-17,UEFA Euro,Netherlands,Austria,3.3375352969999996,0.39805391700000003,0.39805391700000003,3.3375352969999996,2,0,False
2021-06-14,UEFA Euro,Poland,Slovakia,1.3888400450000002,0.35378829000000006,0.35378829000000006,1.3888400450000002,1,1,False
2021-06-14,UEFA Euro,Spain,Sweden,1.927611594,0.815837758,0.815837758,1.927611594,0,0,False
2021-06-14,UEFA Euro,Scotland,Czech Republic,1.7326947060000002,0.8108252389999999,0.8108252389999999,1.7326947060000002,0,2,False
2021-06-15,UEFA Euro,France,Germany,0.446023905,0.825419428,0.825419428,0.446023905,0,0,False
2021-06-15,UEFA Euro,Hungary,Portugal,0.19762133170000004,2.681033704,2.681033704,0.19762133170000004,0,3,False
2021-06-12,UEFA Euro,Denmark,Finland,1.9525803770000003,0.2884817,0.2884817,1.9525803770000003,0,1,False
2021-06-23,UEFA Euro,Slovakia,Spain,0.093042789,3.2230936640000003,3.2230936640000003,0.093042789,0,3,False
2021-06-23,UEFA Euro,Sweden,Poland,1.0417911869999998,1.660805085,1.660805085,1.0417911869999998,3,2,False
2021-06-12,UEFA Euro,Belgium,Russia,1.393354907,0.257274859,0.257274859,1.393354907,3,0,False
2021-06-12,UEFA Euro,Wales,Switzerland,0.575944251,1.5598775150000002,1.5598775150000002,0.575944251,1,1,False
2021-07-02,UEFA Euro,Switzerland,Spain,3.9577571380000003,6.9280690840000005,6.9280690840000005,3.9577571380000003,2,3,False
2021-06-21,UEFA Euro,Russia,Denmark,1.0909500479999998,2.3303648025000006,2.3303648025000006,1.0909500479999998,1,4,False
2021-06-20,UEFA Euro,Italy,Wales,1.6691235115000003,0.240742905,0.240742905,1.6691235115000003,1,0,False
2021-07-06,UEFA Euro,Italy,Spain,4.315650622,4.53613009,4.53613009,4.315650622,5,3,False
2021-06-18,UEFA Euro,Sweden,Slovakia,1.583975065,0.553247628,0.553247628,1.583975065,1,0,False
2021-06-19,UEFA Euro,Portugal,Germany,1.9357408962999998,2.1305451870000005,2.1305451870000005,1.9357408962999998,2,2,False
2021-06-23,UEFA Euro,Portugal,France,2.0424181619999997,1.5066179440000003,1.5066179440000003,2.0424181619999997,2,2,False
2021-06-16,UEFA Euro,Turkey,Wales,1.3103128030000004,2.8739559509999997,2.8739559509999997,1.3103128030000004,0,2,False
2021-06-16,UEFA Euro,Italy,Switzerland,1.705836299,0.3338159763,0.3338159763,1.705836299,3,0,False
2021-06-19,UEFA Euro,Spain,Poland,2.6148732605,0.552257631,0.552257631,2.6148732605,1,1,False
2021-06-18,UEFA Euro,Croatia,Czech Republic,0.9901717569999999,1.912632538,1.912632538,0.9901717569999999,1,1,False
2021-06-13,UEFA Euro,Austria,North Macedonia,1.441362828,0.839890515,0.839890515,1.441362828,3,1,False
2021-06-11,UEFA Euro,Turkey,Italy,0.151005756,1.590934893,1.590934893,0.151005756,0,2,False
2021-07-03,UEFA Euro,Czech Republic,Denmark,1.161677115,1.2119879150000001,1.2119879150000001,1.161677115,1,2,False
2021-07-03,UEFA Euro,Ukraine,England,0.337611863,1.215532939,1.215532939,0.337611863,0,4,False
2021-06-21,UEFA Euro,North Macedonia,Netherlands,0.7442149951999999,3.219898946,3.219898946,0.7442149951999999,0,3,False
2021-07-11,UEFA Euro,Italy,England,5.9993646045,4.343710963,4.343710963,5.9993646045,4,3,False
2021-06-29,UEFA Euro,England,Germany,1.163511151,1.058547575,1.058547575,1.163511151,2,0,False
2021-06-29,UEFA Euro,Sweden,Ukraine,0.9119222929999999,1.3442882549999997,1.3442882549999997,0.9119222929999999,1,2,False
2021-06-28,UEFA Euro,Croatia,Spain,2.7882244170000003,2.7800027210000002,2.7800027210000002,2.7882244170000003,2,5,False
2021-06-27,UEFA Euro,Belgium,Portugal,0.224335605,1.2147520605000002,1.2147520605000002,0.224335605,1,0,False
2021-06-26,UEFA Euro,Italy,Austria,1.5170689810000002,1.038545864,1.038545864,1.5170689810000002,2,1,False
2021-06-23,UEFA Euro,Germany,Hungary,2.0976953369999998,0.7371347775000001,0.7371347775000001,2.0976953369999998,2,2,False
2021-06-22,UEFA Euro,Croatia,Scotland,0.781477187,1.111449129,1.111449129,0.781477187,3,1,False
2021-06-22,UEFA Euro,Czech Republic,England,0.393042279,0.642329757,0.642329757,0.393042279,0,1,False
2021-06-21,UEFA Euro,Finland,Belgium,0.240216078,1.140447022,1.140447022,0.240216078,0,1,False
2021-06-21,UEFA Euro,Ukraine,Austria,0.4102860215,1.4935062390000002,1.4935062390000002,0.4102860215,0,1,False
2021-06-16,UEFA Euro,Finland,Russia,0.9650532399999999,1.25900864,1.25900864,0.9650532399999999,0,1,False
2021-06-20,UEFA Euro,Switzerland,Turkey,1.983954377,1.244844563,1.244844563,1.983954377,3,1,False
2021-06-19,UEFA Euro,Hungary,France,0.4734930965,1.6900278829,1.6900278829,0.4734930965,1,1,False
2021-06-18,UEFA Euro,England,Scotland,0.8539366469999999,0.735449749,0.735449749,0.8539366469999999,0,0,False
2021-06-17,UEFA Euro,Ukraine,North Macedonia,3.240517477,1.9846738297,1.9846738297,3.240517477,2,1,False
2021-06-17,UEFA Euro,Denmark,Belgium,1.6230301790000004,1.051880688,1.051880688,1.6230301790000004,1,2,False
2021-06-13,UEFA Euro,England,Croatia,0.7068558329999999,0.3400918204000001,0.3400918204000001,0.7068558329999999,1,0,False
2021-07-02,UEFA Euro,Belgium,Italy,1.8028032259999998,1.1425686830000001,1.1425686830000001,1.8028032259999998,1,2,False
2021-07-07,UEFA Euro,England,Denmark,3.050196702,0.37552856700000004,0.37552856700000004,3.050196702,1,1,False
2021-06-26,UEFA Euro,Wales,Denmark,0.598430745,2.1552928110000003,2.1552928110000003,0.598430745,0,4,False
2021-06-13,UEFA Euro,Netherlands,Ukraine,1.429754443,0.5936840239999999,0.5936840239999999,1.429754443,3,2,False
2021-06-28,UEFA Euro,France,Switzerland,6.563389612399999,5.7715444445,5.7715444445,6.563389612399999,7,8,False
2021-06-27,UEFA Euro,Netherlands,Czech Republic,0.838034224,1.273121118,1.273121118,0.838034224,0,2,False
2021-06-17,UEFA Euro,Netherlands,Austria,3.3375352969999996,0.39805391700000003,0.39805391700000003,3.3375352969999996,2,0,False
2021-06-14,UEFA Euro,Poland,Slovakia,1.3888400450000002,0.35378829000000006,0.35378829000000006,1.3888400450000002,1,1,False
2021-06-14,UEFA Euro,Spain,Sweden,1.927611594,0.815837758,0.815837758,1.927611594,0,0,False
2021-06-14,UEFA Euro,Scotland,Czech Republic,1.7326947060000002,0.8108252389999999,0.8108252389999999,1.7326947060000002,0,2,False
2021-06-15,UEFA Euro,France,Germany,0.446023905,0.825419428,0.825419428,0.446023905,0,0,False
2021-06-15,UEFA Euro,Hungary,Portugal,0.19762133170000004,2.681033704,2.681033704,0.19762133170000004,0,3,False
2021-06-12,UEFA Euro,Denmark,Finland,1.9525803770000003,0.2884817,0.2884817,1.9525803770000003,0,1,False
2021-06-23,UEFA Euro,Slovakia,Spain,0.093042789,3.2230936640000003,3.2230936640000003,0.093042789,0,3,False
2021-06-23,UEFA Euro,Sweden,Poland,1.0417911869999998,1.660805085,1.660805085,1.0417911869999998,3,2,False
2021-06-12,UEFA Euro,Belgium,Russia,1.393354907,0.257274859,0.257274859,1.393354907,3,0,False
2021-06-12,UEFA Euro,Wales,Switzerland,0.575944251,1.5598775150000002,1.5598775150000002,0.575944251,1,1,False
